brand,model,model_year,milage,fuel_type,engine,transmission,ext_col,int_col,accident,clean_title,price,car_age,mileage_per_year,is_premium,has_accident,price_per_year
Ford,Utility Police Interceptor Base,2013,51000,E85 Flex Fuel,300.0HP 3.7L V6 Cylinder Engine Flex Fuel Capability,6-Speed A/T,Black,Black,At least 1 accident or damage reported,Yes,10300.0,13,3642.8571428571427,0,1,735.7142857142857
Hyundai,Palisade SEL,2021,34742,Gasoline,3.8L V6 24V GDI DOHC,8-Speed Automatic,Moonlight Cloud,Gray,At least 1 accident or damage reported,Yes,38005.0,5,5790.333333333333,0,1,6334.166666666667
Lexus,RX 350 RX 350,2022,22372,Gasoline,3.5 Liter DOHC,Automatic,Blue,Black,None reported,Unknown,54598.0,4,4474.4,1,0,10919.6
INFINITI,Q50 Hybrid Sport,2015,88900,Hybrid,354.0HP 3.5L V6 Cylinder Engine Gas/Electric Hybrid,7-Speed A/T,Black,Black,None reported,Yes,15500.0,11,7408.333333333333,0,0,1291.6666666666667
Audi,Q3 45 S line Premium Plus,2021,9835,Gasoline,2.0L I4 16V GDI DOHC Turbo,8-Speed Automatic,Glacier White Metallic,Black,None reported,Unknown,34999.0,5,1639.1666666666667,1,0,5833.166666666667
Acura,ILX 2.4L,2016,136397,Gasoline,2.4 Liter,F,Silver,Ebony.,None reported,Unknown,14798.0,10,12399.727272727272,0,0,1345.2727272727273
Audi,S3 2.0T Premium Plus,2017,84000,Gasoline,292.0HP 2.0L 4 Cylinder Engine Gasoline Fuel,6-Speed A/T,Blue,Black,None reported,Yes,31000.0,9,8400.0,1,0,3100.0
BMW,740 iL,2001,242000,Gasoline,282.0HP 4.4L 8 Cylinder Engine Gasoline Fuel,A/T,Green,Green,None reported,Yes,7300.0,25,9307.692307692309,1,0,280.7692307692308
Lexus,RC 350 F Sport,2021,23436,Gasoline,311.0HP 3.5L V6 Cylinder Engine Gasoline Fuel,6-Speed A/T,Black,Black,None reported,Yes,41927.0,5,3906.0,1,0,6987.833333333333
Tesla,Model X Long Range Plus,2020,34000,Gasoline,534.0HP Electric Motor Electric Fuel System,A/T,Black,Black,None reported,Yes,69950.0,6,4857.142857142857,1,0,9992.857142857143
Land,Rover Range Rover Sport 3.0 Supercharged HST,2021,27608,Gasoline,V6,Automatic,Fuji White,Pimento / Ebony,None reported,Unknown,73897.0,5,4601.333333333333,1,0,12316.166666666666
Aston,Martin DBS Superleggera,2019,22770,Gasoline,715.0HP 5.2L 12 Cylinder Engine Gasoline Fuel,8-Speed A/T,Silver,Black,None reported,Yes,184606.0,7,2846.25,0,0,23075.75
Toyota,Supra 3.0 Premium,2021,12500,Gasoline,382.0HP 3.0L Straight 6 Cylinder Engine Gasoline Fuel,A/T,Yellow,Black,None reported,Yes,53500.0,5,2083.3333333333335,0,0,8916.666666666666
Lincoln,Aviator Reserve AWD,2022,18196,Gasoline,400.0HP 3.0L V6 Cylinder Engine Gasoline Fuel,Transmission w/Dual Shift Mode,Black,Brown,None reported,Yes,62000.0,4,3639.2,0,0,12400.0
Jaguar,F-TYPE,2020,15903,Gasoline,2.0 Liter Supercharged,Automatic,Silver,Black,None reported,Unknown,47998.0,6,2271.8571428571427,1,0,6856.857142857143
Land,Rover LR4 HSE,2013,79800,Gasoline,375.0HP 5.0L 8 Cylinder Engine Gasoline Fuel,A/T,White,Black,None reported,Yes,29990.0,13,5700.0,1,0,2142.1428571428573
Mercedes-Benz,Metris Base,2021,1685,Gasoline,2.0L I4 16V GDI DOHC Turbo,9-Speed Automatic,Gray,White,None reported,Yes,250000.0,5,280.8333333333333,1,0,41666.666666666664
Dodge,Challenger SXT,2013,61074,Gasoline,305.0HP 3.6L V6 Cylinder Engine Gasoline Fuel,A/T,Black,Gray,None reported,Yes,16800.0,13,4362.428571428572,0,0,1200.0
Nissan,350Z Enthusiast,2003,74000,Gasoline,287.0HP 3.5L V6 Cylinder Engine Gasoline Fuel,6-Speed M/T,Purple,–,None reported,Yes,11000.0,23,3083.3333333333335,0,0,458.3333333333333
Jaguar,F-TYPE R,2018,35250,Gasoline,550.0HP 5.0L 8 Cylinder Engine Gasoline Fuel,8-Speed A/T,Green,Black,None reported,Yes,68750.0,8,3916.6666666666665,1,0,7638.888888888889
Genesis,GV70 3.5T Sport,2023,5400,Gasoline,375.0HP 3.5L V6 Cylinder Engine Gasoline Fuel,8-Speed A/T,Green,Beige,Unknown,Unknown,60000.0,3,1350.0,0,1,15000.0
Chevrolet,S-10 LS,2000,133510,E85 Flex Fuel,120.0HP 2.2L 4 Cylinder Engine Flex Fuel Capability,A/T,Blue,Black,None reported,Yes,4500.0,26,4944.814814814815,0,0,166.66666666666666
BMW,440 Gran Coupe 440i xDrive,2020,25990,Gasoline,3.0 Liter Turbo,Automatic,White,Beige,None reported,Unknown,38598.0,6,3712.8571428571427,1,0,5514.0
Ford,F-150 XLT,2023,2823,Gasoline,3.5L V6 24V PDI DOHC Twin Turbo,Automatic,Iconic Silver Metallic,Black,None reported,Yes,58504.0,3,705.75,0,0,14626.0
Chevrolet,Suburban RST,2021,52000,Gasoline,355.0HP 5.3L 8 Cylinder Engine Gasoline Fuel,10-Speed A/T,Blue,Black,None reported,Yes,61000.0,5,8666.666666666666,0,0,10166.666666666666
Hyundai,Elantra N Base,2022,11650,Gasoline,276.0HP 2.0L 4 Cylinder Engine Gasoline Fuel,Transmission w/Dual Shift Mode,Black,Black,None reported,Yes,32300.0,4,2330.0,0,0,6460.0
Nissan,Sentra SR,2016,96541,Gasoline,1.8 Liter,Automatic,Blue,Black,None reported,Unknown,13998.0,10,8776.454545454546,0,0,1272.5454545454545
Mercedes-Benz,AMG CLA 45 Base 4MATIC,2021,17500,Gasoline,382.0HP 2.0L 4 Cylinder Engine Gasoline Fuel,A/T,Gray,Black,None reported,Yes,59995.0,5,2916.6666666666665,1,0,9999.166666666666
BMW,650 Gran Coupe i xDrive,2015,69000,Gasoline,445.0HP 4.4L 8 Cylinder Engine Gasoline Fuel,8-Speed A/T,Gray,Black,None reported,Yes,25700.0,11,5750.0,1,0,2141.6666666666665
Audi,Q5 2.0T Premium Plus,2017,81880,E85 Flex Fuel,2.0L I4 16V GDI DOHC Turbo Flexible Fuel,8-Speed Automatic,Mythos Black Metallic,Black,None reported,Yes,21375.0,9,8188.0,1,0,2137.5
Mercedes-Benz,AMG C 43 Base 4MATIC,2018,28800,Gasoline,362.0HP 3.0L V6 Cylinder Engine Gasoline Fuel,9-Speed A/T,Silver,Black,None reported,Yes,48000.0,8,3200.0,1,0,5333.333333333333
Dodge,Ram 1500 Laramie Mega Cab,2006,300183,Gasoline,345.0HP 5.7L 8 Cylinder Engine Gasoline Fuel,A/T,Silver,Gray,At least 1 accident or damage reported,Yes,10900.0,20,14294.42857142857,0,1,519.047619047619
BMW,i3 120Ah w/Range Extender,2020,35035,Hybrid,120 AH,Automatic,Black,Black,None reported,Unknown,24998.0,6,5005.0,1,0,3571.1428571428573
Kia,Sorento SX,2011,171000,Gasoline,276.0HP 3.5L V6 Cylinder Engine Gasoline Fuel,A/T,Black,Black,None reported,Yes,5999.0,15,10687.5,0,0,374.9375
Lexus,LX 570 Base,2016,118700,Gasoline,383.0HP 5.7L 8 Cylinder Engine Gasoline Fuel,8-Speed A/T,Black,Beige,None reported,Yes,46900.0,10,10790.90909090909,1,0,4263.636363636364
Jeep,New Compass Trailhawk,2017,119000,Gasoline,180.0HP 2.4L 4 Cylinder Engine Gasoline Fuel,A/T,Red,Black,None reported,Yes,15900.0,9,11900.0,0,0,1590.0
BMW,340 i,2018,44261,Gasoline,3.0 Liter Turbo,Automatic,Gray,Black,None reported,Unknown,33598.0,8,4917.888888888889,1,0,3733.1111111111113
Audi,A4 2.0T Premium Plus quattro,2012,125575,Gasoline,211.0HP 2.0L 4 Cylinder Engine Gasoline Fuel,8-Speed A/T,Silver,Black,None reported,Yes,8999.0,14,8371.666666666666,1,0,599.9333333333333
Hyundai,Tucson SE,2007,16200,Gasoline,173.0HP 2.7L V6 Cylinder Engine Gasoline Fuel,A/T,Gold,Beige,None reported,Yes,8200.0,19,810.0,0,0,410.0
BMW,Z4 sDrive28i,2014,70000,Gasoline,240.0HP 2.0L 4 Cylinder Engine Gasoline Fuel,A/T,White,Beige,At least 1 accident or damage reported,Yes,20000.0,12,5384.615384615385,1,1,1538.4615384615386
Bentley,Continental GTC Base,2011,20200,E85 Flex Fuel,552.0HP 6.0L 12 Cylinder Engine Flex Fuel Capability,6-Speed A/T,Black,Black,None reported,Yes,79950.0,15,1262.5,0,0,4996.875
Honda,Passport Elite,2023,2978,Gasoline,3.5 Liter SOHC,Automatic,Lunar Silver Metallic,Gray,None reported,Unknown,45498.0,3,744.5,0,0,11374.5
Dodge,Sprinter 2500,2007,189719,Diesel,3.0L V6 Cylinder Engine Diesel Fuel,5-Speed A/T,White,Gray,At least 1 accident or damage reported,Yes,14000.0,19,9485.95,0,1,700.0
BMW,M850 i xDrive,2019,9949,Gasoline,4.4 Liter DOHC Twin Turbo,Automatic,Blue,Black,None reported,Unknown,75798.0,7,1243.625,1,0,9474.75
Lucid,Air Grand Touring,2022,3552,Gasoline,536.0HP Electric Motor Electric Fuel System,1-Speed A/T,Red,Beige,None reported,Yes,119999.0,4,710.4,0,0,23999.8
Audi,A7 Premium,2012,54000,Gasoline,310.0HP 3.0L V6 Cylinder Engine Gasoline Fuel,8-Speed A/T,Black,Brown,At least 1 accident or damage reported,Yes,36880.0,14,3600.0,1,1,2458.6666666666665
Chevrolet,Silverado 1500 Custom Trail Boss,2021,51351,Gasoline,5.3L V8 16V GDI OHV,Automatic,Black,Jet Black,None reported,Yes,43147.0,5,8558.5,0,0,7191.166666666667
MINI,Convertible John Cooper Works,2017,24280,Gasoline,228.0HP 2.0L 4 Cylinder Engine Gasoline Fuel,6-Speed A/T,Black,Black,At least 1 accident or damage reported,Yes,29000.0,9,2428.0,0,1,2900.0
Toyota,Avalon Touring,2016,89148,Gasoline,268.0HP 3.5L V6 Cylinder Engine Gasoline Fuel,A/T,Black,Black,None reported,Yes,17500.0,10,8104.363636363636,0,0,1590.909090909091
Porsche,Cayenne Platinum Edition,2017,73043,Gasoline,300.0HP 3.6L V6 Cylinder Engine Gasoline Fuel,8-Speed A/T,White,Black,None reported,Yes,30990.0,9,7304.3,1,0,3099.0
Mercedes-Benz,AMG C 63 S,2017,60000,Gasoline,503.0HP 4.0L 8 Cylinder Engine Gasoline Fuel,Transmission w/Dual Shift Mode,Gray,Black,At least 1 accident or damage reported,Yes,52500.0,9,6000.0,1,1,5250.0
Honda,CR-V EX-L,2016,73549,Gasoline,2.4L I4 16V GDI DOHC,Automatic CVT,Mountain Air Metallic,Black,At least 1 accident or damage reported,Unknown,20848.0,10,6686.272727272727,0,1,1895.2727272727273
Hummer,H2 Base,2005,110900,Gasoline,325.0HP 6.0L 8 Cylinder Engine Gasoline Fuel,A/T,Gray,Black,None reported,Yes,19500.0,21,5040.909090909091,0,0,886.3636363636364
Porsche,911 Carrera S,2013,39000,Gasoline,400.0HP 3.8L Flat 6 Cylinder Engine Gasoline Fuel,7-Speed A/T,Blue,Black,None reported,Yes,73000.0,13,2785.714285714286,1,0,5214.285714285715
Mercedes-Benz,CLA-Class CLA 250,2016,120000,Gasoline,208.0HP 2.0L 4 Cylinder Engine Gasoline Fuel,Transmission w/Dual Shift Mode,Black,Black,None reported,Yes,19800.0,10,10909.09090909091,1,0,1800.0
Chrysler,300 Touring,2009,134602,Gasoline,250.0HP 3.5L V6 Cylinder Engine Gasoline Fuel,Transmission w/Dual Shift Mode,Blue,Black,None reported,Yes,7500.0,17,7477.888888888889,0,0,416.6666666666667
Nissan,Rogue SV,2023,1094,Gasoline,1.5L I3 12V GDI DOHC Turbo,Automatic CVT,Caspian Blue,Light Gray,None reported,Unknown,30999.0,3,273.5,0,0,7749.75
Audi,A3 2.0T,2010,83500,Gasoline,200.0HP 2.0L 4 Cylinder Engine Gasoline Fuel,Transmission w/Dual Shift Mode,Silver,Black,None reported,Yes,6500.0,16,4911.764705882353,1,0,382.3529411764706
Ford,Mustang GT Premium,2014,37060,Gasoline,420.0HP 5.0L 8 Cylinder Engine Gasoline Fuel,6-Speed M/T,Black,Black,None reported,Yes,28500.0,12,2850.769230769231,0,0,2192.3076923076924
Acura,RL Technology,2010,97700,Gasoline,300.0HP 3.7L V6 Cylinder Engine Gasoline Fuel,Transmission w/Dual Shift Mode,Blue,Beige,None reported,Yes,10995.0,16,5747.058823529412,0,0,646.7647058823529
Volvo,XC90 Hybrid T8 R-Design,2018,40000,Plug-In Hybrid,400.0HP 2.0L 4 Cylinder Engine Plug-In Electric/Gas,Transmission w/Dual Shift Mode,Black,Black,None reported,Yes,42000.0,8,4444.444444444444,0,0,4666.666666666667
Audi,R8 5.2 V10,2018,8940,Gasoline,5.2L V10 40V PDI DOHC,7-Speed Automatic with Auto-Shift,Tango Red Metallic,Black,None reported,Unknown,144900.0,8,993.3333333333334,1,0,16100.0
Mercedes-Benz,GLK-Class GLK 350,2014,186000,Gasoline,302.0HP 3.5L V6 Cylinder Engine Gasoline Fuel,A/T,Black,Beige,At least 1 accident or damage reported,Yes,10000.0,12,14307.692307692309,1,1,769.2307692307693
Toyota,C-HR LE,2021,13180,Gasoline,2.0 Liter,CVT-F,–,–,None reported,Unknown,23998.0,5,2196.6666666666665,0,0,3999.6666666666665
Lexus,IS 350 Base,2014,104000,Gasoline,306.0HP 3.5L V6 Cylinder Engine Gasoline Fuel,8-Speed A/T,Black,Black,None reported,Yes,21000.0,12,8000.0,1,0,1615.3846153846155
BMW,X4 M40i,2023,8500,Hybrid,382.0HP 3.0L Straight 6 Cylinder Engine Gasoline/Mild Electric Hybrid,Transmission w/Dual Shift Mode,Gray,Beige,None reported,Yes,67900.0,3,2125.0,1,0,16975.0
BMW,M4 CS,2019,19069,Gasoline,3.0 Liter DOHC Turbo,Automatic,Alpine White,Anthracite,None reported,Unknown,69998.0,7,2383.625,1,0,8749.75
Cadillac,CT5 Premium Luxury,2023,6090,Gasoline,237.0HP 2.0L 4 Cylinder Engine Gasoline Fuel,A/T,White,Beige,None reported,Yes,46900.0,3,1522.5,0,0,11725.0
Lucid,Air Grand Touring,2022,4900,Gasoline,536.0HP Electric Motor Electric Fuel System,1-Speed A/T,Red,Black,None reported,Yes,99000.0,4,980.0,0,0,19800.0
Audi,A5 2.0T Premium Plus,2019,47523,Gasoline,248.0HP 2.0L 4 Cylinder Engine Gasoline Fuel,Transmission w/Dual Shift Mode,Black,Black,None reported,Yes,31000.0,7,5940.375,1,0,3875.0
Chrysler,300C SRT8,2006,43000,Gasoline,425.0HP 6.1L 8 Cylinder Engine Gasoline Fuel,5-Speed A/T,Silver,Black,At least 1 accident or damage reported,Yes,19995.0,20,2047.6190476190477,0,1,952.1428571428571
Bentley,Continental GT W12,2017,14684,Gasoline,582.0HP 6.0L 12 Cylinder Engine Gasoline Fuel,8-Speed A/T,White,White,None reported,Yes,130000.0,9,1468.4,0,0,13000.0
BMW,M4 Base,2019,57800,Gasoline,425.0HP 3.0L Straight 6 Cylinder Engine Gasoline Fuel,Transmission w/Dual Shift Mode,Black,Red,None reported,Yes,55999.0,7,7225.0,1,0,6999.875
Toyota,GR Corolla Circuit Edition,2023,952,Gasoline,300.0HP 1.6L 3 Cylinder Engine Gasoline Fuel,6-Speed M/T,Silver,Gray,None reported,Yes,49950.0,3,238.0,0,0,12487.5
Audi,RS 5 2.9T,2019,21240,Gasoline,444.0HP 2.9L V6 Cylinder Engine Gasoline Fuel,8-Speed A/T,Black,Black,At least 1 accident or damage reported,Yes,59950.0,7,2655.0,1,1,7493.75
Porsche,Cayenne Base,2019,59338,Gasoline,335.0HP 3.0L V6 Cylinder Engine Gasoline Fuel,Transmission w/Dual Shift Mode,Black,Black,None reported,Yes,42499.0,7,7417.25,1,0,5312.375
Lamborghini,Huracan Tecnica Coupe,2023,255,Gasoline,"5.2L V-10 gasoline direct injection, DOHC, variable valve contro",Automatic,BLU ELEOS,Nero Ade,None reported,Unknown,359991.0,3,63.75,0,0,89997.75
Maserati,Quattroporte S,2019,23230,Gasoline,424.0HP 3.0L V6 Cylinder Engine Gasoline Fuel,8-Speed A/T,Black,Black,None reported,Yes,44999.0,7,2903.75,0,0,5624.875
Jaguar,XF 35t R-Sport,2017,48000,Gasoline,340.0HP 3.0L V6 Cylinder Engine Gasoline Fuel,A/T,Red,Black,At least 1 accident or damage reported,Yes,30000.0,9,4800.0,1,1,3000.0
Lexus,ES 330 Base,2005,41059,Gasoline,225.0HP 3.3L V6 Cylinder Engine Gasoline Fuel,5-Speed A/T,White,Beige,None reported,Yes,11100.0,21,1866.3181818181818,1,0,504.54545454545456
Land,Rover Discovery Sport SE R-Dynamic,2020,21240,Gasoline,2.0 Liter,Automatic,White,Black,None reported,Unknown,37998.0,6,3034.285714285714,1,0,5428.285714285715
Porsche,Cayman GTS,2015,11500,Gasoline,340.0HP 3.4L Flat 6 Cylinder Engine Gasoline Fuel,7-Speed A/T,Silver,–,None reported,Yes,72000.0,11,958.3333333333334,1,0,6000.0
Genesis,G90 3.3T Premium,2021,9950,Gasoline,365.0HP 3.3L V6 Cylinder Engine Gasoline Fuel,8-Speed A/T,Silver,Blue,None reported,Yes,53950.0,5,1658.3333333333333,0,0,8991.666666666666
Volkswagen,Golf R 20th Anniversary Edition,2023,633,Gasoline,315.0HP 2.0L 4 Cylinder Engine Gasoline Fuel,6-Speed M/T,White,Black,None reported,Yes,47999.0,3,158.25,0,0,11999.75
Hyundai,Sonata Hybrid Limited,2015,66000,Hybrid,199.0HP 2.4L 4 Cylinder Engine Gas/Electric Hybrid,A/T,White,Gray,At least 1 accident or damage reported,Yes,15900.0,11,5500.0,0,1,1325.0
Audi,RS 7 4.0T Prestige,2014,59715,Gasoline,560.0HP 4.0L 8 Cylinder Engine Gasoline Fuel,A/T,Gray,Black,At least 1 accident or damage reported,Yes,45000.0,12,4593.461538461538,1,1,3461.5384615384614
BMW,740 Li,2012,85252,Gasoline,326.0HP 3.0L Straight 6 Cylinder Engine Gasoline Fuel,6-Speed A/T,Black,Black,None reported,Yes,18500.0,14,5683.466666666666,1,0,1233.3333333333333
Mercedes-Benz,GLS 450 Base 4MATIC,2020,17900,Hybrid,362.0HP 3.0L Straight 6 Cylinder Engine Gasoline/Mild Electric Hybrid,9-Speed A/T,Black,Black,At least 1 accident or damage reported,Yes,80000.0,6,2557.1428571428573,1,1,11428.57142857143
BMW,M6 Base,2016,25500,Gasoline,560.0HP 4.4L 8 Cylinder Engine Gasoline Fuel,7-Speed A/T,White,Black,None reported,Yes,55000.0,10,2318.181818181818,1,0,5000.0
Subaru,Forester 2.5 X,2004,210703,Gasoline,165.0HP 2.5L 4 Cylinder Engine Gasoline Fuel,M/T,Green,Beige,Unknown,Unknown,2300.0,22,9161.0,0,1,100.0
Hyundai,Elantra N Base,2023,3800,Gasoline,276.0HP 2.0L 4 Cylinder Engine Gasoline Fuel,6-Speed M/T,White,Black,None reported,Yes,34000.0,3,950.0,0,0,8500.0
Kia,Niro Plug-In Hybrid EX Premium,2022,36602,Hybrid,1.6L I4 16V GDI DOHC Hybrid,6-Speed Automatic with Auto-Shift,Horizon Blue,Charcoal,None reported,Yes,31995.0,4,7320.4,0,0,6399.0
Rivian,R1S Adventure Package,2023,2800,Gasoline,835.0HP Electric Motor Electric Fuel System,1-Speed A/T,White,Green,None reported,Yes,92000.0,3,700.0,0,0,23000.0
Aston,Martin DBS Superleggera,2021,2165,Gasoline,5.2L V12 48V GDI DOHC Twin Turbo,8-Speed Automatic,Black,Black,None reported,Yes,279950.0,5,360.8333333333333,0,0,46658.333333333336
Mercedes-Benz,SLC 300 Base,2018,33000,Gasoline,241.0HP 2.0L 4 Cylinder Engine Gasoline Fuel,9-Speed A/T,Red,Black,At least 1 accident or damage reported,Yes,29900.0,8,3666.6666666666665,1,1,3322.222222222222
BMW,435 Gran Coupe i,2016,76009,Gasoline,300.0HP 3.0L Straight 6 Cylinder Engine Gasoline Fuel,8-Speed A/T,White,Beige,None reported,Yes,24950.0,10,6909.909090909091,1,0,2268.181818181818
Jeep,Grand Cherokee Summit,2020,31349,Gasoline,5.7L V8 16V MPFI OHV,8-Speed Automatic,Granite Crystal Clearcoat Metallic,Black,None reported,Unknown,39366.0,6,4478.428571428572,0,0,5623.714285714285
Lexus,RC 350 Base,2015,48000,Gasoline,306.0HP 3.5L V6 Cylinder Engine Gasoline Fuel,Transmission w/Dual Shift Mode,Orange,Red,None reported,Yes,32900.0,11,4000.0,1,0,2741.6666666666665
BMW,525 i,2005,91420,Gasoline,215.0HP 2.5L Straight 6 Cylinder Engine Gasoline Fuel,6-Speed A/T,Black,Black,None reported,Yes,8900.0,21,4155.454545454545,1,0,404.54545454545456
Toyota,Corolla LE,2003,124756,Gasoline,130.0HP 1.8L 4 Cylinder Engine Gasoline Fuel,M/T,Beige,Beige,At least 1 accident or damage reported,Yes,4995.0,23,5198.166666666667,0,1,208.125
Cadillac,CT5-V Blackwing,2023,2415,Gasoline,6.2L V8 16V GDI OHV Supercharged,10-Speed Automatic,Rift Metallic,Gray,None reported,Unknown,104900.0,3,603.75,0,0,26225.0
GMC,Acadia SLT-1,2012,116226,Gasoline,288.0HP 3.6L V6 Cylinder Engine Gasoline Fuel,6-Speed A/T,Black,Black,None reported,Yes,7900.0,14,7748.4,0,0,526.6666666666666
Lexus,LC 500 Base,2020,37869,Gasoline,5.0L V8 32V PDI DOHC,10-Speed Automatic,Atomic Silver,Rioja Red,None reported,Unknown,75950.0,6,5409.857142857143,1,0,10850.0
BMW,i8 Base,2019,41500,Plug-In Hybrid,369.0HP 1.5L 3 Cylinder Engine Plug-In Electric/Gas,Transmission w/Dual Shift Mode,White,Black,None reported,Yes,86000.0,7,5187.5,1,0,10750.0
Lexus,ES 300h Base,2013,87001,Hybrid,200.0HP 2.5L 4 Cylinder Engine Gas/Electric Hybrid,CVT Transmission,Gold,Beige,None reported,Yes,17995.0,13,6214.357142857143,1,0,1285.357142857143
Cadillac,CT5-V V-Series,2022,4451,Gasoline,3.0L V6 24V GDI DOHC Twin Turbo,Automatic,Summit White,Jet Black,At least 1 accident or damage reported,Yes,55655.0,4,890.2,0,1,11131.0
BMW,540 i xDrive,2020,27158,Gasoline,2.0 Liter Turbo,Automatic,Imperial Blue Metallic,Canberra Beige/Black,None reported,Unknown,39998.0,6,3879.714285714286,1,0,5714.0
Chevrolet,Express 1500 Work Van,2014,139804,Gasoline,195.0HP 4.3L V6 Cylinder Engine Gasoline Fuel,A/T,White,Gray,At least 1 accident or damage reported,Yes,14500.0,12,10754.153846153846,0,1,1115.3846153846155
Jeep,Gladiator Rubicon,2022,27300,Gasoline,285.0HP 3.6L V6 Cylinder Engine Gasoline Fuel,A/T,Green,Black,None reported,Yes,47500.0,4,5460.0,0,0,9500.0
BMW,Z4 sDrive28i,2014,36812,Gasoline,240.0HP 2.0L 4 Cylinder Engine Gasoline Fuel,Transmission w/Dual Shift Mode,White,Beige,None reported,Yes,27000.0,12,2831.6923076923076,1,0,2076.923076923077
Land,Rover LR4 HSE LUX Landmark Edition,2016,144000,Gasoline,340.0HP 3.0L V6 Cylinder Engine Gasoline Fuel,8-Speed A/T,Black,Black,At least 1 accident or damage reported,Yes,18000.0,10,13090.90909090909,1,1,1636.3636363636363
Cadillac,XT4 Sport,2019,44500,Gasoline,237.0HP 2.0L 4 Cylinder Engine Gasoline Fuel,9-Speed A/T,Blue,White,None reported,Yes,28900.0,7,5562.5,0,0,3612.5
BMW,750 750i xDrive,2021,10917,Gasoline,4.4 Liter Twin Turbo,Automatic,Black,Black,None reported,Unknown,73998.0,5,1819.5,1,0,12333.0
Bentley,Arnage R,2005,8332,Gasoline,400.0HP 6.75L 8 Cylinder Engine Gasoline Fuel,4-Speed A/T,White,Beige,None reported,Yes,47350.0,21,378.72727272727275,0,0,2152.2727272727275
Lincoln,Aviator Reserve AWD,2020,51247,Gasoline,3.0 Liter GTDI,Automatic,Magnetic Gray Clearcoat,Roast,None reported,Unknown,47698.0,6,7321.0,0,0,6814.0
Mercedes-Benz,AMG GL AMG GL 63 4MATIC,2016,69000,Gasoline,550.0HP 5.5L 8 Cylinder Engine Gasoline Fuel,Transmission w/Dual Shift Mode,Black,Brown,None reported,Yes,36500.0,10,6272.727272727273,1,0,3318.181818181818
RAM,ProMaster 3500 High Roof,2021,147834,Gasoline,3.6L V6 24V MPFI DOHC,6-Speed Automatic,Bright White Clearcoat,Black,None reported,Yes,32662.0,5,24639.0,0,0,5443.666666666667
Ford,Utility Police Interceptor Base,2013,105000,E85 Flex Fuel,300.0HP 3.7L V6 Cylinder Engine Flex Fuel Capability,A/T,White,Black,At least 1 accident or damage reported,Yes,6600.0,13,7500.0,0,1,471.42857142857144
Audi,A5 2.0T Premium,2011,92203,Gasoline,211.0HP 2.0L 4 Cylinder Engine Gasoline Fuel,Transmission w/Dual Shift Mode,Red,Beige,None reported,Yes,9995.0,15,5762.6875,1,0,624.6875
Nissan,GT-R Premium,2010,15600,Gasoline,485.0HP 3.8L V6 Cylinder Engine Gasoline Fuel,Transmission w/Dual Shift Mode,White,Black,None reported,Yes,69500.0,16,917.6470588235294,0,0,4088.235294117647
Land,Rover Range Rover Sport 3.0L Supercharged HSE,2018,104700,Gasoline,V6,Automatic,Fuji White,Ivory / Ebony,At least 1 accident or damage reported,Unknown,30775.0,8,11633.333333333334,1,1,3419.4444444444443
Toyota,Corolla LE,2010,72348,Gasoline,132.0HP 1.8L 4 Cylinder Engine Gasoline Fuel,A/T,Red,Gray,At least 1 accident or damage reported,Yes,9995.0,16,4255.764705882353,0,1,587.9411764705883
Rivian,R1S Adventure Package,2023,2500,Gasoline,835.0HP Electric Motor Electric Fuel System,A/T,Green,White,None reported,Yes,94000.0,3,625.0,0,0,23500.0
Mercedes-Benz,C-Class C300 4MATIC,2022,13177,Gasoline,2.0 Liter Turbo,Automatic,White,Silk Beige/Black,None reported,Unknown,44798.0,4,2635.4,1,0,8959.6
Porsche,Cayenne E-Hybrid S,2016,96000,Plug-In Hybrid,416.0HP 3.0L V6 Cylinder Engine Plug-In Electric/Gas,Transmission w/Dual Shift Mode,White,Red,At least 1 accident or damage reported,Yes,23000.0,10,8727.272727272728,1,1,2090.909090909091
Chevrolet,Express 1500 Work Van,2011,93009,E85 Flex Fuel,5.3L V8 16V MPFI OHV Flexible Fuel,4-Speed Automatic,Summit White,Medium Pewter,None reported,Yes,22495.0,15,5813.0625,0,0,1405.9375
INFINITI,Q70h Base,2016,52750,Hybrid,360.0HP 3.5L V6 Cylinder Engine Gas/Electric Hybrid,7-Speed A/T,White,Black,At least 1 accident or damage reported,Yes,28998.0,10,4795.454545454545,0,1,2636.181818181818
Audi,A7 Premium Plus,2020,25361,Hybrid,3.0 Liter Turbo,Automatic,Typhoon Gray,Black,None reported,Unknown,49998.0,6,3623.0,1,0,7142.571428571428
Audi,Q7 3.0T Premium Plus,2015,98527,Gasoline,280.0HP 3.0L V6 Cylinder Engine Gasoline Fuel,8-Speed A/T,Black,Black,Unknown,Unknown,9995.0,11,8210.583333333334,1,1,832.9166666666666
Lucid,Air Pure,2023,1300,Gasoline,620.0HP Electric Motor Electric Fuel System,A/T,Black,Gray,Unknown,Unknown,86900.0,3,325.0,0,1,21725.0
Chrysler,Pacifica Touring,2017,87305,–,–,9-Speed A/T,Silver,Black,None reported,Yes,9000.0,9,8730.5,0,0,900.0
Audi,TTS 2.0T Premium Plus,2012,72922,Gasoline,265.0HP 2.0L 4 Cylinder Engine Gasoline Fuel,6-Speed A/T,White,Black,Unknown,Unknown,25999.0,14,4861.466666666666,1,1,1733.2666666666667
BMW,650 Gran Coupe i xDrive,2015,41000,Gasoline,445.0HP 4.4L 8 Cylinder Engine Gasoline Fuel,8-Speed A/T,Black,Black,None reported,Yes,30000.0,11,3416.6666666666665,1,0,2500.0
Subaru,Forester Premium,2021,42125,Gasoline,2.5L H4 16V GDI DOHC,Automatic CVT,Crystal Black Silica,Black,None reported,Yes,27899.0,5,7020.833333333333,0,0,4649.833333333333
Mercedes-Benz,AMG C AMG C 63,2016,62000,Gasoline,469.0HP 4.0L 8 Cylinder Engine Gasoline Fuel,Transmission w/Dual Shift Mode,Black,Black,None reported,Yes,40000.0,10,5636.363636363636,1,0,3636.3636363636365
Land,Rover LR3 HSE,2006,153843,Gasoline,300.0HP 4.4L 8 Cylinder Engine Gasoline Fuel,6-Speed A/T,Red,Beige,At least 1 accident or damage reported,Yes,9950.0,20,7325.857142857143,1,1,473.8095238095238
BMW,X7 xDrive40i,2019,35248,Gasoline,3.0 Liter Twin Turbo,Automatic,Arctic Gray Metallic,Black,None reported,Unknown,53998.0,7,4406.0,1,0,6749.75
Ford,Transit Connect XLT,2015,194454,Gasoline,169.0HP 2.5L 4 Cylinder Engine Gasoline Fuel,6-Speed A/T,White,Black,None reported,Yes,9888.0,11,16204.5,0,0,824.0
Lexus,LX 570 Three-Row,2021,21000,Gasoline,383.0HP 5.7L 8 Cylinder Engine Gasoline Fuel,Transmission w/Dual Shift Mode,White,Black,None reported,Yes,89999.0,5,3500.0,1,0,14999.833333333334
Porsche,911 Carrera S,2013,18494,Gasoline,400.0HP 3.8L Flat 6 Cylinder Engine Gasoline Fuel,7-Speed M/T,Black,Black,Unknown,Unknown,86900.0,13,1321.0,1,1,6207.142857142857
Dodge,Ram 2500 Laramie Quad Cab,2006,218000,Gasoline,330.0HP 5.7L 8 Cylinder Engine Gasoline Fuel,4-Speed A/T,Red,Gray,None reported,Yes,12990.0,20,10380.952380952382,0,0,618.5714285714286
Nissan,Armada SL,2021,67800,Gasoline,400.0HP 5.6L 8 Cylinder Engine Gasoline Fuel,7-Speed A/T,Silver,Black,At least 1 accident or damage reported,Yes,36500.0,5,11300.0,0,1,6083.333333333333
Porsche,Cayman Base,2014,79000,Gasoline,275.0HP 2.7L Flat 6 Cylinder Engine Gasoline Fuel,Transmission w/Dual Shift Mode,Red,Black,At least 1 accident or damage reported,Yes,42999.0,12,6076.923076923077,1,1,3307.6153846153848
Mercedes-Benz,GLE 450 GLE 450,2022,24906,Hybrid,3.0 Liter Turbo,Automatic,Selenite Grey Metallic,Black,None reported,Unknown,63998.0,4,4981.2,1,0,12799.6
Chevrolet,Monte Carlo SS,2006,66840,Gasoline,303.0HP 5.3L 8 Cylinder Engine Gasoline Fuel,A/T,White,Gray,At least 1 accident or damage reported,Yes,12000.0,20,3182.8571428571427,0,1,571.4285714285714
BMW,M5 Base,2013,86000,Gasoline,560.0HP 4.4L 8 Cylinder Engine Gasoline Fuel,Transmission w/Dual Shift Mode,Blue,White,None reported,Yes,32000.0,13,6142.857142857143,1,0,2285.714285714286
Hyundai,Kona N Base,2023,654,Gasoline,2.0L I4 16V GDI DOHC Turbo,8-Speed Automatic with Auto-Shift,Ultra Black,Black,None reported,Yes,34599.0,3,163.5,0,0,8649.75
Chevrolet,Monte Carlo SS,2005,75000,Gasoline,240.0HP 3.8L V6 Cylinder Engine Gasoline Fuel,A/T,Black,Black,None reported,Yes,12500.0,21,3409.090909090909,0,0,568.1818181818181
Land,Rover Range Rover Evoque Pure,2015,84000,Gasoline,240.0HP 2.0L 4 Cylinder Engine Gasoline Fuel,9-Speed A/T,Beige,Black,At least 1 accident or damage reported,Yes,22800.0,11,7000.0,1,1,1900.0
Audi,S7 4.0T Premium Plus,2017,52500,Gasoline,450.0HP 4.0L 8 Cylinder Engine Gasoline Fuel,Transmission w/Dual Shift Mode,Gray,Gray,None reported,Yes,39999.0,9,5250.0,1,0,3999.9
GMC,Acadia SLT-1,2011,120000,Gasoline,288.0HP 3.6L V6 Cylinder Engine Gasoline Fuel,6-Speed A/T,Silver,Gray,None reported,Yes,7500.0,15,7500.0,0,0,468.75
Alfa,Romeo Stelvio Ti Sport,2020,18665,Gasoline,2.0L I4 16V GDI SOHC Turbo,8-Speed Automatic,Lunare White Metallic,Ice,None reported,Yes,35645.0,6,2666.4285714285716,0,0,5092.142857142857
Ferrari,FF Base,2016,19987,Gasoline,651.0HP 6.3L 12 Cylinder Engine Gasoline Fuel,7-Speed A/T,Black,Brown,None reported,Yes,149900.0,10,1817.0,0,0,13627.272727272728
Kia,K900 5.0L,2017,36486,Gasoline,420.0HP 5.0L 8 Cylinder Engine Gasoline Fuel,8-Speed A/T,Black,Beige,At least 1 accident or damage reported,Yes,23950.0,9,3648.6,0,1,2395.0
Ford,E150 XLT,2013,162100,E85 Flex Fuel,255.0HP 5.4L 8 Cylinder Engine Flex Fuel Capability,4-Speed A/T,Black,Gray,None reported,Yes,12500.0,13,11578.57142857143,0,0,892.8571428571429
Tesla,Model 3 Performance,2022,13079,Gasoline,455.0HP Electric Motor Electric Fuel System,A/T,Black,White,None reported,Yes,47000.0,4,2615.8,1,0,9400.0
Toyota,4Runner SR5,2022,28377,Gasoline,4.0L V6 24V MPFI DOHC,5-Speed Automatic,Silver,Gray,None reported,Unknown,36999.0,4,5675.4,0,0,7399.8
Subaru,Forester Base,2020,32744,Gasoline,182.0HP 2.5L 4 Cylinder Engine Gasoline Fuel,CVT Transmission,Black,Gray,None reported,Yes,24000.0,6,4677.714285714285,0,0,3428.5714285714284
Porsche,Panamera 2,2012,54000,Gasoline,300.0HP 3.6L V6 Cylinder Engine Gasoline Fuel,A/T,White,–,At least 1 accident or damage reported,Yes,26000.0,14,3600.0,1,1,1733.3333333333333
Toyota,Tacoma PreRunner,2008,202055,Gasoline,236.0HP 4.0L V6 Cylinder Engine Gasoline Fuel,A/T,Silver,Gray,At least 1 accident or damage reported,Yes,8500.0,18,10634.473684210527,0,1,447.36842105263156
RAM,2500 Laramie,2019,65000,Diesel,370.0HP 6.7L Straight 6 Cylinder Engine Diesel Fuel,6-Speed A/T,Black,Black,None reported,Yes,65000.0,7,8125.0,0,0,8125.0
Kia,Sportage Nightfall,2022,9686,Gasoline,2.4L I4 16V GDI DOHC,6-Speed Automatic,Hyper Red,Black,None reported,Yes,30990.0,4,1937.2,0,0,6198.0
Cadillac,DTS Base,2010,49620,Gasoline,275.0HP 4.6L 8 Cylinder Engine Gasoline Fuel,A/T,White,Gray,None reported,Yes,10499.0,16,2918.823529411765,0,0,617.5882352941177
Toyota,Land Cruiser Base,1997,213000,Gasoline,212.0HP 4.5L Straight 6 Cylinder Engine Gasoline Fuel,4-Speed A/T,White,Beige,None reported,Yes,26500.0,29,7100.0,0,0,883.3333333333334
Nissan,GT-R Premium,2020,16010,Gasoline,565.0HP 3.8L V6 Cylinder Engine Gasoline Fuel,A/T,White,Black,None reported,Yes,114000.0,6,2287.1428571428573,0,0,16285.714285714286
Lexus,NX 350 F SPORT Handling,2023,820,Gasoline,2.4 Liter,8-SPEED AT,Black,Black,None reported,Unknown,51998.0,3,205.0,1,0,12999.5
Audi,Q7 45 Premium Plus,2021,68000,Gasoline,248.0HP 2.0L 4 Cylinder Engine Gasoline Fuel,8-Speed A/T,Blue,Black,None reported,Yes,36499.0,5,11333.333333333334,1,0,6083.166666666667
Lexus,LX 470 Base,1999,82000,Gasoline,230.0HP 4.7L 8 Cylinder Engine Gasoline Fuel,A/T,White,Beige,None reported,Yes,25000.0,27,2928.5714285714284,1,0,892.8571428571429
GMC,Terrain SLE,2022,27352,Gasoline,1.5L I4 16V GDI DOHC Turbo,9-Speed Automatic,Summit White,Jet Black,None reported,Unknown,27785.0,4,5470.4,0,0,5557.0
Ford,Escape Limited,2012,129000,Gasoline,171.0HP 2.5L 4 Cylinder Engine Gasoline Fuel,A/T,White,Gray,At least 1 accident or damage reported,Yes,7000.0,14,8600.0,0,1,466.6666666666667
Lexus,LS 460 L,2014,106731,Gasoline,360.0HP 4.6L 8 Cylinder Engine Gasoline Fuel,8-Speed A/T,White,Beige,At least 1 accident or damage reported,Yes,30000.0,12,8210.076923076924,1,1,2307.6923076923076
Ford,Expedition Platinum,2019,34672,Gasoline,400.0HP 3.5L V6 Cylinder Engine Gasoline Fuel,10-Speed A/T,White,White,None reported,Yes,45500.0,7,4334.0,0,0,5687.5
Chevrolet,Malibu LTZ,2010,55900,Gasoline,252.0HP 3.6L V6 Cylinder Engine Gasoline Fuel,Transmission w/Dual Shift Mode,Beige,Beige,None reported,Yes,8950.0,16,3288.235294117647,0,0,526.4705882352941
Audi,RS 7 4.0T quattro,2023,3158,Gasoline,4.0L V8 32V GDI DOHC Twin Turbo,1-Speed Automatic,Daytona Gray Pearl Effect,Black / Express Red,None reported,Unknown,128900.0,3,789.5,1,0,32225.0
Audi,A5 2.0T Premium Plus,2015,82000,Gasoline,220.0HP 2.0L 4 Cylinder Engine Gasoline Fuel,8-Speed A/T,White,Brown,None reported,Yes,17000.0,11,6833.333333333333,1,0,1416.6666666666667
Genesis,G70 2.0T,2023,4785,Gasoline,2.0L I4 16V GDI DOHC Turbo,Automatic,Vik Black,Obsidian Black,None reported,Yes,42850.0,3,1196.25,0,0,10712.5
Chevrolet,Trailblazer LS,2021,20497,Gasoline,1.3L I3 12V GDI DOHC Turbo,9-Speed Automatic,Pacific Blue Metallic,Black,None reported,Unknown,22999.0,5,3416.1666666666665,0,0,3833.1666666666665
Scion,tC Base,2013,177600,Gasoline,180.0HP 2.5L 4 Cylinder Engine Gasoline Fuel,6-Speed A/T,Silver,Black,At least 1 accident or damage reported,Yes,7100.0,13,12685.714285714286,0,1,507.14285714285717
Lincoln,MKZ Hybrid Base,2014,78568,Hybrid,188.0HP 2.0L 4 Cylinder Engine Gas/Electric Hybrid,A/T,Blue,Beige,None reported,Yes,15500.0,12,6043.692307692308,0,0,1192.3076923076924
Ford,Transit-350 XL,2018,95000,E85 Flex Fuel,275.0HP 3.7L V6 Cylinder Engine Flex Fuel Capability,A/T,White,Gray,None reported,Yes,43000.0,8,10555.555555555555,0,0,4777.777777777777
Porsche,911 GT2 RS,2018,4529,Gasoline,3.8L H6 24V GDI DOHC Twin Turbo,7-Speed Automatic with Auto-Shift,Black,Black,None reported,Yes,417500.0,8,503.22222222222223,1,0,46388.88888888889
Ford,Explorer Timberline,2021,25240,Gasoline,2.3L I4 16V GDI DOHC Turbo,10-Speed Automatic,Gray,Ebony,At least 1 accident or damage reported,Unknown,39951.0,5,4206.666666666667,0,1,6658.5
Volvo,XC90 3.2,2011,88300,Gasoline,235.0HP 3.2L Straight 6 Cylinder Engine Gasoline Fuel,A/T,Blue,Beige,At least 1 accident or damage reported,Yes,11500.0,15,5518.75,0,1,718.75
Chevrolet,Avalanche LTZ,2013,98000,E85 Flex Fuel,320.0HP 5.3L 8 Cylinder Engine Flex Fuel Capability,6-Speed A/T,Silver,Black,At least 1 accident or damage reported,Yes,27499.0,13,7000.0,0,1,1964.2142857142858
Audi,TT RS 2.5T,2018,20675,Gasoline,400.0HP 2.5L 5 Cylinder Engine Gasoline Fuel,Transmission w/Dual Shift Mode,Gray,Gray,None reported,Yes,76000.0,8,2297.222222222222,1,0,8444.444444444445
Lincoln,Navigator L,2008,95000,Gasoline,300.0HP 5.4L 8 Cylinder Engine Gasoline Fuel,A/T,Black,Black,None reported,Yes,10900.0,18,5000.0,0,0,573.6842105263158
Hyundai,Elantra GLS,2010,107000,Gasoline,138.0HP 2.0L 4 Cylinder Engine Gasoline Fuel,4-Speed A/T,Blue,Blue,At least 1 accident or damage reported,Yes,6250.0,16,6294.117647058823,0,1,367.6470588235294
Audi,SQ5 3.0T Premium Plus,2016,60000,Gasoline,354.0HP 3.0L V6 Cylinder Engine Gasoline Fuel,Transmission w/Dual Shift Mode,Black,Black,At least 1 accident or damage reported,Yes,24700.0,10,5454.545454545455,1,1,2245.4545454545455
Mitsubishi,Lancer Evolution GSR,2012,33000,Gasoline,291.0HP 2.0L 4 Cylinder Engine Gasoline Fuel,5-Speed M/T,Black,Black,None reported,Yes,34999.0,14,2200.0,0,0,2333.266666666667
Tesla,Model Y Performance,2023,500,Gasoline,455.0HP Electric Motor Electric Fuel System,1-Speed A/T,Black,White,None reported,Yes,60000.0,3,125.0,1,0,15000.0
Mercedes-Benz,Maybach S S 600,2016,108500,Gasoline,523.0HP 6.0L 12 Cylinder Engine Gasoline Fuel,7-Speed A/T,White,Beige,None reported,Yes,63500.0,10,9863.636363636364,1,0,5772.727272727273
Nissan,GT-R Premium,2017,37800,Gasoline,565.0HP 3.8L V6 Cylinder Engine Gasoline Fuel,Transmission w/Dual Shift Mode,Orange,Orange,None reported,Yes,149500.0,9,3780.0,0,0,14950.0
Mercedes-Benz,GLS 550 Base 4MATIC,2018,74422,Gasoline,4.7 Liter Twin Turbo,Automatic,Obsidian Black Metallic,Gray,None reported,Unknown,44798.0,8,8269.111111111111,1,0,4977.555555555556
Chevrolet,Blazer Premier,2019,55621,Gasoline,3.6L V6 24V GDI DOHC,9-Speed Automatic,Silver Ice Metallic,Jet Black,None reported,Unknown,34562.0,7,6952.625,0,0,4320.25
Mazda,CX-9 Grand Touring,2021,46707,Gasoline,2.5L I4 16V GDI DOHC Turbo,6-Speed Automatic,Sonic Silver Metallic,Black,At least 1 accident or damage reported,Yes,32541.0,5,7784.5,0,1,5423.5
Ford,Expedition Max Limited,2022,26500,Gasoline,440.0HP 3.5L V6 Cylinder Engine Gasoline Fuel,A/T,White,Beige,None reported,Yes,65900.0,4,5300.0,0,0,13180.0
Nissan,Titan XD SV,2020,10001,Gasoline,5.6L V8 32V GDI DOHC,9-Speed Automatic,Black,Black,None reported,Yes,47214.0,6,1428.7142857142858,0,0,6744.857142857143
Lexus,LX 570 Three-Row,2019,19050,Gasoline,383.0HP 5.7L 8 Cylinder Engine Gasoline Fuel,8-Speed A/T,Black,Beige,None reported,Yes,76900.0,7,2381.25,1,0,9612.5
Chevrolet,Traverse Premier,2020,52000,Gasoline,310.0HP 3.6L V6 Cylinder Engine Gasoline Fuel,A/T,White,Black,None reported,Yes,35800.0,6,7428.571428571428,0,0,5114.285714285715
Mercedes-Benz,Sprinter High Roof,2014,65000,Diesel,188.0HP 3.0L V6 Cylinder Engine Diesel Fuel,7-Speed A/T,Black,Black,At least 1 accident or damage reported,Yes,54999.0,12,5000.0,1,1,4230.692307692308
BMW,X5 3.0i,2004,140000,Gasoline,225.0HP 3.0L Straight 6 Cylinder Engine Gasoline Fuel,Transmission w/Dual Shift Mode,Black,Beige,None reported,Yes,6730.0,22,6086.95652173913,1,0,292.60869565217394
Ford,Fusion SE,2018,75600,Gasoline,181.0HP 1.5L 4 Cylinder Engine Gasoline Fuel,A/T,Blue,Black,At least 1 accident or damage reported,Yes,14950.0,8,8400.0,0,1,1661.111111111111
Lincoln,MKZ Base,2015,117292,Gasoline,240.0HP 2.0L 4 Cylinder Engine Gasoline Fuel,A/T,Beige,Beige,None reported,Yes,12000.0,11,9774.333333333334,0,0,1000.0
Ford,GT,2005,1897,Gasoline,5.4 Liter SC DOHC,Manual,White,–,None reported,Unknown,429998.0,21,86.22727272727273,0,0,19545.363636363636
Genesis,G90 5.0 Ultimate,2017,26000,Gasoline,420.0HP 5.0L 8 Cylinder Engine Gasoline Fuel,Transmission w/Dual Shift Mode,White,Beige,None reported,Yes,33600.0,9,2600.0,0,0,3360.0
Lexus,LC 500 Base,2022,2071,Gasoline,5.0L V8 32V PDI DOHC,Automatic,Nightfall Mica,Caramel,None reported,Unknown,99950.0,4,414.2,1,0,19990.0
Ford,Shelby GT500 Base,2014,15629,Gasoline,5.8L V8 32V MPFI DOHC Supercharged,6-Speed Manual,Black,Black,None reported,Unknown,61900.0,12,1202.2307692307693,0,0,4761.538461538462
Saturn,Sky Base,2008,15020,Gasoline,173.0HP 2.4L 4 Cylinder Engine Gasoline Fuel,A/T,Silver,Red,None reported,Yes,18500.0,18,790.5263157894736,0,0,973.6842105263158
Audi,RS Q8 4.0T quattro,2022,11322,Gasoline,4.0L V8 32V GDI DOHC Twin Turbo,8-Speed Automatic,Daytona Gray Pearl Effect,Black / Express Red,None reported,Unknown,119900.0,4,2264.4,1,0,23980.0
Toyota,Land Cruiser,2016,50361,Gasoline,5.7 Liter,Automatic,Silver,Black,None reported,Unknown,65998.0,10,4578.272727272727,0,0,5999.818181818182
Mercedes-Benz,SL-Class SL 550,2013,115000,Gasoline,429.0HP 4.6L 8 Cylinder Engine Gasoline Fuel,Transmission w/Dual Shift Mode,Black,Black,At least 1 accident or damage reported,Yes,36000.0,13,8214.285714285714,1,1,2571.4285714285716
Porsche,911 Carrera C2S,2005,28500,Gasoline,355.0HP 3.8L Flat 6 Cylinder Engine Gasoline Fuel,6-Speed M/T,Silver,Black,None reported,Yes,63500.0,21,1295.4545454545455,1,0,2886.3636363636365
Mercedes-Benz,AMG GLA 45 Base 4MATIC,2018,51700,Gasoline,375.0HP 2.0L 4 Cylinder Engine Gasoline Fuel,Transmission w/Dual Shift Mode,White,Black,None reported,Yes,32000.0,8,5744.444444444444,1,0,3555.5555555555557
Ford,Taurus X Limited,2008,148949,Gasoline,263.0HP 3.5L V6 Cylinder Engine Gasoline Fuel,A/T,Blue,Beige,None reported,Yes,3900.0,18,7839.421052631579,0,0,205.26315789473685
BMW,440 Gran Coupe i,2018,39300,Gasoline,320.0HP 3.0L Straight 6 Cylinder Engine Gasoline Fuel,8-Speed A/T,White,Beige,At least 1 accident or damage reported,Yes,31750.0,8,4366.666666666667,1,1,3527.777777777778
Honda,S2000 CR,2008,82323,Gasoline,237.0HP 2.2L 4 Cylinder Engine Gasoline Fuel,6-Speed M/T,Black,Black,None reported,Yes,28500.0,18,4332.789473684211,0,0,1500.0
Acura,Integra w/A-Spec Tech Package,2023,3574,Gasoline,1.5 Liter Turbo,Variable,Apex Blue,Orchid,None reported,Unknown,34998.0,3,893.5,0,0,8749.5
Ford,Excursion Limited,2001,109357,Gasoline,310.0HP 6.8L 10 Cylinder Engine Gasoline Fuel,A/T,Green,Beige,None reported,Yes,12749.0,25,4206.038461538462,0,0,490.34615384615387
Mercedes-Benz,SL-Class SL500 Roadster,2004,46000,Gasoline,302.0HP 5.0L 8 Cylinder Engine Gasoline Fuel,A/T,White,Gray,None reported,Yes,18853.0,22,2000.0,1,0,819.695652173913
Mercedes-Benz,CLS-Class CLS 550,2007,123112,Gasoline,382.0HP 5.5L 8 Cylinder Engine Gasoline Fuel,A/T,Silver,Black,At least 1 accident or damage reported,Yes,104999.0,19,6155.6,1,1,5249.95
INFINITI,G35 Sport,2007,37100,Gasoline,306.0HP 3.5L V6 Cylinder Engine Gasoline Fuel,6-Speed M/T,Gray,Black,None reported,Yes,16900.0,19,1855.0,0,0,845.0
Volkswagen,Golf GTI 2.0T S 4-Door,2016,89000,Gasoline,210.0HP 2.0L 4 Cylinder Engine Gasoline Fuel,6-Speed M/T,Silver,Black,None reported,Yes,14500.0,10,8090.909090909091,0,0,1318.1818181818182
Dodge,Challenger R/T Scat Pack,2022,1240,Gasoline,6.4L V8 16V MPFI OHV,8-Speed Automatic,Go Mango!,Black,None reported,Unknown,53900.0,4,248.0,0,0,10780.0
Lincoln,Navigator L Reserve,2019,67073,Gasoline,450.0HP 3.5L V6 Cylinder Engine Gasoline Fuel,10-Speed A/T,Black,Black,At least 1 accident or damage reported,Yes,47999.0,7,8384.125,0,1,5999.875
Maserati,Ghibli S Q4,2015,28700,Gasoline,404.0HP 3.0L V6 Cylinder Engine Gasoline Fuel,8-Speed A/T,White,Red,Unknown,Unknown,24900.0,11,2391.6666666666665,0,1,2075.0
Tesla,Model X Base,2023,8200,Gasoline,670.0HP Electric Motor Electric Fuel System,A/T,Black,Black,None reported,Yes,93999.0,3,2050.0,1,0,23499.75
Mercedes-Benz,AMG G 63 Base,2018,41000,Gasoline,563.0HP 5.5L 8 Cylinder Engine Gasoline Fuel,Transmission w/Dual Shift Mode,Gray,Black,None reported,Yes,108900.0,8,4555.555555555556,1,0,12100.0
Ford,Expedition Limited,2018,98995,Gasoline,3.5 Liter GTDI,Automatic,Ingot Silver Metallic,Ebony,None reported,Unknown,34998.0,8,10999.444444444445,0,0,3888.6666666666665
Volkswagen,Routan SE,2012,123815,Gasoline,283.0HP 3.6L V6 Cylinder Engine Gasoline Fuel,6-Speed A/T,Black,Gray,None reported,Yes,5000.0,14,8254.333333333334,0,0,333.3333333333333
Bugatti,Veyron 16.4 Grand Sport,2011,6330,Gasoline,8.0L W16 64V GDI DOHC Twin Turbo,7-Speed Automatic with Auto-Shift,White,White,None reported,Yes,1950995.0,15,395.625,0,0,121937.1875
Toyota,Highlander XLE,2020,61341,Gasoline,3.5L V6 24V PDI DOHC,8-Speed Automatic,Midnight Black Metallic,Black,At least 1 accident or damage reported,Unknown,34084.0,6,8763.0,0,1,4869.142857142857
Honda,Civic LX,2016,96473,Gasoline,2.0L I4 16V MPFI DOHC,Automatic CVT,Black,Black,None reported,Unknown,15599.0,10,8770.272727272728,0,0,1418.090909090909
Jeep,Wrangler Unlimited Sahara,2017,66107,Gasoline,3.6L V6 24V MPFI DOHC,5-Speed Automatic,Black Clearcoat,Black,None reported,Unknown,31331.0,9,6610.7,0,0,3133.1
Land,Rover Range Rover Supercharged,2008,114287,Gasoline,400.0HP 4.2L 8 Cylinder Engine Gasoline Fuel,6-Speed A/T,Black,Black,None reported,Yes,9900.0,18,6015.105263157895,1,0,521.0526315789474
Acura,ILX 2.0L w/Premium Package,2015,75000,Gasoline,150.0HP 2.0L 4 Cylinder Engine Gasoline Fuel,5-Speed A/T,Gold,Beige,None reported,Yes,14500.0,11,6250.0,0,0,1208.3333333333333
BMW,M6 Base,2016,45800,Gasoline,560.0HP 4.4L 8 Cylinder Engine Gasoline Fuel,7-Speed A/T,Gold,Black,Unknown,Unknown,36800.0,10,4163.636363636364,1,1,3345.4545454545455
Polestar,2 Launch Edition,2021,12172,Gasoline,Electric,1-Speed Automatic,Thunder Gray,Charcoal,None reported,Unknown,35999.0,5,2028.6666666666667,0,0,5999.833333333333
BMW,X6 sDrive35i,2016,70582,Gasoline,300.0HP 3.0L Straight 6 Cylinder Engine Gasoline Fuel,8-Speed A/T,Black,White,At least 1 accident or damage reported,Yes,35000.0,10,6416.545454545455,1,1,3181.818181818182
Porsche,Cayman S,2014,33088,Gasoline,325.0HP 3.4L Flat 6 Cylinder Engine Gasoline Fuel,7-Speed A/T,Black,Black,None reported,Yes,49750.0,12,2545.230769230769,1,0,3826.923076923077
Lincoln,Corsair Grand Touring,2021,1850,Plug-In Hybrid,266.0HP 2.5L 4 Cylinder Engine Plug-In Electric/Gas,CVT Transmission,Silver,Beige,None reported,Yes,49000.0,5,308.3333333333333,0,0,8166.666666666667
Cadillac,DTS Luxury II,2008,94155,Gasoline,275.0HP 4.6L 8 Cylinder Engine Gasoline Fuel,4-Speed A/T,White,Beige,None reported,Yes,10500.0,18,4955.526315789473,0,0,552.6315789473684
Cadillac,ATS 3.6L Luxury,2016,25000,Gasoline,335.0HP 3.6L V6 Cylinder Engine Gasoline Fuel,8-Speed A/T,Red,Beige,None reported,Yes,17999.0,10,2272.7272727272725,0,0,1636.2727272727273
GMC,Sierra 1500 SLT,2016,99500,Gasoline,355.0HP 5.3L 8 Cylinder Engine Gasoline Fuel,8-Speed A/T,Gray,Black,None reported,Yes,27995.0,10,9045.454545454546,0,0,2545.0
INFINITI,G37 x,2009,158564,Gasoline,328.0HP 3.7L V6 Cylinder Engine Gasoline Fuel,A/T,Blue,Beige,None reported,Yes,8750.0,17,8809.111111111111,0,0,486.1111111111111
Ford,Transit-350 XLT,2023,20000,Gasoline,310.0HP 3.5L V6 Cylinder Engine Gasoline Fuel,10-Speed A/T,Black,Black,None reported,Yes,78499.0,3,5000.0,0,0,19624.75
Cadillac,XTS Luxury,2018,46711,Gasoline,304.0HP 3.6L V6 Cylinder Engine Gasoline Fuel,6-Speed A/T,Silver,Black,At least 1 accident or damage reported,Yes,20850.0,8,5190.111111111111,0,1,2316.6666666666665
Nissan,NV Passenger NV3500 HD SL V8,2017,46496,Gasoline,375.0HP 5.6L 8 Cylinder Engine Gasoline Fuel,A/T,Black,Gray,None reported,Yes,41000.0,9,4649.6,0,0,4100.0
Mercedes-Benz,GLS 450 Base 4MATIC,2019,19800,Gasoline,362.0HP 3.0L V6 Cylinder Engine Gasoline Fuel,9-Speed A/T,Silver,Black,None reported,Yes,53800.0,7,2475.0,1,0,6725.0
Toyota,Land Cruiser Base,2008,175000,Gasoline,381.0HP 5.7L 8 Cylinder Engine Gasoline Fuel,6-Speed A/T,Black,Beige,At least 1 accident or damage reported,Yes,37900.0,18,9210.526315789473,0,1,1994.7368421052631
Toyota,Land Cruiser Base,2016,61500,Gasoline,381.0HP 5.7L 8 Cylinder Engine Gasoline Fuel,8-Speed A/T,White,Black,None reported,Yes,63500.0,10,5590.909090909091,0,0,5772.727272727273
RAM,ProMaster 2500 Window Van High Roof,2016,49750,Gasoline,280.0HP 3.6L V6 Cylinder Engine Gasoline Fuel,6-Speed A/T,Black,Gray,None reported,Yes,65000.0,10,4522.727272727273,0,0,5909.090909090909
Lamborghini,Gallardo Base,2007,38800,Gasoline,493.0HP 5.0L 10 Cylinder Engine Gasoline Fuel,Transmission w/Dual Shift Mode,Orange,Orange,None reported,Yes,100000.0,19,1940.0,0,0,5000.0
Lincoln,MKZ Base,2011,83765,Gasoline,263.0HP 3.5L V6 Cylinder Engine Gasoline Fuel,A/T,Black,Black,None reported,Yes,8995.0,15,5235.3125,0,0,562.1875
Mercedes-Benz,EQS 450 4MATIC,2023,7388,Gasoline,355.0HP Electric Motor Electric Fuel System,1-Speed A/T,Gray,Beige,None reported,Yes,105500.0,3,1847.0,1,0,26375.0
Lamborghini,Huracan Tecnica Coupe,2023,278,Gasoline,"5.2L V-10 gasoline direct injection, DOHC, variable valve contro",Automatic,Bianco Monocerus,Nero Ade,None reported,Unknown,359991.0,3,69.5,0,0,89997.75
Alfa,Romeo Giulia Quadrifoglio,2022,1966,Gasoline,2.9L V6 24V GDI DOHC Twin Turbo,8-Speed Automatic,Verde,Black,None reported,Unknown,75900.0,4,393.2,0,0,15180.0
Chevrolet,Trailblazer LT,2021,50648,Gasoline,1.2L I3 12V GDI DOHC Turbo,Automatic CVT,Pacific Blue Metallic,Jet Black,None reported,Unknown,23995.0,5,8441.333333333334,0,0,3999.1666666666665
Toyota,Land Cruiser Base,1993,231500,–,–,A/T,White,Gray,None reported,Yes,29500.0,33,6808.823529411765,0,0,867.6470588235294
Lamborghini,Urus Base,2021,13692,Gasoline,641.0HP 4.0L 8 Cylinder Engine Gasoline Fuel,8-Speed A/T,Black,Red,None reported,Yes,257000.0,5,2282.0,0,0,42833.333333333336
INFINITI,G37 x,2013,60058,Gasoline,328.0HP 3.7L V6 Cylinder Engine Gasoline Fuel,A/T,White,Beige,At least 1 accident or damage reported,Yes,15000.0,13,4289.857142857143,0,1,1071.4285714285713
Maserati,Levante S,2017,54423,Gasoline,424.0HP 3.0L V6 Cylinder Engine Gasoline Fuel,8-Speed A/T,Black,Black,None reported,Yes,33950.0,9,5442.3,0,0,3395.0
Toyota,Highlander Limited,2022,24001,Gasoline,3.5L V6 24V PDI DOHC,8-Speed Automatic,Wind Chill Pearl,Graphite,None reported,Unknown,47498.0,4,4800.2,0,0,9499.6
Nissan,Armada SL,2022,14735,Gasoline,5.6 Liter,Automatic,White,Black,None reported,Unknown,50998.0,4,2947.0,0,0,10199.6
Audi,Q5 Premium,2023,2425,Hybrid,2.0 Liter TFSI,Automatic,Mythos Black,–,None reported,Unknown,42998.0,3,606.25,1,0,10749.5
Ford,Shelby GT500 Base,2022,2050,Gasoline,760.0HP 5.2L 8 Cylinder Engine Gasoline Fuel,Transmission w/Dual Shift Mode,Gray,Black,None reported,Yes,94999.0,4,410.0,0,0,18999.8
Lincoln,Navigator L Reserve,2019,64855,Gasoline,450.0HP 3.5L V6 Cylinder Engine Gasoline Fuel,10-Speed A/T,Silver,Beige,None reported,Yes,46995.0,7,8106.875,0,0,5874.375
Mercedes-Benz,EQS 450+ Base,2022,16238,Gasoline,329.0HP Electric Motor Electric Fuel System,1-Speed A/T,White,Beige,None reported,Yes,62479.0,4,3247.6,1,0,12495.8
RAM,1500 Laramie,2022,18051,Gasoline,5.7L V8 16V MPFI OHV,Automatic,Patriot Blue Pearlcoat,Black,None reported,Yes,47995.0,4,3610.2,0,0,9599.0
Lincoln,Town Car Base,2004,36524,Gasoline,239.0HP 4.6L 8 Cylinder Engine Gasoline Fuel,4-Speed A/T,Black,Black,None reported,Yes,14900.0,22,1588.0,0,0,647.8260869565217
Acura,TLX w/A-Spec Package,2022,14896,Gasoline,2.0 Liter DOHC Turbo,2,Lunar Silver Metallic,Ebony,None reported,Unknown,39998.0,4,2979.2,0,0,7999.6
Toyota,Camry Hybrid LE,2022,14048,Hybrid,2.5L I4 16V PDI DOHC Hybrid,Automatic CVT,Black,Black,None reported,Unknown,29999.0,4,2809.6,0,0,5999.8
Honda,CR-V EX,2003,224000,Gasoline,160.0HP 2.4L 4 Cylinder Engine Gasoline Fuel,M/T,Black,Gray,None reported,Yes,3900.0,23,9333.333333333334,0,0,162.5
Mercedes-Benz,E-Class E 550,2014,80581,Gasoline,402.0HP 4.7L 8 Cylinder Engine Gasoline Fuel,Transmission w/Dual Shift Mode,Gray,Beige,None reported,Yes,26000.0,12,6198.538461538462,1,0,2000.0
Mazda,MX-5 Miata Grand Touring,2007,81400,Gasoline,166.0HP 2.0L 4 Cylinder Engine Gasoline Fuel,6-Speed M/T,Red,–,At least 1 accident or damage reported,Yes,11000.0,19,4070.0,0,1,550.0
Porsche,718 Boxster Base,2019,6700,Gasoline,300.0HP 2.0L 4 Cylinder Engine Gasoline Fuel,7-Speed A/T,Gray,Black,None reported,Yes,63000.0,7,837.5,1,0,7875.0
Ford,Transit-350 XLT,2015,143000,Gasoline,275.0HP 3.7L V6 Cylinder Engine Gasoline Fuel,6-Speed A/T,Silver,Gray,None reported,Yes,22500.0,11,11916.666666666666,0,0,1875.0
Kia,Sportage SX Turbo,2017,87842,Gasoline,2.0L I4 16V GDI DOHC Turbo,6-Speed Automatic,Black Cherry,Black,None reported,Yes,18688.0,9,8784.2,0,0,1868.8
INFINITI,G37 S Sport,2010,116451,Gasoline,328.0HP 3.7L V6 Cylinder Engine Gasoline Fuel,6-Speed M/T,White,Gray,None reported,Yes,16500.0,16,6850.058823529412,0,0,970.5882352941177
Nissan,Titan XD S,2019,53677,Gasoline,390.0HP 5.6L 8 Cylinder Engine Gasoline Fuel,7-Speed A/T,Red,Gray,None reported,Yes,27900.0,7,6709.625,0,0,3487.5
Audi,S7 2.9T Prestige,2021,12000,Hybrid,444.0HP 2.9L V6 Cylinder Engine Gasoline/Mild Electric Hybrid,8-Speed A/T,Gray,Black,None reported,Yes,77500.0,5,2000.0,1,0,12916.666666666666
Land,Rover Discovery HSE,2019,20034,Gasoline,3.0 Liter,Automatic,Yulong White,Tan/Ebony,None reported,Unknown,43998.0,7,2504.25,1,0,5499.75
Ford,Transit-350 XLT,2020,32000,Diesel,210.0HP 2.0L 4 Cylinder Engine Diesel Fuel,A/T,Black,Black,None reported,Yes,68000.0,6,4571.428571428572,0,0,9714.285714285714
INFINITI,Q70 3.7,2014,70312,Gasoline,330.0HP 3.7L V6 Cylinder Engine Gasoline Fuel,7-Speed A/T,Black,Black,None reported,Yes,19995.0,12,5408.615384615385,0,0,1538.076923076923
Jeep,Gladiator Rubicon,2022,8794,Gasoline,285.0HP 3.6L V6 Cylinder Engine Gasoline Fuel,A/T,White,Black,None reported,Yes,54000.0,4,1758.8,0,0,10800.0
Lincoln,MKX Base,2010,156000,Gasoline,265.0HP 3.5L V6 Cylinder Engine Gasoline Fuel,6-Speed A/T,Black,Black,At least 1 accident or damage reported,Yes,5900.0,16,9176.470588235294,0,1,347.05882352941177
Porsche,911 Carrera 4S,2020,25568,Gasoline,3.0L H6 24V GDI DOHC Twin Turbo,7-Speed Manual,Red,Black,None reported,Yes,134999.0,6,3652.5714285714284,1,0,19285.571428571428
Mercedes-Benz,AMG C 43 Base 4MATIC,2018,67100,Gasoline,362.0HP 3.0L V6 Cylinder Engine Gasoline Fuel,Transmission w/Dual Shift Mode,Gray,Black,At least 1 accident or damage reported,Yes,34250.0,8,7455.555555555556,1,1,3805.5555555555557
Porsche,Cayman Base,2014,52000,Gasoline,275.0HP 2.7L Flat 6 Cylinder Engine Gasoline Fuel,Transmission w/Dual Shift Mode,Blue,Beige,At least 1 accident or damage reported,Yes,37000.0,12,4000.0,1,1,2846.153846153846
Acura,MDX 3.7L Advance,2011,137200,Gasoline,300.0HP 3.7L V6 Cylinder Engine Gasoline Fuel,Transmission w/Dual Shift Mode,White,Gray,None reported,Yes,12000.0,15,8575.0,0,0,750.0
Volkswagen,Golf R 4-Door w/DCC & Navigation,2018,36000,Gasoline,292.0HP 2.0L 4 Cylinder Engine Gasoline Fuel,7-Speed A/T,White,Black,At least 1 accident or damage reported,Yes,32000.0,8,4000.0,0,1,3555.5555555555557
Kia,Forte GT-Line,2023,15500,Gasoline,147.0HP 2.0L 4 Cylinder Engine Gasoline Fuel,CVT Transmission,White,Black,At least 1 accident or damage reported,Yes,24500.0,3,3875.0,0,1,6125.0
BMW,M8 Competition,2020,10906,Gasoline,4.4 Liter Twin Turbo,Automatic,Donington Grey Metallic,Black,None reported,Unknown,96998.0,6,1558.0,1,0,13856.857142857143
Lincoln,MKC Select,2019,49814,Gasoline,2.0L I4 16V GDI DOHC Turbo,6-Speed Automatic,Ruby Red Metallic Tinted Clearcoat,Cappuccino,None reported,Unknown,26545.0,7,6226.75,0,0,3318.125
BMW,i8 Base,2015,846,Plug-In Hybrid,357.0HP 1.5L 3 Cylinder Engine Plug-In Electric/Gas,A/T,White,White,None reported,Yes,86999.0,11,70.5,1,0,7249.916666666667
Toyota,Highlander XLE,2021,67039,Gasoline,3.5L V6 24V PDI DOHC,8-Speed Automatic,Blue,Black,None reported,Unknown,34645.0,5,11173.166666666666,0,0,5774.166666666667
Mazda,CX-30 Premium Package,2023,2636,Gasoline,2.5L I4 16V,6-Speed Automatic,Platinum Quartz Metallic,Black,None reported,Unknown,28535.0,3,659.0,0,0,7133.75
Porsche,Cayenne Platinum Edition,2018,50166,Gasoline,3.6L V6 24V GDI DOHC,8-Speed Automatic,White,Black,At least 1 accident or damage reported,Yes,43550.0,8,5574.0,1,1,4838.888888888889
Lincoln,MKZ Reserve,2017,37375,Gasoline,400.0HP 3.0L V6 Cylinder Engine Gasoline Fuel,6-Speed A/T,Blue,Brown,None reported,Yes,27500.0,9,3737.5,0,0,2750.0
Tesla,Model 3 Standard Range Plus,2021,21600,Gasoline,271.0HP Electric Motor Electric Fuel System,A/T,White,Black,None reported,Yes,31000.0,5,3600.0,1,0,5166.666666666667
Porsche,718 Cayman S,2019,9500,Gasoline,350.0HP 2.5L 4 Cylinder Engine Gasoline Fuel,7-Speed A/T,Red,Black,At least 1 accident or damage reported,Yes,69000.0,7,1187.5,1,1,8625.0
Chevrolet,Corvette Base,2005,143095,Gasoline,400.0HP 6.0L 8 Cylinder Engine Gasoline Fuel,4-Speed A/T,Red,Black,None reported,Yes,16000.0,21,6504.318181818182,0,0,727.2727272727273
Acura,RSX Type S,2002,80000,Gasoline,200.0HP 2.0L 4 Cylinder Engine Gasoline Fuel,6-Speed M/T,Beige,Beige,At least 1 accident or damage reported,Yes,8500.0,24,3200.0,0,1,340.0
Ferrari,Roma Base,2021,3000,Gasoline,611.0HP 3.9L 8 Cylinder Engine Gasoline Fuel,8-Speed A/T,Blue,Brown,None reported,Yes,275000.0,5,500.0,0,0,45833.333333333336
Porsche,Cayman S,2007,5856,Gasoline,295.0HP 3.4L Flat 6 Cylinder Engine Gasoline Fuel,6-Speed M/T,Black,Black,None reported,Yes,45000.0,19,292.8,1,0,2250.0
Rolls-Royce,Phantom Drophead Coupe Drophead,2013,2958,Gasoline,6.8L V12 48V GDI DOHC,8-Speed Automatic,Yellow,–,None reported,Yes,488880.0,13,211.28571428571428,0,0,34920.0
Audi,SQ7 4.0T,2022,28927,Gasoline,4.0L V8 32V GDI DOHC Twin Turbo,Automatic,Matador Red Metallic,Black,None reported,Unknown,74900.0,4,5785.4,1,0,14980.0
Mercedes-Benz,AMG GLS 63 4MATIC,2022,4102,Hybrid,603.0HP 4.0L 8 Cylinder Engine Gasoline/Mild Electric Hybrid,9-Speed A/T,Black,Black,None reported,Yes,144664.0,4,820.4,1,0,28932.8
Honda,Ridgeline RTL-E,2021,14442,Gasoline,280.0HP 3.5L V6 Cylinder Engine Gasoline Fuel,9-Speed A/T,White,Beige,None reported,Yes,38500.0,5,2407.0,0,0,6416.666666666667
Mercedes-Benz,CLK-Class 500 Cabriolet,2005,64000,Gasoline,302.0HP 5.0L 8 Cylinder Engine Gasoline Fuel,7-Speed A/T,Silver,Black,None reported,Yes,12995.0,21,2909.090909090909,1,0,590.6818181818181
Lexus,GX 470 Base,2004,154000,Gasoline,235.0HP 4.7L 8 Cylinder Engine Gasoline Fuel,A/T,White,Beige,At least 1 accident or damage reported,Yes,10000.0,22,6695.652173913043,1,1,434.7826086956522
Lexus,NX 200t Base,2015,54000,Gasoline,235.0HP 2.0L 4 Cylinder Engine Gasoline Fuel,6-Speed A/T,White,Black,None reported,Yes,27000.0,11,4500.0,1,0,2250.0
Dodge,Dakota SLT Quad Cab,2007,232492,Gasoline,210.0HP 3.7L V6 Cylinder Engine Gasoline Fuel,4-Speed A/T,Silver,Gray,At least 1 accident or damage reported,Yes,6000.0,19,11624.6,0,1,300.0
Maserati,Ghibli S Q4 GranSport,2020,25721,Gasoline,3.0L V6 24V GDI DOHC Twin Turbo,8-Speed Automatic,Blu,Nero,None reported,Yes,52645.0,6,3674.4285714285716,0,0,7520.714285714285
Land,Rover Discovery Sport SE R-Dynamic,2020,20927,Gasoline,2.0 Liter,Automatic,Fuji White,–,None reported,Unknown,35998.0,6,2989.5714285714284,1,0,5142.571428571428
Aston,Martin DBX Base,2021,2353,Gasoline,4.0L V8 32V GDI DOHC Twin Turbo,9-Speed Automatic,Green,Sahara Tan,None reported,Yes,159500.0,5,392.1666666666667,0,0,26583.333333333332
Audi,Q3 45 S line Premium,2022,9325,Gasoline,2.0L I4 16V GDI DOHC Turbo,8-Speed Automatic,Mythos Black Metallic,Black,None reported,Unknown,33610.0,4,1865.0,1,0,6722.0
Ford,Explorer XLT,2020,61001,Gasoline,2.3L I4 16V GDI DOHC Turbo,10-Speed Automatic,Gray,Ebony,At least 1 accident or damage reported,Yes,28616.0,6,8714.42857142857,0,1,4088.0
Mercedes-Benz,AMG GLC 63 Base 4MATIC,2018,71962,Gasoline,469.0HP 4.0L 8 Cylinder Engine Gasoline Fuel,9-Speed A/T,White,Black,None reported,Yes,46900.0,8,7995.777777777777,1,0,5211.111111111111
Subaru,BRZ Premium,2023,5800,Gasoline,228.0HP 2.4L 4 Cylinder Engine Gasoline Fuel,6-Speed M/T,Black,Black,None reported,Yes,29990.0,3,1450.0,0,0,7497.5
BMW,640 i,2016,40080,Gasoline,315.0HP 3.0L Straight 6 Cylinder Engine Gasoline Fuel,8-Speed A/T,Black,Black,None reported,Yes,28499.0,10,3643.6363636363635,1,0,2590.818181818182
Kia,Stinger GT2,2020,57000,Gasoline,365.0HP 3.3L V6 Cylinder Engine Gasoline Fuel,A/T,Black,Red,At least 1 accident or damage reported,Yes,36500.0,6,8142.857142857143,0,1,5214.285714285715
Chevrolet,Bolt EUV Premier,2022,7624,Gasoline,Electric,1-Speed Automatic,Mosaic Black Metallic,Jet Black,None reported,Yes,31985.0,4,1524.8,0,0,6397.0
Subaru,Forester 2.5 XT,2004,122000,Gasoline,210.0HP 2.5L 4 Cylinder Engine Gasoline Fuel,5-Speed M/T,Gold,Black,At least 1 accident or damage reported,Yes,9999.0,22,5304.347826086957,0,1,434.7391304347826
Kia,Sportage X-Pro,2023,459,Gasoline,2.5L I4 16V PDI DOHC,8-Speed Automatic,Jungle Green,Black,None reported,Unknown,36998.0,3,114.75,0,0,9249.5
BMW,M4 Base,2016,62500,Gasoline,425.0HP 3.0L Straight 6 Cylinder Engine Gasoline Fuel,7-Speed A/T,Black,Orange,At least 1 accident or damage reported,Yes,40500.0,10,5681.818181818182,1,1,3681.818181818182
Hyundai,Equus Signature,2013,72000,Gasoline,429.0HP 5.0L 8 Cylinder Engine Gasoline Fuel,8-Speed A/T,Silver,Black,None reported,Yes,17500.0,13,5142.857142857143,0,0,1250.0
Mercedes-Benz,AMG E 53 4MATIC,2020,8375,Gasoline,"AMG 3L I-6 gasoline direct injection, DOHC, variable valve contr","Automatic, 9-Spd 9G-Tronic",BLACK,BLACK,None reported,Unknown,69900.0,6,1196.4285714285713,1,0,9985.714285714286
BMW,M550 i xDrive,2020,40000,Gasoline,523.0HP 4.4L 8 Cylinder Engine Gasoline Fuel,Transmission w/Dual Shift Mode,Blue,Black,None reported,Yes,53000.0,6,5714.285714285715,1,0,7571.428571428572
Subaru,Impreza WRX STI,2014,77000,Gasoline,305.0HP 2.5L 4 Cylinder Engine Gasoline Fuel,6-Speed M/T,Gray,Black,At least 1 accident or damage reported,Yes,30000.0,12,5923.076923076923,0,1,2307.6923076923076
Mercedes-Benz,AMG G 63 Base,2019,19593,Gasoline,4.0 Liter Twin Turbo,Automatic,Black,Black,None reported,Unknown,159998.0,7,2449.125,1,0,19999.75
Mazda,Mazda6 Grand Touring,2020,35902,Gasoline,2.5L I4 16V GDI DOHC Turbo,6-Speed Automatic,Deep Crystal Blue Mica,Black,None reported,Unknown,22966.0,6,5128.857142857143,0,0,3280.8571428571427
Hyundai,Veloster Base,2013,800,Gasoline,132.0HP 1.6L 4 Cylinder Engine Gasoline Fuel,Transmission w/Dual Shift Mode,Black,Gray,None reported,Yes,9800.0,13,57.142857142857146,0,0,700.0
Bentley,Bentayga S,2023,2600,Gasoline,4.0L V8 32V GDI DOHC Twin Turbo,8-Speed Automatic,Beluga Black,Hotspur,None reported,Yes,239995.0,3,650.0,0,0,59998.75
Land,Rover Defender X-Dynamic SE,2023,6204,Hybrid,3.0 Liter,Automatic,Eiger Grey,–,None reported,Unknown,79998.0,3,1551.0,1,0,19999.5
Kia,Telluride SX,2020,69185,Gasoline,3.8L V6 24V GDI DOHC,8-Speed Automatic,Ebony Black,Gray,None reported,Unknown,37405.0,6,9883.57142857143,0,0,5343.571428571428
Maserati,GranTurismo Sport,2015,45000,Gasoline,454.0HP 4.7L 8 Cylinder Engine Gasoline Fuel,6-Speed A/T,Black,Black,None reported,Yes,41900.0,11,3750.0,0,0,3491.6666666666665
BMW,540 i xDrive,2020,37426,Gasoline,2.0 Liter Turbo,Automatic,White,Black,None reported,Unknown,39998.0,6,5346.571428571428,1,0,5714.0
INFINITI,M56 Base,2011,137000,Gasoline,420.0HP 5.6L 8 Cylinder Engine Gasoline Fuel,Transmission w/Dual Shift Mode,Gray,Brown,At least 1 accident or damage reported,Yes,8500.0,15,8562.5,0,1,531.25
Mazda,Mazda3 s Grand Touring,2016,85000,–,–,A/T,Black,Black,At least 1 accident or damage reported,Yes,18500.0,10,7727.272727272727,0,1,1681.8181818181818
Chevrolet,Corvette Stingray w/1LT,2023,4000,Gasoline,490.0HP 6.2L 8 Cylinder Engine Gasoline Fuel,8-Speed A/T,Black,Red,At least 1 accident or damage reported,Yes,73900.0,3,1000.0,0,1,18475.0
Audi,Q5 S line Premium Plus,2023,4648,Hybrid,2.0 Liter TFSI,Automatic,Mythos Black,Black,None reported,Unknown,47598.0,3,1162.0,1,0,11899.5
Lexus,GX 460 Base,2018,52100,Gasoline,301.0HP 4.6L 8 Cylinder Engine Gasoline Fuel,6-Speed A/T,White,Beige,None reported,Yes,38000.0,8,5788.888888888889,1,0,4222.222222222223
BMW,X1 sDrive28i,2014,50100,Gasoline,240.0HP 2.0L 4 Cylinder Engine Gasoline Fuel,A/T,Brown,Beige,None reported,Yes,10795.0,12,3853.846153846154,1,0,830.3846153846154
Alfa,Romeo Stelvio Ti,2020,41000,Gasoline,280.0HP 2.0L 4 Cylinder Engine Gasoline Fuel,8-Speed A/T,White,Black,None reported,Yes,32400.0,6,5857.142857142857,0,0,4628.571428571428
RAM,1500 Big Horn,2021,70968,Gasoline,395.0HP 5.7L 8 Cylinder Engine Gasoline Fuel,8-Speed A/T,Black,Black,None reported,Yes,34000.0,5,11828.0,0,0,5666.666666666667
BMW,M4 Base,2015,26600,Gasoline,425.0HP 3.0L Straight 6 Cylinder Engine Gasoline Fuel,A/T,White,–,None reported,Yes,53000.0,11,2216.6666666666665,1,0,4416.666666666667
Tesla,Model X Long Range,2022,15443,Gasoline,670.0HP Electric Motor Electric Fuel System,1-Speed A/T,Red,Black,None reported,Yes,84500.0,4,3088.6,1,0,16900.0
Volvo,S90 T5 Momentum,2018,95000,Gasoline,250.0HP 2.0L 4 Cylinder Engine Gasoline Fuel,8-Speed A/T,White,Beige,None reported,Yes,18000.0,8,10555.555555555555,0,0,2000.0
Subaru,Impreza WRX Sti,2005,94000,Gasoline,300.0HP 2.5L 4 Cylinder Engine Gasoline Fuel,6-Speed M/T,Black,Blue,None reported,Yes,19500.0,21,4272.727272727273,0,0,886.3636363636364
BMW,X6 xDrive40i,2020,45076,Gasoline,3.0 Liter Turbo,Automatic,Blue,Black,None reported,Unknown,57998.0,6,6439.428571428572,1,0,8285.42857142857
Cadillac,CTS 2.0L Turbo Luxury,2014,110000,Gasoline,272.0HP 2.0L 4 Cylinder Engine Gasoline Fuel,A/T,Gold,Beige,None reported,Yes,11000.0,12,8461.538461538461,0,0,846.1538461538462
Land,Rover Discovery Sport HSE,2016,49083,Gasoline,2.0L I4 16V GDI DOHC Turbo,9-Speed Automatic,Indus Silver,Ebony,None reported,Unknown,21590.0,10,4462.090909090909,1,0,1962.7272727272727
Genesis,G90 5.0 Ultimate,2017,63500,Gasoline,420.0HP 5.0L 8 Cylinder Engine Gasoline Fuel,Transmission w/Dual Shift Mode,Silver,Black,None reported,Yes,27500.0,9,6350.0,0,0,2750.0
Mercedes-Benz,CLK-Class CLK 350,2009,21500,Gasoline,268.0HP 3.5L V6 Cylinder Engine Gasoline Fuel,A/T,Black,Black,At least 1 accident or damage reported,Yes,18000.0,17,1194.4444444444443,1,1,1000.0
Land,Rover Range Rover Autobiography,2023,324,Gasoline,4.4 Liter,Automatic,Black,Blk,None reported,Unknown,199998.0,3,81.0,1,0,49999.5
Kia,Optima EX,2019,68166,Gasoline,"1.6L I-4 gasoline direct injection, DOHC, variable valve control",Automatic,Ebony Black,Black,None reported,Unknown,20818.0,7,8520.75,0,0,2602.25
Toyota,Highlander SE,2018,53607,Gasoline,3.5L V6 24V PDI DOHC,8-Speed Automatic,Midnight Black Metallic,Black,At least 1 accident or damage reported,Unknown,31853.0,8,5956.333333333333,0,1,3539.222222222222
Mercedes-Benz,Sprinter 4500 High Roof,2019,16813,Diesel,188.0HP 3.0L V6 Cylinder Engine Diesel Fuel,Transmission w/Dual Shift Mode,Gray,Black,Unknown,Unknown,45900.0,7,2101.625,1,1,5737.5
BMW,X1 xDrive28i,2020,18200,Gasoline,228.0HP 2.0L 4 Cylinder Engine Gasoline Fuel,A/T,White,Beige,At least 1 accident or damage reported,Yes,29500.0,6,2600.0,1,1,4214.285714285715
Audi,R8 5.2,2015,51000,Gasoline,550.0HP 5.2L 10 Cylinder Engine Gasoline Fuel,Transmission w/Dual Shift Mode,White,Black,At least 1 accident or damage reported,Yes,102000.0,11,4250.0,1,1,8500.0
Audi,S3 2.0T Tech Premium Plus,2018,16400,Gasoline,292.0HP 2.0L 4 Cylinder Engine Gasoline Fuel,A/T,Blue,Red,None reported,Yes,42800.0,8,1822.2222222222222,1,0,4755.555555555556
Toyota,Tundra Hybrid TRD Pro,2022,7000,Hybrid,437.0HP 3.4L V6 Cylinder Engine Gas/Electric Hybrid,10-Speed A/T,Orange,–,None reported,Yes,75500.0,4,1400.0,0,0,15100.0
Audi,SQ5 3.0T Premium Plus,2022,8497,Gasoline,3.0L V6 24V GDI DOHC Turbo,Automatic,Ibis White,Black,None reported,Unknown,52900.0,4,1699.4,1,0,10580.0
Audi,A6 2.0T Premium Plus,2016,68000,Gasoline,252.0HP 2.0L 4 Cylinder Engine Gasoline Fuel,Transmission w/Dual Shift Mode,White,Black,At least 1 accident or damage reported,Yes,20000.0,10,6181.818181818182,1,1,1818.1818181818182
Lamborghini,Huracan EVO Base,2022,2523,Gasoline,5.2L V10 40V GDI DOHC,7-Speed Manual,Bianco Icarus Metallic,Nero Ade,None reported,Unknown,288900.0,4,504.6,0,0,57780.0
BMW,328 xi,2007,83000,Gasoline,230.0HP 3.0L Straight 6 Cylinder Engine Gasoline Fuel,6-Speed A/T,Black,Brown,None reported,Yes,8995.0,19,4150.0,1,0,449.75
Audi,SQ5 3.0T Prestige,2018,25000,Gasoline,354.0HP 3.0L V6 Cylinder Engine Gasoline Fuel,8-Speed A/T,Gray,Black,None reported,Yes,50000.0,8,2777.777777777778,1,0,5555.555555555556
Cadillac,Escalade Sport Platinum,2021,15689,Diesel,3.0L I6 24V DDI DOHC Turbo Diesel,10-Speed Automatic,Infrared Tintcoat,Jet Black,None reported,Unknown,97952.0,5,2614.8333333333335,0,0,16325.333333333334
BMW,M235 i,2014,125450,Gasoline,320.0HP 3.0L Straight 6 Cylinder Engine Gasoline Fuel,6-Speed M/T,Blue,Black,None reported,Yes,17200.0,12,9650.0,1,0,1323.076923076923
Kia,Telluride SX,2023,9822,Gasoline,3.8L V6 24V GDI DOHC,8-Speed Automatic,Midnight Black,Gray,None reported,Unknown,50998.0,3,2455.5,0,0,12749.5
Chevrolet,Express 3500 Base,2008,144000,Gasoline,323.0HP 6.0L 8 Cylinder Engine Gasoline Fuel,A/T,White,Gray,None reported,Yes,22000.0,18,7578.9473684210525,0,0,1157.8947368421052
GMC,Acadia SLE,2020,30900,Gasoline,2.5L I4 16V GDI DOHC,9-Speed Automatic,Summit White,Jet Black,None reported,Yes,27654.0,6,4414.285714285715,0,0,3950.5714285714284
BMW,X3 xDrive30i,2021,2492,Gasoline,2.0 Liter Turbo,Automatic,Phytonic Blue Metallic,Canberra Beige/Black,None reported,Unknown,41598.0,5,415.3333333333333,1,0,6933.0
Audi,TT 2.0T,2015,126760,Gasoline,211.0HP 2.0L 4 Cylinder Engine Gasoline Fuel,A/T,Black,Black,At least 1 accident or damage reported,Yes,14000.0,11,10563.333333333334,1,1,1166.6666666666667
Subaru,Outback 3.6R Touring,2017,100680,Gasoline,256.0HP 3.6L Flat 6 Cylinder Engine Gasoline Fuel,A/T,Brown,–,None reported,Yes,20500.0,9,10068.0,0,0,2050.0
Mitsubishi,Eclipse Spyder GS,2001,90400,Gasoline,140.0HP 2.4L 4 Cylinder Engine Gasoline Fuel,A/T,Red,–,None reported,Yes,4495.0,25,3476.923076923077,0,0,172.8846153846154
Hyundai,Santa Fe SEL,2022,26895,Gasoline,2.5L I4 16V PDI DOHC,8-Speed Automatic,Quartz White,Black,Unknown,Unknown,29800.0,4,5379.0,0,1,5960.0
BMW,M5 Base,2018,20500,Gasoline,600.0HP 4.4L 8 Cylinder Engine Gasoline Fuel,8-Speed A/T,Silver,Black,None reported,Yes,67000.0,8,2277.777777777778,1,0,7444.444444444444
Dodge,Ram 1500 ST,2011,134000,Gasoline,390.0HP 5.7L 8 Cylinder Engine Gasoline Fuel,A/T,Black,Gray,At least 1 accident or damage reported,Yes,10500.0,15,8375.0,0,1,656.25
Ford,Fusion Energi Titanium,2015,84352,Plug-In Hybrid,188.0HP 2.0L 4 Cylinder Engine Plug-In Electric/Gas,CVT Transmission,Blue,Black,At least 1 accident or damage reported,Yes,10000.0,11,7029.333333333333,0,1,833.3333333333334
Toyota,Tundra Hybrid TRD Pro,2022,19000,Hybrid,437.0HP 3.4L V6 Cylinder Engine Gas/Electric Hybrid,10-Speed A/T,Orange,Black,None reported,Yes,71000.0,4,3800.0,0,0,14200.0
Land,Rover Range Rover Evoque Pure,2015,115550,Gasoline,240.0HP 2.0L 4 Cylinder Engine Gasoline Fuel,9-Speed A/T,White,Black,None reported,Yes,17500.0,11,9629.166666666666,1,0,1458.3333333333333
Lincoln,Navigator Base,2009,191775,E85 Flex Fuel,310.0HP 5.4L 8 Cylinder Engine Flex Fuel Capability,6-Speed A/T,White,Beige,At least 1 accident or damage reported,Yes,9750.0,17,10654.166666666666,0,1,541.6666666666666
Ford,Mustang Mach-E Select,2023,923,Gasoline,Standard Range Battery,Automatic,Rapid Red Metallic Tinted Clearcoat,Black Onyx,None reported,Unknown,46998.0,3,230.75,0,0,11749.5
Mercedes-Benz,Sprinter 3500 High Roof,2017,124630,Diesel,188.0HP 3.0L V6 Cylinder Engine Diesel Fuel,5-Speed A/T,Black,Black,None reported,Yes,75000.0,9,12463.0,1,0,7500.0
Mercedes-Benz,AMG E 63 S 4MATIC,2019,17000,Gasoline,603.0HP 4.0L 8 Cylinder Engine Gasoline Fuel,9-Speed A/T,White,Brown,None reported,Yes,95000.0,7,2125.0,1,0,11875.0
BMW,440 i xDrive,2018,73500,Gasoline,320.0HP 3.0L Straight 6 Cylinder Engine Gasoline Fuel,A/T,Black,Blue,None reported,Yes,32000.0,8,8166.666666666667,1,0,3555.5555555555557
Acura,Integra LS,1998,120000,Gasoline,140.0HP 1.8L 4 Cylinder Engine Gasoline Fuel,4-Speed A/T,Red,–,At least 1 accident or damage reported,Yes,5500.0,28,4137.931034482759,0,1,189.6551724137931
Audi,Q7 55 Prestige,2019,73837,Gasoline,3.0L V6 24V GDI DOHC Supercharged,8-Speed Automatic,Cobra Beige Metallic,Nougat Brown,None reported,Yes,36340.0,7,9229.625,1,0,4542.5
BMW,M6 Base,2014,29500,Gasoline,560.0HP 4.4L 8 Cylinder Engine Gasoline Fuel,Transmission w/Dual Shift Mode,Silver,Black,None reported,Yes,40999.0,12,2269.230769230769,1,0,3153.769230769231
Volkswagen,Arteon 2.0T SE,2021,13613,Gasoline,2.0 Liter TSI,Automatic,Pure White,Titan Black,None reported,Unknown,29798.0,5,2268.8333333333335,0,0,4966.333333333333
Lexus,LX 600 F SPORT,2023,1185,Gasoline,409.0HP 3.4L V6 Cylinder Engine Gasoline Fuel,10-Speed A/T,Black,Black,None reported,Yes,120990.0,3,296.25,1,0,30247.5
INFINITI,Q40 Base,2015,143250,Gasoline,328.0HP 3.7L V6 Cylinder Engine Gasoline Fuel,Transmission w/Dual Shift Mode,Silver,Black,None reported,Yes,11500.0,11,11937.5,0,0,958.3333333333334
BMW,Z4 3.0i Roadster,2006,46508,Gasoline,215.0HP 3.0L Straight 6 Cylinder Engine Gasoline Fuel,Transmission w/Dual Shift Mode,Green,Beige,At least 1 accident or damage reported,Yes,11500.0,20,2214.6666666666665,1,1,547.6190476190476
BMW,M6 Base,2015,18651,Gasoline,560.0HP 4.4L 8 Cylinder Engine Gasoline Fuel,Transmission w/Dual Shift Mode,Red,Black,None reported,Yes,59549.0,11,1554.25,1,0,4962.416666666667
BMW,X3 M40i,2019,36438,Gasoline,3.0 Liter Turbo,Automatic,Alpine White,Oyster W/Contrast,None reported,Unknown,39998.0,7,4554.75,1,0,4999.75
Kia,Sorento LX,2014,46628,Gasoline,2.4L I4 16V GDI DOHC,6-Speed Automatic,Snow White Pearl,Beige,None reported,Unknown,15363.0,12,3586.769230769231,0,0,1181.7692307692307
Rivian,R1S Adventure Package,2023,5700,Gasoline,835.0HP Electric Motor Electric Fuel System,1-Speed A/T,Gray,White,None reported,Yes,95000.0,3,1425.0,0,0,23750.0
BMW,Z4 sDrive28i,2015,57550,Gasoline,240.0HP 2.0L 4 Cylinder Engine Gasoline Fuel,6-Speed M/T,Black,White,None reported,Yes,29995.0,11,4795.833333333333,1,0,2499.5833333333335
Cadillac,CTS-V Base,2017,48600,Gasoline,640.0HP 6.2L 8 Cylinder Engine Gasoline Fuel,Transmission w/Dual Shift Mode,Black,Black,None reported,Yes,60999.0,9,4860.0,0,0,6099.9
Ford,Transit Connect XL,2020,119000,Gasoline,169.0HP 2.5L 4 Cylinder Engine Gasoline Fuel,A/T,White,Black,None reported,Yes,18000.0,6,17000.0,0,0,2571.4285714285716
Land,Rover Range Rover Velar SVAutobiography Dynamic Edition,2020,36500,Gasoline,550.0HP 5.0L 8 Cylinder Engine Gasoline Fuel,Transmission w/Dual Shift Mode,White,Red,None reported,Yes,72000.0,6,5214.285714285715,1,0,10285.714285714286
Lexus,IS 250 Base,2010,121250,Gasoline,204.0HP 2.5L V6 Cylinder Engine Gasoline Fuel,6-Speed A/T,Black,White,At least 1 accident or damage reported,Yes,13250.0,16,7132.35294117647,1,1,779.4117647058823
BMW,X7 xDrive40i,2023,2437,Hybrid,375.0HP 3.0L Straight 6 Cylinder Engine Gasoline/Mild Electric Hybrid,Transmission w/Dual Shift Mode,Gray,Black,None reported,Yes,78350.0,3,609.25,1,0,19587.5
Volvo,XC90 T6 Momentum,2018,110380,Gasoline,316.0HP 2.0L 4 Cylinder Engine Gasoline Fuel,A/T,Gray,Beige,At least 1 accident or damage reported,Yes,22000.0,8,12264.444444444445,0,1,2444.4444444444443
Hyundai,Tucson Limited,2008,149000,Gasoline,173.0HP 2.7L V6 Cylinder Engine Gasoline Fuel,4-Speed A/T,Black,Gray,None reported,Yes,3850.0,18,7842.105263157895,0,0,202.6315789473684
Dodge,Durango GT,2021,14684,Gasoline,3.6L V6 24V MPFI DOHC,8-Speed Automatic,DB Black Clearcoat,Black,None reported,Unknown,37995.0,5,2447.3333333333335,0,0,6332.5
Mercedes-Benz,AMG C 43 Base 4MATIC,2017,39000,Gasoline,362.0HP 3.0L V6 Cylinder Engine Gasoline Fuel,9-Speed A/T,White,Black,At least 1 accident or damage reported,Yes,39000.0,9,3900.0,1,1,3900.0
GMC,Yukon XL SLT,2019,65212,Gasoline,5.3L V8 16V GDI OHV,Automatic,Summit White,Jet Black,None reported,Yes,42995.0,7,8151.5,0,0,5374.375
Audi,RS Q8 4.0T,2020,41856,Gasoline,591.0HP 4.0L 8 Cylinder Engine Gasoline Fuel,Transmission w/Dual Shift Mode,Gray,Black,None reported,Yes,91500.0,6,5979.428571428572,1,0,13071.42857142857
Rivian,R1S Adventure Package,2023,655,Gasoline,835.0HP Electric Motor Electric Fuel System,1-Speed A/T,Red,Silver,None reported,Yes,94500.0,3,163.75,0,0,23625.0
Toyota,RAV4 Hybrid XLE,2019,54000,Hybrid,219.0HP 2.5L 4 Cylinder Engine Gas/Electric Hybrid,CVT Transmission,Gray,Gray,None reported,Yes,33000.0,7,6750.0,0,0,4125.0
Alfa,Romeo Stelvio Quadrifoglio,2019,26500,Gasoline,505.0HP 2.9L V6 Cylinder Engine Gasoline Fuel,8-Speed A/T,Gray,Black,None reported,Yes,53900.0,7,3312.5,0,0,6737.5
Land,Rover Range Rover Evoque SE,2020,38356,Gasoline,2.0 Liter,Automatic,Firenze Red Metallic,Ebony,None reported,Unknown,36598.0,6,5479.428571428572,1,0,5228.285714285715
Alfa,Romeo Stelvio Ti Sport,2020,21487,Gasoline,2.0L I4 16V GDI SOHC Turbo,8-Speed Automatic,Anodized Blue Metallic,Ice,None reported,Yes,35345.0,6,3069.5714285714284,0,0,5049.285714285715
Cadillac,Escalade EXT Base,2007,99000,Gasoline,403.0HP 6.2L 8 Cylinder Engine Gasoline Fuel,6-Speed A/T,Black,Black,None reported,Yes,22999.0,19,4950.0,0,0,1149.95
Ford,F-250 Lariat,2019,35597,E85 Flex Fuel,6.2L V8 16V MPFI SOHC Flexible Fuel,6-Speed Automatic,Black,Black,None reported,Unknown,47756.0,7,4449.625,0,0,5969.5
Nissan,350Z Enthusiast,2005,130307,Gasoline,287.0HP 3.5L V6 Cylinder Engine Gasoline Fuel,5-Speed A/T,Blue,Black,None reported,Yes,9950.0,21,5923.045454545455,0,0,452.27272727272725
Subaru,Legacy 2.5 i Premium,2010,178000,Gasoline,170.0HP 2.5L 4 Cylinder Engine Gasoline Fuel,A/T,Blue,Black,None reported,Yes,7600.0,16,10470.588235294117,0,0,447.05882352941177
Honda,Civic LX,2003,160265,Gasoline,115.0HP 1.7L 4 Cylinder Engine Gasoline Fuel,A/T,White,Gray,At least 1 accident or damage reported,Yes,3000.0,23,6677.708333333333,0,1,125.0
McLaren,570S Spider,2020,8700,Gasoline,562.0HP 3.8L 8 Cylinder Engine Gasoline Fuel,Transmission w/Dual Shift Mode,Black,Black,None reported,Yes,185000.0,6,1242.857142857143,0,0,26428.571428571428
Maserati,Ghibli S Q4,2016,1000,Gasoline,404.0HP 3.0L V6 Cylinder Engine Gasoline Fuel,Transmission w/Dual Shift Mode,Gray,Red,None reported,Yes,36000.0,10,90.9090909090909,0,0,3272.7272727272725
Jeep,Wagoneer Series II 4x4,2022,29800,Gasoline,"HEMI 5.7L V-8 variable valve control, regular unleaded, engine w","Automatic, 8-Spd",–,–,None reported,Unknown,58900.0,4,5960.0,0,0,11780.0
Maserati,Ghibli S Q4,2017,49750,Gasoline,404.0HP 3.0L V6 Cylinder Engine Gasoline Fuel,Transmission w/Dual Shift Mode,White,Red,None reported,Yes,27995.0,9,4975.0,0,0,2799.5
Lexus,RX 300 Base,2002,121000,Gasoline,220.0HP 3.0L V6 Cylinder Engine Gasoline Fuel,A/T,Silver,Black,None reported,Yes,6348.0,24,4840.0,1,0,253.92
Lincoln,Aviator Luxury,2005,140000,Gasoline,302.0HP 4.6L 8 Cylinder Engine Gasoline Fuel,A/T,Black,Beige,None reported,Yes,2000.0,21,6363.636363636364,0,0,90.9090909090909
Ford,Transit Connect XL,2018,66770,E85 Flex Fuel,169.0HP 2.5L 4 Cylinder Engine Flex Fuel Capability,6-Speed A/T,Red,–,Unknown,Unknown,21500.0,8,7418.888888888889,0,1,2388.8888888888887
Cadillac,SRX Luxury Collection,2016,61549,Gasoline,3.6 Liter SIDI DOHC,Automatic,Red,Ebony,At least 1 accident or damage reported,Unknown,19998.0,10,5595.363636363636,0,1,1818.0
Lincoln,MKS EcoBoost,2016,38100,Gasoline,365.0HP 3.5L V6 Cylinder Engine Gasoline Fuel,A/T,Silver,Beige,None reported,Yes,21000.0,10,3463.6363636363635,0,0,1909.090909090909
Toyota,Yaris Base,2010,138071,Gasoline,106.0HP 1.5L 4 Cylinder Engine Gasoline Fuel,5-Speed M/T,Red,Gray,None reported,Yes,5000.0,16,8121.823529411765,0,0,294.11764705882354
Mercedes-Benz,AMG E 63 S 4MATIC,2019,40000,Gasoline,603.0HP 4.0L 8 Cylinder Engine Gasoline Fuel,Transmission w/Dual Shift Mode,Black,Black,At least 1 accident or damage reported,Yes,72000.0,7,5000.0,1,1,9000.0
Mercedes-Benz,GLS 450 Base,2022,41545,Hybrid,3.0 Liter DOHC Twin Turbo,Automatic,MANUFAKTUR Diamond White Bright,Macchiato Beige/Black,None reported,Unknown,71998.0,4,8309.0,1,0,14399.6
Mercedes-Benz,G-Class G 550 4MATIC,2019,47850,Gasoline,416.0HP 4.0L 8 Cylinder Engine Gasoline Fuel,A/T,White,Black,At least 1 accident or damage reported,Yes,127899.0,7,5981.25,1,1,15987.375
Hyundai,Veloster Turbo R-Spec,2014,128000,Gasoline,201.0HP 1.6L 4 Cylinder Engine Gasoline Fuel,6-Speed M/T,Blue,Red,None reported,Yes,11000.0,12,9846.153846153846,0,0,846.1538461538462
Toyota,4Runner Limited,2019,48156,Gasoline,4.0L V6 24V MPFI DOHC,5-Speed Automatic,Midnight Black Metallic,Sand Beige,None reported,Unknown,40368.0,7,6019.5,0,0,5046.0
Mercedes-Benz,S-Class S 580 4MATIC,2021,4700,Hybrid,496.0HP 4.0L 8 Cylinder Engine Gasoline/Mild Electric Hybrid,9-Speed A/T,Black,Black,None reported,Yes,99900.0,5,783.3333333333334,1,0,16650.0
Audi,RS 7 4.0T Performance Prestige,2017,39071,Gasoline,4.0L V8 32V GDI DOHC Twin Turbo,8-Speed Automatic,White,Black,None reported,Unknown,67900.0,9,3907.1,1,0,6790.0
Mazda,MX-5 Miata Base,1999,96680,Gasoline,140.0HP 1.8L 4 Cylinder Engine Gasoline Fuel,5-Speed M/T,Green,Beige,At least 1 accident or damage reported,Yes,12900.0,27,3452.8571428571427,0,1,460.7142857142857
Mercedes-Benz,AMG C 43 Base,2017,53500,Gasoline,362.0HP 3.0L V6 Cylinder Engine Gasoline Fuel,9-Speed A/T,White,Brown,At least 1 accident or damage reported,Yes,33999.0,9,5350.0,1,1,3399.9
Chevrolet,Corvette Z06,2007,11025,Gasoline,505.0HP 7.0L 8 Cylinder Engine Gasoline Fuel,6-Speed M/T,Orange,Black,None reported,Yes,47500.0,19,551.25,0,0,2375.0
Ford,F-250 King Ranch,2021,44000,Diesel,475.0HP 6.7L 8 Cylinder Engine Diesel Fuel,10-Speed A/T,White,Brown,At least 1 accident or damage reported,Yes,73000.0,5,7333.333333333333,0,1,12166.666666666666
Volkswagen,Tiguan 2.0T SE,2022,11000,Gasoline,184.0HP 2.0L 4 Cylinder Engine Gasoline Fuel,A/T,Blue,White,None reported,Yes,27900.0,4,2200.0,0,0,5580.0
BMW,750 Li xDrive,2012,103000,Gasoline,407.0HP 4.4L 8 Cylinder Engine Gasoline Fuel,6-Speed A/T,Black,Black,None reported,Yes,16000.0,14,6866.666666666667,1,0,1066.6666666666667
BMW,M3 CS,2024,456,Gasoline,543.0HP 3.0L Straight 6 Cylinder Engine Gasoline Fuel,Transmission w/Dual Shift Mode,Black,Black,None reported,Yes,128995.0,2,152.0,1,0,42998.333333333336
Lexus,GX 460 Base,2018,64000,Gasoline,301.0HP 4.6L 8 Cylinder Engine Gasoline Fuel,6-Speed A/T,Red,Brown,None reported,Yes,37300.0,8,7111.111111111111,1,0,4144.444444444444
Audi,Q7 3.0T Premium,2017,108000,Gasoline,333.0HP 3.0L V6 Cylinder Engine Gasoline Fuel,8-Speed A/T,Gray,Brown,None reported,Yes,25999.0,9,10800.0,1,0,2599.9
Alfa,Romeo Stelvio Ti Sport,2018,37045,Gasoline,280.0HP 2.0L 4 Cylinder Engine Gasoline Fuel,Transmission w/Dual Shift Mode,White,Red,At least 1 accident or damage reported,Yes,26600.0,8,4116.111111111111,0,1,2955.5555555555557
Land,Rover Defender X,2023,5433,Hybrid,3.0 Liter,Automatic,Santorin Black,Black,None reported,Unknown,95998.0,3,1358.25,1,0,23999.5
BMW,750 i xDrive,2019,28744,Gasoline,4.4 Liter DOHC Twin Turbo,Automatic,Black,Black,None reported,Unknown,50998.0,7,3593.0,1,0,6374.75
BMW,M3 Base,2015,65800,Gasoline,425.0HP 3.0L Straight 6 Cylinder Engine Gasoline Fuel,Transmission w/Dual Shift Mode,White,Red,None reported,Yes,44950.0,11,5483.333333333333,1,0,3745.8333333333335
Rolls-Royce,Ghost Base,2021,850,Gasoline,563.0HP 6.7L 12 Cylinder Engine Gasoline Fuel,A/T,White,White,None reported,Yes,314900.0,5,141.66666666666666,0,0,52483.333333333336
Audi,e-tron Prestige,2019,33012,Gasoline,355.0HP Electric Motor Electric Fuel System,1-Speed A/T,Blue,Beige,None reported,Yes,38000.0,7,4126.5,1,0,4750.0
Lexus,IS 250 Base,2011,107818,Gasoline,204.0HP 2.5L V6 Cylinder Engine Gasoline Fuel,6-Speed A/T,Gray,Beige,At least 1 accident or damage reported,Yes,11400.0,15,6738.625,1,1,712.5
Land,Rover Range Rover Evoque SE Premium,2016,79500,Gasoline,240.0HP 2.0L 4 Cylinder Engine Gasoline Fuel,9-Speed A/T,White,Black,None reported,Yes,19000.0,10,7227.272727272727,1,0,1727.2727272727273
Ferrari,California T,2015,20000,Gasoline,553.0HP 3.9L 8 Cylinder Engine Gasoline Fuel,7-Speed A/T,Red,Brown,At least 1 accident or damage reported,Yes,124990.0,11,1666.6666666666667,0,1,10415.833333333334
Lexus,LC 500 Base,2018,37000,Gasoline,471.0HP 5.0L 8 Cylinder Engine Gasoline Fuel,10-Speed A/T,Black,Red,None reported,Yes,63997.0,8,4111.111111111111,1,0,7110.777777777777
Kia,EV6 Wind,2022,11945,Gasoline,111.2Ah / FR 70kW / RR 160kW (697V),Automatic,Glacier,Black,None reported,Unknown,38998.0,4,2389.0,0,0,7799.6
GMC,Sierra 1500 SLE Crew Cab,2005,131800,Gasoline,295.0HP 5.3L 8 Cylinder Engine Gasoline Fuel,4-Speed A/T,Silver,Gray,At least 1 accident or damage reported,Yes,5800.0,21,5990.909090909091,0,1,263.6363636363636
Lexus,ES 350 Base,2008,146000,Gasoline,272.0HP 3.5L V6 Cylinder Engine Gasoline Fuel,A/T,Red,Beige,None reported,Yes,8995.0,18,7684.210526315789,1,0,473.42105263157896
Nissan,370Z NISMO,2010,29000,Gasoline,350.0HP 3.7L V6 Cylinder Engine Gasoline Fuel,M/T,Silver,–,None reported,Yes,29000.0,16,1705.8823529411766,0,0,1705.8823529411766
Dodge,Ram 1500 Laramie,2004,141209,Gasoline,345.0HP 5.7L 8 Cylinder Engine Gasoline Fuel,A/T,Black,Black,None reported,Yes,5700.0,22,6139.521739130435,0,0,247.82608695652175
Ford,Expedition Limited,2016,85253,Gasoline,365.0HP 3.5L V6 Cylinder Engine Gasoline Fuel,A/T,White,Beige,None reported,Yes,19995.0,10,7750.272727272727,0,0,1817.7272727272727
INFINITI,QX70 Base,2015,87009,Gasoline,325.0HP 3.7L V6 Cylinder Engine Gasoline Fuel,A/T,Gray,Black,None reported,Yes,17800.0,11,7250.75,0,0,1483.3333333333333
BMW,X5 M Base,2023,4348,Gasoline,4.4L V8 32V GDI DOHC Twin Turbo,8-Speed Automatic,Alpine White,Black,None reported,Unknown,105900.0,3,1087.0,1,0,26475.0
Lincoln,Navigator Select,2016,158000,Gasoline,380.0HP 3.5L V6 Cylinder Engine Gasoline Fuel,Transmission w/Dual Shift Mode,Red,Beige,None reported,Yes,19780.0,10,14363.636363636364,0,0,1798.1818181818182
Volvo,V60 Cross Country T5,2020,10500,Gasoline,250.0HP 2.0L 4 Cylinder Engine Gasoline Fuel,8-Speed A/T,White,Black,None reported,Yes,36000.0,6,1500.0,0,0,5142.857142857143
Audi,A7 3.0T Premium Plus,2018,45843,Gasoline,340.0HP 3.0L V6 Cylinder Engine Gasoline Fuel,A/T,Silver,Black,None reported,Yes,37000.0,8,5093.666666666667,1,0,4111.111111111111
Ford,Bronco Sport Outer Banks,2021,15198,Gasoline,1.5L I3 12V PDI DOHC Turbo,8-Speed Automatic,Blue,Navy Pier,None reported,Yes,31621.0,5,2533.0,0,0,5270.166666666667
Volkswagen,Eurovan MV,2001,220000,Gasoline,140.0HP 2.8L V6 Cylinder Engine Gasoline Fuel,A/T,Silver,–,None reported,Yes,5500.0,25,8461.538461538461,0,0,211.53846153846155
Jaguar,F-TYPE R,2017,58000,Gasoline,550.0HP 5.0L 8 Cylinder Engine Gasoline Fuel,A/T,Black,Black,None reported,Yes,51500.0,9,5800.0,1,0,5150.0
Land,Rover Range Rover Evoque R-Dynamic HSE,2020,30424,Hybrid,2.0 Liter,Automatic,Silver,Black,None reported,Unknown,44998.0,6,4346.285714285715,1,0,6428.285714285715
RAM,1500 Laramie,2021,38012,Gasoline,5.7L V8 16V MPFI OHV,8-Speed Automatic,Delmonico Red Pearlcoat,Black,None reported,Yes,45277.0,5,6335.333333333333,0,0,7546.166666666667
Rivian,R1S Adventure Package,2023,2500,Gasoline,835.0HP Electric Motor Electric Fuel System,A/T,Gray,Gray,None reported,Yes,91000.0,3,625.0,0,0,22750.0
BMW,M760 i xDrive,2021,11078,Gasoline,"6.6L V-12 gasoline direct injection, DOHC, variable valve contro","Automatic, 8-Spd Sport w/Sport & Manual Modes",BLACK,WHITE,None reported,Unknown,91900.0,5,1846.3333333333333,1,0,15316.666666666666
Lexus,LX 570 Three-Row,2018,50000,Gasoline,383.0HP 5.7L 8 Cylinder Engine Gasoline Fuel,A/T,White,Black,None reported,Yes,65000.0,8,5555.555555555556,1,0,7222.222222222223
Land,Rover Range Rover Velar P250 SE R-Dynamic,2019,58000,Gasoline,247.0HP 2.0L 4 Cylinder Engine Gasoline Fuel,A/T,White,Black,None reported,Yes,38000.0,7,7250.0,1,0,4750.0
Acura,MDX w/Technology Package,2023,3415,Gasoline,3.5 Liter SOHC,F,White,Parchment.,None reported,Unknown,54998.0,3,853.75,0,0,13749.5
Lexus,LC 500 Base,2018,61000,Gasoline,471.0HP 5.0L 8 Cylinder Engine Gasoline Fuel,Transmission w/Dual Shift Mode,Black,Black,None reported,Yes,65000.0,8,6777.777777777777,1,0,7222.222222222223
Audi,SQ5 3.0T Prestige,2019,48500,Gasoline,349.0HP 3.0L V6 Cylinder Engine Gasoline Fuel,Transmission w/Dual Shift Mode,Gray,Black,At least 1 accident or damage reported,Yes,43500.0,7,6062.5,1,1,5437.5
Land,Rover Range Rover Velar P250 SE R-Dynamic,2018,65680,Gasoline,247.0HP 2.0L 4 Cylinder Engine Gasoline Fuel,A/T,Silver,Black,At least 1 accident or damage reported,Yes,34900.0,8,7297.777777777777,1,1,3877.777777777778
RAM,1500 Limited,2020,44362,Gasoline,5.7L V8 16V MPFI OHV,8-Speed Automatic,Bright White Clearcoat,Black,None reported,Yes,50658.0,6,6337.428571428572,0,0,7236.857142857143
Audi,S4 3.0T Premium,2019,18603,Gasoline,3.0L V6 24V GDI DOHC Turbo,8-Speed Automatic,Brilliant Black,Black,None reported,Unknown,42900.0,7,2325.375,1,0,5362.5
Audi,A8 4.0,2020,35999,Hybrid,4.0 Liter Turbo,Automatic,Mythos Black Metallic,Sarder Brown,None reported,Unknown,59598.0,6,5142.714285714285,1,0,8514.0
Cadillac,Escalade ESV Sport,2021,8044,Gasoline,420.0HP 6.2L 8 Cylinder Engine Gasoline Fuel,Transmission w/Dual Shift Mode,Black,Beige,None reported,Yes,93000.0,5,1340.6666666666667,0,0,15500.0
Mercedes-Benz,AMG GT AMG GT S,2016,9738,Gasoline,503.0HP 4.0L 8 Cylinder Engine Gasoline Fuel,7-Speed A/T,Red,Black,None reported,Yes,85500.0,10,885.2727272727273,1,0,7772.727272727273
BMW,M3 Base,2009,112000,Gasoline,420.0HP 4.0L 8 Cylinder Engine Gasoline Fuel,Transmission w/Dual Shift Mode,Gray,Black,At least 1 accident or damage reported,Yes,28000.0,17,6222.222222222223,1,1,1555.5555555555557
Honda,Accord EX-L,2009,167300,Gasoline,190.0HP 2.4L 4 Cylinder Engine Gasoline Fuel,5-Speed A/T,Silver,Black,None reported,Yes,6250.0,17,9294.444444444445,0,0,347.22222222222223
Rolls-Royce,Cullinan,2022,115,Gasoline,6.7L V12 48V GDI DOHC Twin Turbo,8-Speed Automatic,–,Grace White,None reported,Yes,449995.0,4,23.0,0,0,89999.0
Cadillac,Escalade Premium,2015,71000,Gasoline,420.0HP 6.2L 8 Cylinder Engine Gasoline Fuel,6-Speed A/T,Black,Brown,At least 1 accident or damage reported,Yes,35999.0,11,5916.666666666667,0,1,2999.9166666666665
Acura,RDX Technology Package,2020,31015,Gasoline,2.0L I4 16V GDI DOHC Turbo,10-Speed Automatic,Silver,Ebony,None reported,Yes,36570.0,6,4430.714285714285,0,0,5224.285714285715
BMW,X2 xDrive28i,2022,33000,Gasoline,228.0HP 2.0L 4 Cylinder Engine Gasoline Fuel,Transmission w/Dual Shift Mode,Orange,Black,None reported,Yes,29999.0,4,6600.0,1,0,5999.8
Chrysler,Pacifica Touring,2017,63000,–,–,9-Speed A/T,White,Beige,None reported,Yes,20000.0,9,6300.0,0,0,2000.0
Buick,Verano Convenience,2013,68325,E85 Flex Fuel,180.0HP 2.4L 4 Cylinder Engine Flex Fuel Capability,Transmission w/Dual Shift Mode,Silver,Gray,None reported,Yes,11995.0,13,4880.357142857143,0,0,856.7857142857143
Mercedes-Benz,AMG S 63 Base 4MATIC,2020,20937,Gasoline,4.0L V8 32V GDI DOHC Twin Turbo,9-Speed Automatic,Magnetite Black Metallic,Black,None reported,Unknown,104900.0,6,2991.0,1,0,14985.714285714286
RAM,2500 Tradesman,2021,34365,Gasoline,410.0HP 6.4L 8 Cylinder Engine Gasoline Fuel,8-Speed A/T,Gray,Gray,At least 1 accident or damage reported,Yes,48000.0,5,5727.5,0,1,8000.0
Mercedes-Benz,Metris Base,2018,32000,Gasoline,208.0HP 2.0L 4 Cylinder Engine Gasoline Fuel,Transmission w/Dual Shift Mode,Black,Black,None reported,Yes,44900.0,8,3555.5555555555557,1,0,4988.888888888889
Land,Rover Range Rover Evoque S,2020,40237,Gasoline,2.0 Liter,Automatic,Carpathian Grey Premium Metallic,Cloud,None reported,Unknown,36998.0,6,5748.142857142857,1,0,5285.428571428572
Volvo,XC90 T6 Inscription,2020,22500,Gasoline,316.0HP 2.0L 4 Cylinder Engine Gasoline Fuel,A/T,Black,White,None reported,Yes,50000.0,6,3214.285714285714,0,0,7142.857142857143
Ford,Expedition King Ranch,2020,58700,Gasoline,375.0HP 3.5L V6 Cylinder Engine Gasoline Fuel,10-Speed A/T,Black,Brown,At least 1 accident or damage reported,Yes,48999.0,6,8385.714285714286,0,1,6999.857142857143
Toyota,Highlander Hybrid Limited,2006,264893,Hybrid,208.0HP 3.3L V6 Cylinder Engine Gas/Electric Hybrid,A/T,Gold,Beige,At least 1 accident or damage reported,Yes,5000.0,20,12613.952380952382,0,1,238.0952380952381
Toyota,Tundra SR5 Access Cab,2005,209500,Gasoline,282.0HP 4.7L 8 Cylinder Engine Gasoline Fuel,5-Speed A/T,Blue,Gray,None reported,Yes,8500.0,21,9522.727272727272,0,0,386.3636363636364
Ford,Transit-350 Base,2023,195,Gasoline,310.0HP 3.5L V6 Cylinder Engine Gasoline Fuel,10-Speed A/T,Blue,Gray,None reported,Yes,87500.0,3,48.75,0,0,21875.0
Chevrolet,Express 3500 LT,2016,120000,Diesel,260.0HP 6.6L 8 Cylinder Engine Diesel Fuel,6-Speed A/T,White,Gray,None reported,Yes,19500.0,10,10909.09090909091,0,0,1772.7272727272727
Chevrolet,Bolt EUV Premier,2022,14676,Gasoline,200.0HP Electric Motor Electric Fuel System,A/T,Black,Blue,None reported,Yes,33000.0,4,2935.2,0,0,6600.0
Jeep,Wrangler Unlimited 4xe Sahara,2021,33704,Hybrid,2.0L I4 16V GDI DOHC Turbo Hybrid,8-Speed Automatic,Bright White Clearcoat,Black,None reported,Unknown,42998.0,5,5617.333333333333,0,0,7166.333333333333
BMW,X7 xDrive40i,2023,2950,Hybrid,375.0HP 3.0L Straight 6 Cylinder Engine Gasoline/Mild Electric Hybrid,8-Speed A/T,Black,Brown,None reported,Yes,87000.0,3,737.5,1,0,21750.0
Mercedes-Benz,AMG GT 53 Base,2021,17994,Gasoline,3.0L I6 24V GDI DOHC Turbo,9-Speed Automatic,–,–,None reported,Yes,87500.0,5,2999.0,1,0,14583.333333333334
Toyota,Tundra Limited,2020,44101,Gasoline,5.7L V8 32V MPFI DOHC,6-Speed Automatic,Gray,Black,None reported,Yes,45423.0,6,6300.142857142857,0,0,6489.0
BMW,X1 xDrive28i,2021,25918,Gasoline,228.0HP 2.0L 4 Cylinder Engine Gasoline Fuel,Transmission w/Dual Shift Mode,Gray,Black,None reported,Yes,32000.0,5,4319.666666666667,1,0,5333.333333333333
BMW,135 i,2008,87000,Gasoline,300.0HP 3.0L Straight 6 Cylinder Engine Gasoline Fuel,A/T,White,Beige,None reported,Yes,15300.0,18,4578.9473684210525,1,0,805.2631578947369
Mazda,Mazda3 Touring,2018,28333,Gasoline,184.0HP 2.5L 4 Cylinder Engine Gasoline Fuel,Transmission w/Dual Shift Mode,Blue,Black,None reported,Yes,20500.0,8,3148.1111111111113,0,0,2277.777777777778
Audi,A7 3.0T Premium Plus,2018,29294,Gasoline,340.0HP 3.0L V6 Cylinder Engine Gasoline Fuel,A/T,White,Beige,None reported,Yes,39999.0,8,3254.8888888888887,1,0,4444.333333333333
Saturn,Sky Red Line,2008,37000,Gasoline,260.0HP 2.0L 4 Cylinder Engine Gasoline Fuel,A/T,Blue,Black,None reported,Yes,14995.0,18,1947.3684210526317,0,0,789.2105263157895
BMW,Z4 2.5i Roadster,2005,138000,Gasoline,184.0HP 2.5L Straight 6 Cylinder Engine Gasoline Fuel,5-Speed A/T,White,Beige,None reported,Yes,9950.0,21,6272.727272727273,1,0,452.27272727272725
Volvo,XC90 Hybrid T8 Inscription,2020,44487,Plug-In Hybrid,400.0HP 2.0L 4 Cylinder Engine Plug-In Electric/Gas,8-Speed A/T,Blue,Brown,None reported,Yes,65000.0,6,6355.285714285715,0,0,9285.714285714286
Acura,TLX A-Spec,2021,16878,Gasoline,2.0L I4 16V GDI DOHC Turbo,10-Speed Automatic,Red,Ebony,None reported,Yes,38781.0,5,2813.0,0,0,6463.5
Acura,MDX w/Technology Package,2022,30177,Gasoline,3.5L 24V SOHC I-VTEC V6,2,Majestic Black Pearl,Espresso,None reported,Unknown,46598.0,4,6035.4,0,0,9319.6
Chevrolet,Tahoe High Country,2021,53000,Gasoline,420.0HP 6.2L 8 Cylinder Engine Gasoline Fuel,10-Speed A/T,Black,Black,At least 1 accident or damage reported,Yes,67100.0,5,8833.333333333334,0,1,11183.333333333334
Tesla,Model Y Long Range,2021,61308,Gasoline,425.0HP Electric Motor Electric Fuel System,A/T,White,White,None reported,Yes,42000.0,5,10218.0,1,0,7000.0
Mercedes-Benz,GLK-Class GLK 350,2013,99200,Gasoline,302.0HP 3.5L V6 Cylinder Engine Gasoline Fuel,A/T,Silver,Black,Unknown,Unknown,11495.0,13,7085.714285714285,1,1,821.0714285714286
Chevrolet,Traverse LS,2022,32117,Gasoline,3.6L V6 24V GDI DOHC,Automatic,Northsky Blue Metallic,Jet Black,None reported,Unknown,33299.0,4,6423.4,0,0,6659.8
BMW,550 Gran Turismo i,2013,79341,Gasoline,445.0HP 4.4L 8 Cylinder Engine Gasoline Fuel,A/T,Gold,Brown,None reported,Yes,16800.0,13,5667.214285714285,1,0,1200.0
Land,Rover Range Rover Sport HSE,2007,220000,Gasoline,300.0HP 4.4L 8 Cylinder Engine Gasoline Fuel,A/T,White,Beige,None reported,Yes,5750.0,19,11000.0,1,0,287.5
BMW,430 i xDrive,2021,16900,Gasoline,255.0HP 2.0L 4 Cylinder Engine Gasoline Fuel,8-Speed A/T,Blue,White,None reported,Yes,43000.0,5,2816.6666666666665,1,0,7166.666666666667
Porsche,Cayman Base,2007,75137,Gasoline,245.0HP 2.7L Flat 6 Cylinder Engine Gasoline Fuel,M/T,Black,Gray,At least 1 accident or damage reported,Yes,24999.0,19,3756.85,1,1,1249.95
Ford,Expedition Max King Ranch,2021,37594,Gasoline,3.5L V6 24V PDI DOHC Twin Turbo,10-Speed Automatic,Black,Mesa,None reported,Yes,62595.0,5,6265.666666666667,0,0,10432.5
Rivian,R1S Adventure Package,2023,250,Gasoline,835.0HP Electric Motor Electric Fuel System,A/T,Red,Black,Unknown,Unknown,94000.0,3,62.5,0,1,23500.0
Mercedes-Benz,GLC 300 GLC 300,2021,12771,Gasoline,2.0 Liter Turbo,Automatic,Black,–,None reported,Unknown,42598.0,5,2128.5,1,0,7099.666666666667
Ford,Mustang Shelby GT500,2012,6400,Gasoline,550.0HP 5.4L 8 Cylinder Engine Gasoline Fuel,6-Speed M/T,Silver,Black,None reported,Yes,48000.0,14,426.6666666666667,0,0,3200.0
Tesla,Model Y Long Range,2021,69548,Gasoline,425.0HP Electric Motor Electric Fuel System,1-Speed A/T,Black,Black,At least 1 accident or damage reported,Yes,36300.0,5,11591.333333333334,1,1,6050.0
Nissan,370Z Base,2009,79893,Gasoline,332.0HP 3.7L V6 Cylinder Engine Gasoline Fuel,7-Speed A/T,Silver,Black,None reported,Yes,15900.0,17,4438.5,0,0,883.3333333333334
Toyota,Sequoia Platinum,2014,124838,Gasoline,381.0HP 5.7L 8 Cylinder Engine Gasoline Fuel,A/T,Black,Gray,None reported,Yes,33000.0,12,9602.923076923076,0,0,2538.4615384615386
Nissan,NV Passenger NV3500 HD SL V8,2020,14353,Gasoline,375.0HP 5.6L 8 Cylinder Engine Gasoline Fuel,A/T,Black,Gray,None reported,Yes,63900.0,6,2050.4285714285716,0,0,9128.57142857143
Ford,Transit Connect XL w/Rear Symmetrical Doors,2022,22985,Gasoline,169.0HP 2.5L 4 Cylinder Engine Gasoline Fuel,A/T,White,Gray,None reported,Yes,33500.0,4,4597.0,0,0,6700.0
INFINITI,QX80 Base,2014,161894,Gasoline,400.0HP 5.6L 8 Cylinder Engine Gasoline Fuel,7-Speed A/T,White,Beige,None reported,Yes,18900.0,12,12453.384615384615,0,0,1453.8461538461538
Aston,Martin V8 Vantage Base,2008,25025,Gasoline,380.0HP 4.3L 8 Cylinder Engine Gasoline Fuel,6-Speed A/T,White,Black,At least 1 accident or damage reported,Yes,39000.0,18,1317.1052631578948,0,1,2052.6315789473683
Porsche,911 Carrera S,2017,16701,Gasoline,3.0 Liter,–,Red,–,None reported,Unknown,107998.0,9,1670.1,1,0,10799.8
Lotus,Evora 400 Base,2017,19650,Gasoline,400.0HP 3.5L V6 Cylinder Engine Gasoline Fuel,6-Speed M/T,Silver,Red,None reported,Yes,69250.0,9,1965.0,0,0,6925.0
Land,Rover Range Rover Velar P250 S R-Dynamic,2020,29500,Gasoline,247.0HP 2.0L 4 Cylinder Engine Gasoline Fuel,A/T,Red,White,None reported,Yes,45000.0,6,4214.285714285715,1,0,6428.571428571428
Nissan,Xterra S,2007,132272,Gasoline,261.0HP 4.0L V6 Cylinder Engine Gasoline Fuel,M/T,Gray,Gray,At least 1 accident or damage reported,Yes,6700.0,19,6613.6,0,1,335.0
Dodge,Charger R/T,2012,122000,Gasoline,370.0HP 5.7L 8 Cylinder Engine Gasoline Fuel,5-Speed A/T,White,Black,At least 1 accident or damage reported,Yes,13500.0,14,8133.333333333333,0,1,900.0
Buick,Encore GX Essence,2022,18185,Gasoline,1.3L I3 12V GDI DOHC Turbo,Automatic CVT,Summit White,Whisper Beige,None reported,Unknown,31755.0,4,3637.0,0,0,6351.0
Nissan,Leaf S,2018,56450,Gasoline,147.0HP Electric Motor Electric Fuel System,A/T,Black,Black,At least 1 accident or damage reported,Yes,13999.0,8,6272.222222222223,0,1,1555.4444444444443
Nissan,Leaf SL,2012,102000,Gasoline,107.0HP Electric Motor Electric Fuel System,1-Speed A/T,Silver,Gray,None reported,Yes,4200.0,14,6800.0,0,0,280.0
Jeep,Grand Wagoneer Series III,2022,18428,Gasoline,6.4 Liter,Automatic,Baltic Gray,Black,None reported,Unknown,83998.0,4,3685.6,0,0,16799.6
Nissan,Z Proto Spec,2023,535,Gasoline,400.0HP 3.0L V6 Cylinder Engine Gasoline Fuel,6-Speed M/T,Yellow,Black,None reported,Yes,65990.0,3,133.75,0,0,16497.5
Land,Rover Range Rover Sport HSE,2013,81648,Gasoline,"5L V-8 gasoline direct injection, DOHC, variable valve control,","Auto, 6-Spd w/CmdShft",Fuji White,–,None reported,Unknown,15900.0,13,5832.0,1,0,1135.7142857142858
Porsche,Boxster S,2003,138202,Gasoline,3.2L H6 24V MPFI DOHC,6-Speed Manual,Silver,Black,At least 1 accident or damage reported,Yes,22550.0,23,5758.416666666667,1,1,939.5833333333334
Bentley,Continental GT Base,2004,69600,Gasoline,550.0HP 6.0L 12 Cylinder Engine Gasoline Fuel,A/T,Silver,Black,None reported,Yes,37900.0,22,3026.086956521739,0,0,1647.8260869565217
Jaguar,F-TYPE R,2018,39900,Gasoline,550.0HP 5.0L 8 Cylinder Engine Gasoline Fuel,8-Speed A/T,White,Black,None reported,Yes,53600.0,8,4433.333333333333,1,0,5955.555555555556
Cadillac,Escalade ESV Sport,2021,36500,Gasoline,420.0HP 6.2L 8 Cylinder Engine Gasoline Fuel,Transmission w/Dual Shift Mode,White,Black,None reported,Yes,85000.0,5,6083.333333333333,0,0,14166.666666666666
Audi,TT 2.0T,2018,42650,Gasoline,220.0HP 2.0L 4 Cylinder Engine Gasoline Fuel,Transmission w/Dual Shift Mode,Gray,Black,None reported,Yes,31990.0,8,4738.888888888889,1,0,3554.4444444444443
Jeep,Wrangler Unlimited Sahara,2020,68816,Gasoline,2.0L I4 16V GDI DOHC Turbo,8-Speed Automatic,Black Clearcoat,Black,None reported,Yes,35297.0,6,9830.857142857143,0,0,5042.428571428572
Audi,S6 4.0T,2016,91188,Gasoline,450.0HP 4.0L 8 Cylinder Engine Gasoline Fuel,7-Speed A/T,Black,Black,None reported,Yes,29995.0,10,8289.818181818182,1,0,2726.818181818182
GMC,Sierra 2500 SLE,2015,116210,E85 Flex Fuel,360.0HP 6.0L 8 Cylinder Engine Flex Fuel Capability,Transmission Overdrive Switch,Black,Beige,None reported,Yes,31900.0,11,9684.166666666666,0,0,2658.3333333333335
Tesla,Model 3 Long Range,2022,3077,Gasoline,Dual Motor - Standard,Automatic,Silver,Black,None reported,Unknown,44998.0,4,615.4,1,0,8999.6
Mazda,CX-90 Premium,2024,3880,Gasoline,2.5L,8-Speed Automatic,Machine Gray Metallic,Black,None reported,Yes,52991.0,2,1293.3333333333333,0,0,17663.666666666668
Ford,C-Max Energi SE,2017,67482,Plug-In Hybrid,188.0HP 2.0L 4 Cylinder Engine Plug-In Electric/Gas,CVT Transmission,Gray,Black,At least 1 accident or damage reported,Yes,11499.0,9,6748.2,0,1,1149.9
Cadillac,Escalade ESV Platinum,2018,67726,Gasoline,420.0HP 6.2L 8 Cylinder Engine Gasoline Fuel,10-Speed A/T,Black,Black,None reported,Yes,52000.0,8,7525.111111111111,0,0,5777.777777777777
Audi,TT 3.2 Cabriolet quattro,2008,207000,Gasoline,250.0HP 3.2L V6 Cylinder Engine Gasoline Fuel,6-Speed M/T,Black,Black,At least 1 accident or damage reported,Yes,10500.0,18,10894.736842105263,1,1,552.6315789473684
Hyundai,Santa Fe SE,2021,35550,Gasoline,2.5L I4 16V PDI DOHC,8-Speed Automatic,Twilight Black,Black,At least 1 accident or damage reported,Yes,25987.0,5,5925.0,0,1,4331.166666666667
Mercedes-Benz,AMG GLE AMG GLE 63 S-Model 4MATIC,2016,44000,Gasoline,577.0HP 5.5L 8 Cylinder Engine Gasoline Fuel,7-Speed A/T,Black,Black,None reported,Yes,46599.0,10,4000.0,1,0,4236.272727272727
Mercedes-Benz,SL-Class SL 550,2015,11249,Gasoline,429.0HP 4.7L 8 Cylinder Engine Gasoline Fuel,7-Speed A/T,White,Beige,None reported,Yes,54500.0,11,937.4166666666666,1,0,4541.666666666667
Acura,MDX 3.5L Technology Package,2014,111650,Gasoline,290.0HP 3.5L V6 Cylinder Engine Gasoline Fuel,6-Speed A/T,Green,Beige,At least 1 accident or damage reported,Yes,17500.0,12,8588.461538461539,0,1,1346.1538461538462
RAM,2500 Laramie,2019,18526,Diesel,6.7L I6 24V DDI OHV Turbo Diesel,6-Speed Automatic,Pearl White,Black,None reported,Unknown,67999.0,7,2315.75,0,0,8499.875
Audi,A7 Premium,2012,103272,Gasoline,310.0HP 3.0L V6 Cylinder Engine Gasoline Fuel,8-Speed A/T,Black,Brown,None reported,Yes,15500.0,14,6884.8,1,0,1033.3333333333333
BMW,M2 Base,2023,1160,Gasoline,453.0HP 3.0L Straight 6 Cylinder Engine Gasoline Fuel,6-Speed M/T,Gray,Black,None reported,Yes,73600.0,3,290.0,1,0,18400.0
RAM,1500 Laramie,2019,107714,Gasoline,5.7L V8 16V MPFI OHV,8-Speed Automatic,Diamond Black,Black,None reported,Yes,34918.0,7,13464.25,0,0,4364.75
Audi,Q5 2.0T Premium Plus,2013,111773,Gasoline,211.0HP 2.0L 4 Cylinder Engine Gasoline Fuel,8-Speed A/T,Brown,Beige,None reported,Yes,17000.0,13,7983.785714285715,1,0,1214.2857142857142
Cadillac,XTS Luxury,2019,54002,Gasoline,304.0HP 3.6L V6 Cylinder Engine Gasoline Fuel,A/T,Black,Beige,At least 1 accident or damage reported,Yes,22500.0,7,6750.25,0,1,2812.5
Volkswagen,Jetta 1.4T SE,2016,87000,Gasoline,150.0HP 1.4L 4 Cylinder Engine Gasoline Fuel,Transmission w/Dual Shift Mode,Gray,Gray,At least 1 accident or damage reported,Yes,13000.0,10,7909.090909090909,0,1,1181.8181818181818
Ford,Focus RS Base,2016,49700,Gasoline,350.0HP 2.3L 4 Cylinder Engine Gasoline Fuel,6-Speed M/T,Blue,Black,None reported,Yes,31700.0,10,4518.181818181818,0,0,2881.818181818182
Mercedes-Benz,AMG C 63 S,2017,34500,Gasoline,503.0HP 4.0L 8 Cylinder Engine Gasoline Fuel,7-Speed A/T,Gray,Black,None reported,Yes,64600.0,9,3450.0,1,0,6460.0
Ford,Bronco Sport Big Bend,2021,31729,Gasoline,1.5L I3 12V PDI DOHC Turbo,8-Speed Automatic,Maroon,Medium Dark Slate,At least 1 accident or damage reported,Yes,29614.0,5,5288.166666666667,0,1,4935.666666666667
Jeep,Gladiator Overland,2021,7388,Gasoline,3.6L V6 24V MPFI DOHC,8-Speed Automatic,Firecracker Red Clearcoat,Black,None reported,Yes,43663.0,5,1231.3333333333333,0,0,7277.166666666667
BMW,330e iPerformance,2017,41550,Plug-In Hybrid,247.0HP 2.0L 4 Cylinder Engine Plug-In Electric/Gas,Transmission w/Dual Shift Mode,Silver,Black,None reported,Yes,20995.0,9,4155.0,1,0,2099.5
Mercedes-Benz,GLC 300 Base 4MATIC,2018,44486,Gasoline,2.0L I4 16V GDI DOHC Turbo,9-Speed Automatic,Gray,Black,None reported,Unknown,25625.0,8,4942.888888888889,1,0,2847.222222222222
Acura,MDX 3.7L Advance,2013,20750,Gasoline,300.0HP 3.7L V6 Cylinder Engine Gasoline Fuel,6-Speed A/T,Black,Black,None reported,Yes,33000.0,13,1482.142857142857,0,0,2357.1428571428573
Genesis,G70 3.3T,2022,12000,Gasoline,365.0HP 3.3L V6 Cylinder Engine Gasoline Fuel,8-Speed A/T,Green,Beige,None reported,Yes,41000.0,4,2400.0,0,0,8200.0
Lexus,LX 570 Three-Row,2021,14206,Gasoline,383.0HP 5.7L 8 Cylinder Engine Gasoline Fuel,A/T,Black,Black,None reported,Yes,98000.0,5,2367.6666666666665,1,0,16333.333333333334
Jeep,Grand Cherokee L Limited,2022,31700,Gasoline,293.0HP 3.6L V6 Cylinder Engine Gasoline Fuel,A/T,Gray,Black,None reported,Yes,43500.0,4,6340.0,0,0,8700.0
Hyundai,IONIQ Plug-In Hybrid SEL,2022,13044,Plug-In Hybrid,139.0HP 1.6L 4 Cylinder Engine Plug-In Electric/Gas,A/T,Blue,Gray,At least 1 accident or damage reported,Yes,24999.0,4,2608.8,0,1,4999.8
Kia,Sportage LX,2009,100730,Gasoline,173.0HP 2.7L V6 Cylinder Engine Gasoline Fuel,A/T,Gold,Gold,None reported,Yes,6975.0,17,5596.111111111111,0,0,387.5
BMW,X5 PHEV xDrive45e,2023,5338,Plug-In Hybrid,389.0HP 3.0L Straight 6 Cylinder Engine Plug-In Electric/Gas,8-Speed A/T,Blue,White,None reported,Yes,76500.0,3,1334.5,1,0,19125.0
Ford,Expedition EL XLT,2014,85149,Gasoline,5.4 Liter,Automatic,Oxford White,Camel Leather,None reported,Unknown,23598.0,12,6549.923076923077,0,0,1815.2307692307693
BMW,X6 M Base,2018,48291,Gasoline,567.0HP 4.4L 8 Cylinder Engine Gasoline Fuel,Transmission w/Dual Shift Mode,Gray,Brown,None reported,Yes,67250.0,8,5365.666666666667,1,0,7472.222222222223
Volkswagen,Eurovan MV,2001,111887,Gasoline,140.0HP 2.8L V6 Cylinder Engine Gasoline Fuel,A/T,Blue,Gray,None reported,Yes,14000.0,25,4303.346153846154,0,0,538.4615384615385
Rolls-Royce,Ghost Base,2010,79000,Gasoline,563.0HP 6.6L 12 Cylinder Engine Gasoline Fuel,8-Speed A/T,Silver,Black,None reported,Yes,69000.0,16,4647.058823529412,0,0,4058.823529411765
Lincoln,Navigator Reserve,2016,125000,Gasoline,380.0HP 3.5L V6 Cylinder Engine Gasoline Fuel,Transmission w/Dual Shift Mode,Gray,Beige,None reported,Yes,26500.0,10,11363.636363636364,0,0,2409.090909090909
Mercedes-Benz,GLA 250 Base 4MATIC,2022,13777,Gasoline,221.0HP 2.0L 4 Cylinder Engine Gasoline Fuel,8-Speed A/T,Black,Black,At least 1 accident or damage reported,Yes,39777.0,4,2755.4,1,1,7955.4
RAM,1500 Big Horn,2022,14920,Gasoline,3.6L V6 24V MPFI DOHC,Automatic,Diamond Black,Black,None reported,Yes,41741.0,4,2984.0,0,0,8348.2
Jeep,Grand Cherokee L Summit,2022,14627,Gasoline,3.6L V6 24V MPFI DOHC,Automatic,Diamond Black,Tupelo,None reported,Unknown,56740.0,4,2925.4,0,0,11348.0
Volvo,S80 3.2,2010,90050,Gasoline,235.0HP 3.2L Straight 6 Cylinder Engine Gasoline Fuel,A/T,Brown,Beige,None reported,Yes,5800.0,16,5297.058823529412,0,0,341.1764705882353
Subaru,BRZ Premium,2014,45000,Gasoline,200.0HP 2.0L 4 Cylinder Engine Gasoline Fuel,6-Speed M/T,Blue,Black,At least 1 accident or damage reported,Yes,25000.0,12,3461.5384615384614,0,1,1923.076923076923
Chevrolet,Corvette Base,1998,7666,Gasoline,340.0HP 5.7L 8 Cylinder Engine Gasoline Fuel,4-Speed A/T,Red,Black,None reported,Yes,39500.0,28,264.3448275862069,0,0,1362.0689655172414
Hummer,H2 SUT,2006,89900,Gasoline,325.0HP 6.0L 8 Cylinder Engine Gasoline Fuel,4-Speed A/T,Red,Beige,None reported,Yes,29994.0,20,4280.952380952381,0,0,1428.2857142857142
Audi,RS 7 4.0T,2021,14724,Hybrid,4.0 Liter TFSI,Automatic,Glacier White,Black/Red,None reported,Unknown,101998.0,5,2454.0,1,0,16999.666666666668
Ford,Edge Sport,2011,132000,Gasoline,305.0HP 3.7L V6 Cylinder Engine Gasoline Fuel,Transmission w/Dual Shift Mode,Black,Black,At least 1 accident or damage reported,Yes,10999.0,15,8250.0,0,1,687.4375
GMC,Terrain SLT,2010,32652,Gasoline,182.0HP 2.4L 4 Cylinder Engine Gasoline Fuel,6-Speed A/T,Red,Brown,None reported,Yes,6500.0,16,1920.7058823529412,0,0,382.3529411764706
Land,Rover Range Rover 5.0L Supercharged Autobiography LWB,2018,36632,Gasoline,518.0HP 5.0L 8 Cylinder Engine Gasoline Fuel,8-Speed A/T,Blue,Blue,Unknown,Unknown,72567.0,8,4070.222222222222,1,1,8063.0
Jeep,Grand Cherokee WK Laredo X,2022,11164,Gasoline,293.0HP 3.6L V6 Cylinder Engine Gasoline Fuel,8-Speed A/T,Black,Black,None reported,Yes,37500.0,4,2232.8,0,0,7500.0
BMW,M4 Base,2020,22655,Gasoline,425.0HP 3.0L Straight 6 Cylinder Engine Gasoline Fuel,7-Speed A/T,Silver,Black,None reported,Yes,63999.0,6,3236.4285714285716,1,0,9142.714285714286
Mercedes-Benz,AMG GT 63 S 4-Door,2019,9500,Gasoline,630.0HP 4.0L 8 Cylinder Engine Gasoline Fuel,Transmission w/Dual Shift Mode,Gray,Gray,None reported,Yes,135000.0,7,1187.5,1,0,16875.0
Chevrolet,Camaro 1LT,2021,10300,Gasoline,335.0HP 3.6L V6 Cylinder Engine Gasoline Fuel,M/T,Black,Black,None reported,Yes,29900.0,5,1716.6666666666667,0,0,4983.333333333333
BMW,X6 M Base,2018,48000,Gasoline,567.0HP 4.4L 8 Cylinder Engine Gasoline Fuel,8-Speed A/T,Blue,Black,None reported,Yes,54000.0,8,5333.333333333333,1,0,6000.0
Mercedes-Benz,CLK-Class 550,2007,138000,Gasoline,382.0HP 5.5L 8 Cylinder Engine Gasoline Fuel,7-Speed A/T,Silver,Black,At least 1 accident or damage reported,Yes,10000.0,19,6900.0,1,1,500.0
RAM,1500 TRX,2022,24058,Gasoline,"HEMI 6.2L V-8 intercooled supercharger, premium unleaded, engine","Automatic, 8-Spd",Flame Red Clearcoat,BLACK,None reported,Unknown,81900.0,4,4811.6,0,0,16380.0
Audi,RS 7 4.0T Prestige,2016,31500,Gasoline,560.0HP 4.0L 8 Cylinder Engine Gasoline Fuel,8-Speed A/T,Gray,Black,None reported,Yes,67000.0,10,2863.6363636363635,1,0,6090.909090909091
Porsche,Macan S,2020,19701,Gasoline,3.0 Liter,Automatic,–,–,None reported,Unknown,55998.0,6,2814.4285714285716,1,0,7999.714285714285
Genesis,GV70 3.5T Sport,2022,10200,Gasoline,375.0HP 3.5L V6 Cylinder Engine Gasoline Fuel,A/T,White,Black,None reported,Yes,50500.0,4,2040.0,0,0,10100.0
Aston,Martin V8 Vantage Base,2008,62378,Gasoline,380.0HP 4.3L 8 Cylinder Engine Gasoline Fuel,M/T,Red,Beige,At least 1 accident or damage reported,Yes,33995.0,18,3283.0526315789475,0,1,1789.2105263157894
Nissan,350Z Touring,2006,84200,Gasoline,300.0HP 3.5L V6 Cylinder Engine Gasoline Fuel,6-Speed M/T,Silver,Gray,None reported,Yes,10200.0,20,4009.5238095238096,0,0,485.7142857142857
Toyota,Sequoia SR5,2013,138700,E85 Flex Fuel,381.0HP 5.7L 8 Cylinder Engine Flex Fuel Capability,A/T,White,Gray,At least 1 accident or damage reported,Yes,18800.0,13,9907.142857142857,0,1,1342.857142857143
Chevrolet,Tahoe Premier,2021,41050,Gasoline,355.0HP 5.3L 8 Cylinder Engine Gasoline Fuel,10-Speed A/T,Gray,Gray,None reported,Yes,62900.0,5,6841.666666666667,0,0,10483.333333333334
Jeep,Compass Limited,2020,39192,Gasoline,2.4L I4 16V MPFI SOHC,9-Speed Automatic,White Clearcoat,Black,None reported,Unknown,24590.0,6,5598.857142857143,0,0,3512.8571428571427
BMW,430 430i,2022,7758,Gasoline,2.0 Liter Turbo,Automatic,Black,Black,None reported,Unknown,47998.0,4,1551.6,1,0,9599.6
Ford,Bronco Sport Outer Banks,2021,31654,Gasoline,1.5L I3 12V PDI DOHC Turbo,8-Speed Automatic,Rapid Red Metallic Tinted Clearcoat,Navy Pier,None reported,Unknown,33410.0,5,5275.666666666667,0,0,5568.333333333333
Mercedes-Benz,AMG C 63 Base,2017,63000,Gasoline,469.0HP 4.0L 8 Cylinder Engine Gasoline Fuel,A/T,White,Black,At least 1 accident or damage reported,Yes,42000.0,9,6300.0,1,1,4200.0
Volvo,S40 T5,2005,257700,Gasoline,218.0HP 2.5L 5 Cylinder Engine Gasoline Fuel,6-Speed M/T,Red,Beige,None reported,Yes,3550.0,21,11713.636363636364,0,0,161.36363636363637
Mercedes-Benz,GLE 350 Base 4MATIC,2017,57000,Gasoline,302.0HP 3.5L V6 Cylinder Engine Gasoline Fuel,7-Speed A/T,White,Black,At least 1 accident or damage reported,Yes,29500.0,9,5700.0,1,1,2950.0
Chevrolet,Silverado 1500 1LT,2017,89000,Gasoline,355.0HP 5.3L 8 Cylinder Engine Gasoline Fuel,6-Speed A/T,Gray,Gray,None reported,Yes,29999.0,9,8900.0,0,0,2999.9
Chevrolet,Tahoe LTZ,2015,134500,Gasoline,355.0HP 5.3L 8 Cylinder Engine Gasoline Fuel,A/T,Black,Black,None reported,Yes,28000.0,11,11208.333333333334,0,0,2333.3333333333335
Acura,MDX Technology,2022,15895,Gasoline,3.5L V6 24V GDI SOHC,10-Speed Automatic,Majestic Black Pearl,Parchment,None reported,Unknown,47950.0,4,3179.0,0,0,9590.0
Bentley,Bentayga Speed,2020,15109,Gasoline,6.0L W12 48V PDI DOHC Twin Turbo,8-Speed Automatic,Ice,Beluga Hide,Unknown,Unknown,162950.0,6,2158.4285714285716,0,1,23278.571428571428
Rolls-Royce,Cullinan,2022,398,Gasoline,6.7L V12 48V GDI DOHC Twin Turbo,8-Speed Automatic,Silver,Charles Blue,None reported,Yes,695000.0,4,79.6,0,0,139000.0
Genesis,GV70 2.5T,2022,20319,Gasoline,300.0HP 2.5L 4 Cylinder Engine Gasoline Fuel,Transmission w/Dual Shift Mode,White,Black,None reported,Yes,44249.0,4,4063.8,0,0,8849.8
Pontiac,Firebird Base,1999,158000,Gasoline,200.0HP 3.8L V6 Cylinder Engine Gasoline Fuel,4-Speed A/T,White,Black,At least 1 accident or damage reported,Yes,2500.0,27,5642.857142857143,0,1,89.28571428571429
Lexus,GX 460 Base,2021,40906,Gasoline,4.6 Liter,Automatic,Black,Black,None reported,Unknown,51998.0,5,6817.666666666667,1,0,8666.333333333334
BMW,ALPINA B7 ALPINA B7 xDrive,2020,33749,Gasoline,4.4 Liter Twin Turbo,Automatic,Blue,Red,None reported,Unknown,85998.0,6,4821.285714285715,1,0,12285.42857142857
BMW,M4 Competition xDrive,2023,1120,Gasoline,503.0HP 3.0L Straight 6 Cylinder Engine Gasoline Fuel,8-Speed A/T,Gray,White,None reported,Yes,92900.0,3,280.0,1,0,23225.0
Jeep,Grand Cherokee L Limited,2021,26088,Gasoline,3.6L V6 24V MPFI DOHC,8-Speed Automatic,Silver Zynith,Global Black,None reported,Unknown,38383.0,5,4348.0,0,0,6397.166666666667
Kia,Forte GT-Line,2022,14950,Gasoline,147.0HP 2.0L 4 Cylinder Engine Gasoline Fuel,A/T,Silver,Gray,At least 1 accident or damage reported,Yes,24000.0,4,2990.0,0,1,4800.0
Kia,Forte LX,2018,47466,Gasoline,"2L I-4 DOHC, D-CVVT variable valve control, engine with 147HP",Automatic,Silky Silver,Black,None reported,Unknown,14699.0,8,5274.0,0,0,1633.2222222222222
BMW,X6 M Base,2022,10376,Gasoline,4.4L V8 32V GDI DOHC Twin Turbo,8-Speed Automatic,Ametrin Metallic,Black,None reported,Unknown,98900.0,4,2075.2,1,0,19780.0
RAM,ProMaster 3500 High Roof,2021,18500,Gasoline,280.0HP 3.6L V6 Cylinder Engine Gasoline Fuel,A/T,White,Black,None reported,Yes,41950.0,5,3083.3333333333335,0,0,6991.666666666667
Volkswagen,Atlas Cross Sport 3.6L V6 SEL Premium,2021,24596,Gasoline,3.6L V6 24V GDI DOHC,8-Speed Automatic,Deep Black Pearl Effect,Titan Black / Quarzit,None reported,Unknown,38322.0,5,4099.333333333333,0,0,6387.0
Hyundai,Santa Fe SEL,2021,2905,Gasoline,2.5L I4 16V PDI DOHC,8-Speed Automatic,Shimmering Silver,Black,None reported,Unknown,27599.0,5,484.1666666666667,0,0,4599.833333333333
Jaguar,XF 3.0 Portfolio,2015,71290,Gasoline,340.0HP 3.0L V6 Cylinder Engine Gasoline Fuel,A/T,Brown,Black,At least 1 accident or damage reported,Yes,21000.0,11,5940.833333333333,1,1,1750.0
Audi,A7 55 Premium Plus,2022,15000,Hybrid,335.0HP 3.0L V6 Cylinder Engine Gasoline/Mild Electric Hybrid,A/T,Gray,Black,None reported,Yes,63000.0,4,3000.0,1,0,12600.0
INFINITI,QX30 Premium,2017,37900,Gasoline,208.0HP 2.0L 4 Cylinder Engine Gasoline Fuel,7-Speed A/T,Gray,Black,None reported,Yes,22000.0,9,3790.0,0,0,2200.0
Mercedes-Benz,AMG G 63 4MATIC,2022,2000,Gasoline,577.0HP 4.0L 8 Cylinder Engine Gasoline Fuel,Transmission w/Dual Shift Mode,Black,Black,Unknown,Unknown,244896.0,4,400.0,1,1,48979.2
Mercedes-Benz,AMG C 43 AMG C 43 4MATIC,2019,32500,Gasoline,385.0HP 3.0L V6 Cylinder Engine Gasoline Fuel,9-Speed A/T,Black,Black,None reported,Yes,43500.0,7,4062.5,1,0,5437.5
Mitsubishi,Lancer Evolution Base,2003,61491,Gasoline,271.0HP 2.0L 4 Cylinder Engine Gasoline Fuel,5-Speed M/T,Blue,Black,At least 1 accident or damage reported,Yes,28000.0,23,2562.125,0,1,1166.6666666666667
Jeep,Wrangler Unlimited Sport,2013,77634,Gasoline,3.6L V6 24V MPFI DOHC,5-Speed Automatic,Gecko Pearlcoat,Black,None reported,Unknown,24590.0,13,5545.285714285715,0,0,1756.4285714285713
Audi,A3 2.0 TDI Premium Plus,2015,83000,Diesel,150.0HP 2.0L 4 Cylinder Engine Diesel Fuel,6-Speed A/T,Black,Black,At least 1 accident or damage reported,Yes,18999.0,11,6916.666666666667,1,1,1583.25
Volkswagen,Jetta GLX VR6,2002,121800,Gasoline,174.0HP 2.8L V6 Cylinder Engine Gasoline Fuel,5-Speed M/T,Black,Black,None reported,Yes,4300.0,24,4872.0,0,0,172.0
BMW,ALPINA B7 ALPINA B7 xDrive,2020,65852,Gasoline,4.4 Liter Twin Turbo,Automatic,Black,Mocha,None reported,Unknown,68998.0,6,9407.42857142857,1,0,9856.857142857143
Bentley,Bentayga Azure First Edition,2023,1335,Gasoline,4.0L V8 32V GDI DOHC Twin Turbo,8-Speed Automatic,Onyx,Portland,None reported,Yes,272950.0,3,333.75,0,0,68237.5
Mercedes-Benz,CLA-Class CLA 250,2014,83315,Gasoline,208.0HP 2.0L 4 Cylinder Engine Gasoline Fuel,A/T,White,White,None reported,Yes,15000.0,12,6408.846153846154,1,0,1153.8461538461538
BMW,i8 Base,2019,18421,Plug-In Hybrid,369.0HP 1.5L 3 Cylinder Engine Plug-In Electric/Gas,6-Speed A/T,Black,Black,Unknown,Unknown,85000.0,7,2302.625,1,1,10625.0
Lexus,CT 200h Premium,2015,101000,Hybrid,134.0HP 1.8L 4 Cylinder Engine Gas/Electric Hybrid,A/T,Black,Black,At least 1 accident or damage reported,Yes,16500.0,11,8416.666666666666,1,1,1375.0
Toyota,Tundra SR5,2022,29322,Gasoline,3.4L V6 24V PDI DOHC Twin Turbo,10-Speed Automatic,Gray,Black,None reported,Unknown,44999.0,4,5864.4,0,0,8999.8
Mercedes-Benz,SLC 300 Base,2019,23900,Gasoline,241.0HP 2.0L 4 Cylinder Engine Gasoline Fuel,9-Speed A/T,White,Black,None reported,Yes,35999.0,7,2987.5,1,0,4499.875
Mercedes-Benz,AMG C AMG C 63 S,2016,40515,Gasoline,4.0L V8 32V GDI DOHC Twin Turbo,7-Speed Automatic,Black,Black,At least 1 accident or damage reported,Unknown,47999.0,10,3683.181818181818,1,1,4363.545454545455
Ford,F-150 XLT,2020,67516,Gasoline,3.5L V6 24V PDI DOHC Twin Turbo,Automatic,Gray,Medium Light Camel,None reported,Yes,36994.0,6,9645.142857142857,0,0,5284.857142857143
Mazda,CX-9 Grand Touring,2010,155000,Gasoline,273.0HP 3.7L V6 Cylinder Engine Gasoline Fuel,6-Speed A/T,Silver,Black,None reported,Yes,8300.0,16,9117.64705882353,0,0,488.2352941176471
Honda,Ridgeline RTL-E,2019,26998,Gasoline,3.5L V6 24V GDI SOHC,6-Speed Automatic,Black,Black,None reported,Unknown,35557.0,7,3374.75,0,0,4444.625
Bentley,Bentayga Onyx Edition,2018,18500,Gasoline,600.0HP 6.0L 12 Cylinder Engine Gasoline Fuel,8-Speed A/T,Black,Brown,None reported,Yes,115000.0,8,2055.5555555555557,0,0,12777.777777777777
MINI,Cooper S Clubman Base,2009,137600,Gasoline,172.0HP 1.6L 4 Cylinder Engine Gasoline Fuel,6-Speed M/T,Gold,Black,None reported,Yes,6880.0,17,7644.444444444444,0,0,382.22222222222223
Nissan,Murano SL,2005,125500,Gasoline,245.0HP 3.5L V6 Cylinder Engine Gasoline Fuel,CVT Transmission,Black,Beige,None reported,Yes,3950.0,21,5704.545454545455,0,0,179.54545454545453
Bentley,Bentayga V8,2019,22039,Gasoline,542.0HP 4.0L 8 Cylinder Engine Gasoline Fuel,8-Speed A/T,White,Black,None reported,Yes,113990.0,7,2754.875,0,0,14248.75
Nissan,Juke SV,2011,137483,Gasoline,188.0HP 1.6L 4 Cylinder Engine Gasoline Fuel,CVT Transmission,White,Gray,None reported,Yes,3200.0,15,8592.6875,0,0,200.0
Ford,Expedition Max Limited,2019,67500,Gasoline,375.0HP 3.5L V6 Cylinder Engine Gasoline Fuel,10-Speed A/T,Gray,Black,None reported,Yes,40500.0,7,8437.5,0,0,5062.5
Ford,Expedition Max King Ranch,2020,52000,Gasoline,375.0HP 3.5L V6 Cylinder Engine Gasoline Fuel,10-Speed A/T,Gray,Brown,At least 1 accident or damage reported,Yes,53722.0,6,7428.571428571428,0,1,7674.571428571428
Lamborghini,Murcielago Base,2006,10000,Gasoline,571.0HP 6.2L 12 Cylinder Engine Gasoline Fuel,A/T,Red,Black,None reported,Yes,259000.0,20,476.1904761904762,0,0,12333.333333333334
Chevrolet,Suburban LT,2017,195361,Gasoline,355.0HP 5.3L 8 Cylinder Engine Gasoline Fuel,Transmission Overdrive Switch,Black,Black,At least 1 accident or damage reported,Yes,26000.0,9,19536.1,0,1,2600.0
Bentley,Bentayga Onyx Edition,2018,32500,Gasoline,600.0HP 6.0L 12 Cylinder Engine Gasoline Fuel,A/T,Black,Beige,At least 1 accident or damage reported,Yes,103000.0,8,3611.1111111111113,0,1,11444.444444444445
BMW,M760 i xDrive,2019,14806,Gasoline,601.0HP 6.6L 12 Cylinder Engine Gasoline Fuel,Transmission w/Dual Shift Mode,Black,Black,At least 1 accident or damage reported,Yes,81330.0,7,1850.75,1,1,10166.25
Genesis,GV70 2.5T,2022,11000,Gasoline,300.0HP 2.5L 4 Cylinder Engine Gasoline Fuel,A/T,White,–,At least 1 accident or damage reported,Yes,48950.0,4,2200.0,0,1,9790.0
Chevrolet,Tahoe LT,2011,92530,E85 Flex Fuel,320.0HP 5.3L 8 Cylinder Engine Flex Fuel Capability,A/T,Red,Black,At least 1 accident or damage reported,Yes,18500.0,15,5783.125,0,1,1156.25
Dodge,Durango GT,2017,34845,Gasoline,295.0HP 3.6L V6 Cylinder Engine Gasoline Fuel,A/T,White,Black,At least 1 accident or damage reported,Yes,30000.0,9,3484.5,0,1,3000.0
Porsche,718 Cayman GTS,2018,16280,Gasoline,365.0HP 2.5L 4 Cylinder Engine Gasoline Fuel,Transmission w/Dual Shift Mode,Red,Black,None reported,Yes,85500.0,8,1808.888888888889,1,0,9500.0
Porsche,Cayman Base,2011,77000,Gasoline,265.0HP 2.9L Flat 6 Cylinder Engine Gasoline Fuel,A/T,Red,Beige,None reported,Yes,32000.0,15,4812.5,1,0,2000.0
Porsche,Panamera Turbo,2010,63000,Gasoline,500.0HP 4.8L 8 Cylinder Engine Gasoline Fuel,7-Speed A/T,Black,Beige,At least 1 accident or damage reported,Yes,38500.0,16,3705.8823529411766,1,1,2264.705882352941
Lexus,ES 350 Base,2016,39700,Gasoline,268.0HP 3.5L V6 Cylinder Engine Gasoline Fuel,6-Speed A/T,White,Beige,None reported,Yes,25500.0,10,3609.090909090909,1,0,2318.181818181818
Kia,Optima Hybrid LX,2013,103111,Hybrid,199.0HP 2.4L 4 Cylinder Engine Gas/Electric Hybrid,A/T,Silver,Beige,At least 1 accident or damage reported,Yes,9200.0,13,7365.071428571428,0,1,657.1428571428571
Land,Rover Range Rover Velar R-Dynamic SE,2019,75897,Gasoline,2.0 Liter,Automatic,Black,Black,None reported,Unknown,35998.0,7,9487.125,1,0,4499.75
Jaguar,XF S,2017,55000,Gasoline,380.0HP 3.0L V6 Cylinder Engine Gasoline Fuel,Transmission w/Dual Shift Mode,Gray,Red,None reported,Yes,34000.0,9,5500.0,1,0,3400.0
Lexus,GX 470 Base,2005,114000,Gasoline,270.0HP 4.7L 8 Cylinder Engine Gasoline Fuel,A/T,Silver,Gray,At least 1 accident or damage reported,Yes,13450.0,21,5181.818181818182,1,1,611.3636363636364
Mercedes-Benz,GL-Class GL 550,2011,80124,Gasoline,382.0HP 5.5L 8 Cylinder Engine Gasoline Fuel,7-Speed A/T,Black,Black,None reported,Yes,17500.0,15,5007.75,1,0,1093.75
BMW,X6 M Base,2023,7000,Gasoline,600.0HP 4.4L 8 Cylinder Engine Gasoline Fuel,Transmission w/Dual Shift Mode,Gray,Gray,None reported,Yes,144900.0,3,1750.0,1,0,36225.0
RAM,1500 Longhorn,2023,4285,Gasoline,5.7L V8 16V MPFI OHV,Automatic,Delmonico Red Pearlcoat,Black / Saddle,None reported,Yes,65688.0,3,1071.25,0,0,16422.0
Lamborghini,Huracan LP580-2S,2019,17175,Gasoline,5.2L V10 40V GDI DOHC,7-Speed Automatic with Auto-Shift,Rosso Mars Metallic,Nero Ade,None reported,Unknown,234900.0,7,2146.875,0,0,29362.5
Toyota,Highlander Hybrid Limited Platinum,2017,34049,Hybrid,3.5L V6 24V PDI DOHC Hybrid,Automatic CVT,Shoreline Blue Pearl,Ash,None reported,Unknown,37999.0,9,3404.9,0,0,3799.9
Audi,e-tron Prestige,2019,16000,Gasoline,355.0HP Electric Motor Electric Fuel System,A/T,White,Beige,At least 1 accident or damage reported,Yes,39990.0,7,2000.0,1,1,4998.75
GMC,Suburban 2500,1996,95000,Gasoline,290.0HP 7.4L 8 Cylinder Engine Gasoline Fuel,4-Speed A/T,White,Gray,None reported,Yes,25000.0,30,3064.516129032258,0,0,806.4516129032259
Land,Rover Range Rover Velar SVAutobiography Dynamic Edition,2020,59355,Gasoline,V8,Automatic,Santorini Black,Ebony / Pimento,None reported,Yes,72995.0,6,8479.285714285714,1,0,10427.857142857143
Chevrolet,Bolt EUV Premier,2022,31000,Gasoline,200.0HP Electric Motor Electric Fuel System,1-Speed A/T,Red,White,None reported,Yes,36000.0,4,6200.0,0,0,7200.0
BMW,M240 i,2019,19300,Gasoline,335.0HP 3.0L Straight 6 Cylinder Engine Gasoline Fuel,8-Speed A/T,White,Red,None reported,Yes,36000.0,7,2412.5,1,0,4500.0
Cadillac,Escalade EXT Base,2009,155000,E85 Flex Fuel,403.0HP 6.2L 8 Cylinder Engine Flex Fuel Capability,6-Speed A/T,Red,Beige,At least 1 accident or damage reported,Yes,16900.0,17,8611.111111111111,0,1,938.8888888888889
Scion,tC Release Series 6.0,2010,120010,Gasoline,161.0HP 2.4L 4 Cylinder Engine Gasoline Fuel,4-Speed A/T,Gray,Black,At least 1 accident or damage reported,Yes,6500.0,16,7059.411764705882,0,1,382.3529411764706
Kia,Optima EX,2012,152520,Gasoline,200.0HP 2.4L 4 Cylinder Engine Gasoline Fuel,6-Speed A/T,White,Beige,None reported,Yes,10900.0,14,10168.0,0,0,726.6666666666666
Honda,Civic EX,1993,58981,–,–,A/T,White,Beige,None reported,Yes,9599.0,33,1734.735294117647,0,0,282.3235294117647
Maserati,Quattroporte Base,2005,32000,Gasoline,394.0HP 4.2L 8 Cylinder Engine Gasoline Fuel,Transmission w/Dual Shift Mode,Red,Beige,At least 1 accident or damage reported,Yes,2954083.0,21,1454.5454545454545,0,1,134276.5
Porsche,Panamera Turbo,2015,47000,Gasoline,520.0HP 4.8L 8 Cylinder Engine Gasoline Fuel,Transmission w/Dual Shift Mode,Black,Brown,None reported,Yes,50000.0,11,3916.6666666666665,1,0,4166.666666666667
Genesis,G70 2.0T,2023,2046,Gasoline,252.0HP 2.0L 4 Cylinder Engine Gasoline Fuel,8-Speed A/T,Green,Gray,None reported,Yes,43499.0,3,511.5,0,0,10874.75
Chevrolet,Trailblazer LS,2021,24965,Gasoline,1.2L I3 12V GDI DOHC Turbo,Automatic CVT,Mosaic Black Metallic,Jet Black,At least 1 accident or damage reported,Yes,22995.0,5,4160.833333333333,0,1,3832.5
Toyota,Camry LE,2005,108000,Gasoline,160.0HP 2.4L 4 Cylinder Engine Gasoline Fuel,5-Speed A/T,Beige,Gray,None reported,Yes,7850.0,21,4909.090909090909,0,0,356.8181818181818
Toyota,Sienna LE,2015,76000,Gasoline,266.0HP 3.5L V6 Cylinder Engine Gasoline Fuel,A/T,Red,Gray,None reported,Yes,18300.0,11,6333.333333333333,0,0,1525.0
Porsche,911 Carrera S,2014,30000,Gasoline,400.0HP 3.8L Flat 6 Cylinder Engine Gasoline Fuel,7-Speed A/T,Black,Brown,None reported,Yes,78500.0,12,2307.6923076923076,1,0,6038.461538461538
Volvo,V60 T6 R-Design Platinum,2015,59271,Gasoline,325.0HP 3.0L Straight 6 Cylinder Engine Gasoline Fuel,6-Speed A/T,Blue,Black,None reported,Yes,29900.0,11,4939.25,0,0,2491.6666666666665
Lexus,LX 600 Premium,2023,1500,Gasoline,409.0HP 3.4L V6 Cylinder Engine Gasoline Fuel,10-Speed A/T,Gray,Black,Unknown,Unknown,119500.0,3,375.0,1,1,29875.0
BMW,330e iPerformance,2017,52500,Plug-In Hybrid,247.0HP 2.0L 4 Cylinder Engine Plug-In Electric/Gas,Transmission w/Dual Shift Mode,Blue,Black,At least 1 accident or damage reported,Yes,24950.0,9,5250.0,1,1,2495.0
Tesla,Model Y Long Range,2020,23100,Gasoline,425.0HP Electric Motor Electric Fuel System,A/T,Blue,White,None reported,Yes,36495.0,6,3300.0,1,0,5213.571428571428
FIAT,124 Spider Abarth,2017,45000,Gasoline,164.0HP 1.4L 4 Cylinder Engine Gasoline Fuel,6-Speed M/T,Gray,Black,At least 1 accident or damage reported,Yes,22500.0,9,4500.0,0,1,2250.0
Dodge,Ram 1500 Quad Cab,2002,179000,Gasoline,245.0HP 5.9L 8 Cylinder Engine Gasoline Fuel,A/T,Black,Black,At least 1 accident or damage reported,Yes,6500.0,24,7160.0,0,1,260.0
Toyota,Supra A91-MT Edition,2023,1500,Gasoline,382.0HP 3.0L Straight 6 Cylinder Engine Gasoline Fuel,6-Speed M/T,Gray,Orange,None reported,Yes,84900.0,3,375.0,0,0,21225.0
BMW,X7 xDrive40i,2022,38671,Hybrid,3.0 Liter Turbo,Automatic,Gray,Blk,None reported,Unknown,66998.0,4,7734.2,1,0,13399.6
Jeep,Wrangler Unlimited X,2007,135465,Gasoline,205.0HP 3.8L V6 Cylinder Engine Gasoline Fuel,A/T,Black,Gray,None reported,Yes,15750.0,19,6773.25,0,0,787.5
MINI,Countryman Cooper S ALL4,2014,79000,Gasoline,181.0HP 1.6L 4 Cylinder Engine Gasoline Fuel,Transmission w/Dual Shift Mode,White,Black,None reported,Yes,17000.0,12,6076.923076923077,0,0,1307.6923076923076
Nissan,Maxima SV,2012,42259,Gasoline,290.0HP 3.5L V6 Cylinder Engine Gasoline Fuel,CVT Transmission,Black,Black,At least 1 accident or damage reported,Yes,17000.0,14,2817.266666666667,0,1,1133.3333333333333
Toyota,Camry Solara SLE V6,2006,159890,Gasoline,225.0HP 3.3L V6 Cylinder Engine Gasoline Fuel,A/T,Blue,Gray,At least 1 accident or damage reported,Yes,6500.0,20,7613.809523809524,0,1,309.5238095238095
Maserati,Grecale Modena,2023,2200,Hybrid,325.0HP 2.0L 4 Cylinder Engine Gasoline/Mild Electric Hybrid,Transmission w/Dual Shift Mode,Black,Red,None reported,Yes,75000.0,3,550.0,0,0,18750.0
Lexus,RX 450h Base,2022,15833,Hybrid,308.0HP 3.5L V6 Cylinder Engine Gas/Electric Hybrid,CVT Transmission,White,Beige,None reported,Yes,52000.0,4,3166.6,1,0,10400.0
BMW,328 i xDrive,2013,96000,Gasoline,240.0HP 2.0L 4 Cylinder Engine Gasoline Fuel,Transmission w/Dual Shift Mode,Black,Black,At least 1 accident or damage reported,Yes,13500.0,13,6857.142857142857,1,1,964.2857142857143
BMW,135 i,2009,72900,Gasoline,300.0HP 3.0L Straight 6 Cylinder Engine Gasoline Fuel,6-Speed A/T,Gray,Gray,None reported,Yes,15500.0,17,4050.0,1,0,861.1111111111111
BMW,X7 M50i,2021,7121,Gasoline,4.4 Liter Twin Turbo,Automatic,Gray,Black,None reported,Unknown,94998.0,5,1186.8333333333333,1,0,15833.0
Hyundai,Tucson Hybrid SEL Convenience,2023,3402,Hybrid,226.0HP 1.6L 4 Cylinder Engine Gas/Electric Hybrid,A/T,White,Black,None reported,Yes,44000.0,3,850.5,0,0,11000.0
Volvo,C30 T5 Premier Plus,2013,73000,Gasoline,227.0HP 2.5L 5 Cylinder Engine Gasoline Fuel,A/T,Silver,Black,None reported,Yes,13900.0,13,5214.285714285715,0,0,992.8571428571429
Karma,Revero Base,2018,21000,Gasoline,403.0HP 2.0L Electric Motor Electric Fuel System,A/T,White,Black,None reported,Yes,51000.0,8,2333.3333333333335,0,0,5666.666666666667
BMW,X7 xDrive40i,2021,30309,Hybrid,3.0 Liter Turbo,Automatic,Blue,Tan,None reported,Unknown,63598.0,5,5051.5,1,0,10599.666666666666
Ford,Mustang Mach-E California Route 1,2021,24000,Gasoline,290.0HP Electric Motor Electric Fuel System,1-Speed A/T,White,Black,None reported,Yes,38000.0,5,4000.0,0,0,6333.333333333333
BMW,740 i,2016,73000,Gasoline,320.0HP 3.0L Straight 6 Cylinder Engine Gasoline Fuel,Transmission w/Dual Shift Mode,Black,Black,None reported,Yes,23999.0,10,6636.363636363636,1,0,2181.7272727272725
Ford,Edge SEL,2019,26465,Gasoline,2.0L I4 16V GDI DOHC Turbo,8-Speed Automatic,White Platinum Tri-Coat Metallic,Ebony,None reported,Unknown,24998.0,7,3308.125,0,0,3124.75
Volkswagen,Arteon 2.0T SEL Premium R-Line,2020,26870,Gasoline,2.0L I4 16V GDI DOHC Turbo,8-Speed Automatic,Deep Black Pearl Effect,Mistral Gray / Raven,At least 1 accident or damage reported,Yes,34645.0,6,3838.5714285714284,0,1,4949.285714285715
Honda,Pilot EX,2004,184000,Gasoline,240.0HP 3.5L V6 Cylinder Engine Gasoline Fuel,A/T,Blue,Gray,At least 1 accident or damage reported,Yes,10500.0,22,8000.0,0,1,456.5217391304348
BMW,X7 ALPINA XB7,2022,4514,Gasoline,4.4 Liter Twin Turbo,Automatic,Gray,Black,None reported,Unknown,132998.0,4,902.8,1,0,26599.6
RAM,2500 Tradesman,2022,1300,Gasoline,410.0HP 6.4L 8 Cylinder Engine Gasoline Fuel,8-Speed A/T,Red,Black,None reported,Yes,48000.0,4,260.0,0,0,9600.0
Jeep,Grand Cherokee Limited,2018,49924,Gasoline,293.0HP 3.6L V6 Cylinder Engine Gasoline Fuel,8-Speed A/T,White,Black,None reported,Yes,26500.0,8,5547.111111111111,0,0,2944.4444444444443
GMC,Yukon Denali,2019,36526,Gasoline,420.0HP 6.2L 8 Cylinder Engine Gasoline Fuel,10-Speed A/T,Red,Black,None reported,Yes,57850.0,7,4565.75,0,0,7231.25
BMW,M6 Base,2015,37000,Gasoline,560.0HP 4.4L 8 Cylinder Engine Gasoline Fuel,Transmission w/Dual Shift Mode,Silver,Silver,None reported,Yes,45950.0,11,3083.3333333333335,1,0,3829.1666666666665
Acura,MDX 3.5L w/Advance & Entertainment Pkgs,2017,79884,Gasoline,3.5L V6 24V GDI SOHC,9-Speed Automatic,Gray,Graystone,At least 1 accident or damage reported,Unknown,24840.0,9,7988.4,0,1,2484.0
Volkswagen,Beetle 1.8T,2016,30000,Gasoline,170.0HP 1.8L 4 Cylinder Engine Gasoline Fuel,Transmission w/Dual Shift Mode,Blue,Beige,At least 1 accident or damage reported,Yes,19000.0,10,2727.2727272727275,0,1,1727.2727272727273
BMW,X6 M Base,2021,11102,Gasoline,600.0HP 4.4L 8 Cylinder Engine Gasoline Fuel,8-Speed A/T,Black,Black,None reported,Yes,101000.0,5,1850.3333333333333,1,0,16833.333333333332
Ford,Mustang GT Premium,2012,105500,Gasoline,412.0HP 5.0L 8 Cylinder Engine Gasoline Fuel,6-Speed M/T,Silver,Black,None reported,Yes,19000.0,14,7033.333333333333,0,0,1266.6666666666667
BMW,X7 xDrive50i,2019,31157,Gasoline,4.4 Liter GDI DOHC Twin Turbo,Automatic,Black,Blk,None reported,Unknown,65998.0,7,3894.625,1,0,8249.75
Kia,Sorento LX V6,2019,86204,Gasoline,3.3L V6 24V GDI DOHC,8-Speed Automatic,Sparkling Silver,Satin Black,At least 1 accident or damage reported,Unknown,20708.0,7,10775.5,0,1,2588.5
BMW,435 i,2014,80211,Gasoline,300.0HP 3.0L Straight 6 Cylinder Engine Gasoline Fuel,A/T,Gray,Red,At least 1 accident or damage reported,Yes,17995.0,12,6170.076923076923,1,1,1384.2307692307693
Aston,Martin V8 Vantage Base,2010,25991,Gasoline,420.0HP 4.7L 8 Cylinder Engine Gasoline Fuel,6-Speed A/T,Silver,Black,None reported,Yes,69995.0,16,1528.8823529411766,0,0,4117.35294117647
Mercedes-Benz,CLK-Class CLK 350,2008,73000,Gasoline,268.0HP 3.5L V6 Cylinder Engine Gasoline Fuel,7-Speed A/T,Black,Black,None reported,Yes,8400.0,18,3842.1052631578946,1,0,442.10526315789474
BMW,740 i,2018,40989,Gasoline,320.0HP 3.0L Straight 6 Cylinder Engine Gasoline Fuel,8-Speed A/T,Black,Gold,None reported,Yes,35000.0,8,4554.333333333333,1,0,3888.8888888888887
Dodge,Caliber Express,2010,102681,Gasoline,158.0HP 2.0L 4 Cylinder Engine Gasoline Fuel,M/T,Red,Black,None reported,Yes,6000.0,16,6040.058823529412,0,0,352.94117647058823
Acura,ZDX Base,2010,123000,Gasoline,300.0HP 3.7L V6 Cylinder Engine Gasoline Fuel,Transmission w/Dual Shift Mode,Black,Black,At least 1 accident or damage reported,Yes,13888.0,16,7235.294117647059,0,1,816.9411764705883
Jeep,Wrangler X,2005,160900,Gasoline,190.0HP 4.0L Straight 6 Cylinder Engine Gasoline Fuel,4-Speed A/T,Black,–,At least 1 accident or damage reported,Yes,7200.0,21,7313.636363636364,0,1,327.27272727272725
BMW,M3 Base,2011,105000,Gasoline,414.0HP 4.0L 8 Cylinder Engine Gasoline Fuel,6-Speed M/T,Silver,Black,At least 1 accident or damage reported,Yes,21900.0,15,6562.5,1,1,1368.75
Kia,Sportage Plug-In Hybrid X-Line,2023,1340,Plug-In Hybrid,177.0HP 1.6L 4 Cylinder Engine Plug-In Electric/Gas,A/T,Black,Black,None reported,Yes,41000.0,3,335.0,0,0,10250.0
Ford,Mustang Mach-E Premium,2021,17850,Gasoline,266.0HP Electric Motor Electric Fuel System,A/T,Red,Black,None reported,Yes,41999.0,5,2975.0,0,0,6999.833333333333
BMW,M3 Base,2011,72277,Gasoline,414.0HP 4.0L 8 Cylinder Engine Gasoline Fuel,Transmission w/Dual Shift Mode,Gray,Red,None reported,Yes,34950.0,15,4517.3125,1,0,2184.375
Jeep,Wrangler Rubicon,2023,7000,Hybrid,285.0HP 3.6L V6 Cylinder Engine Gasoline/Mild Electric Hybrid,8-Speed A/T,Gray,Black,None reported,Yes,46000.0,3,1750.0,0,0,11500.0
Porsche,Panamera 4 Platinum Edition,2022,10627,Gasoline,"2.9L V-6 gasoline direct injection, DOHC, variable valve control","Automatic, 8-Spd PDK Dual-Clutch",Chalk,BLACK,None reported,Unknown,99000.0,4,2125.4,1,0,19800.0
Ford,Explorer XLT,2020,67015,Gasoline,2.3L I4 16V GDI DOHC Turbo,10-Speed Automatic,Oxford White,Sandstone,None reported,Unknown,28590.0,6,9573.57142857143,0,0,4084.285714285714
BMW,M4 Base,2018,19600,Gasoline,425.0HP 3.0L Straight 6 Cylinder Engine Gasoline Fuel,7-Speed A/T,Black,Black,At least 1 accident or damage reported,Yes,62000.0,8,2177.777777777778,1,1,6888.888888888889
Ford,Mustang Mach-E Premium,2022,5800,Gasoline,346.0HP Electric Motor Electric Fuel System,1-Speed A/T,White,White,None reported,Yes,42500.0,4,1160.0,0,0,8500.0
FIAT,500e Battery Electric,2017,33812,Gasoline,111.0HP Electric Motor Electric Fuel System,1-Speed A/T,Silver,Black,None reported,Yes,14999.0,9,3381.2,0,0,1499.9
Cadillac,Escalade Luxury,2015,99897,Gasoline,420.0HP 6.2L 8 Cylinder Engine Gasoline Fuel,8-Speed A/T,Black,Black,None reported,Yes,26950.0,11,8324.75,0,0,2245.8333333333335
Mercedes-Benz,SL-Class SL 550,2014,127500,Gasoline,429.0HP 4.7L 8 Cylinder Engine Gasoline Fuel,Transmission w/Dual Shift Mode,White,White,None reported,Yes,29000.0,12,9807.692307692309,1,0,2230.769230769231
Ford,Expedition Limited,2021,23842,Gasoline,3.5L V6 24V PDI DOHC Twin Turbo,10-Speed Automatic,Gray,Medium Stone,None reported,Yes,59203.0,5,3973.6666666666665,0,0,9867.166666666666
Rivian,R1S Adventure Package,2023,2108,Gasoline,835.0HP Electric Motor Electric Fuel System,1-Speed A/T,Silver,White,None reported,Yes,91000.0,3,527.0,0,0,22750.0
BMW,M6 Base,2014,65550,Gasoline,560.0HP 4.4L 8 Cylinder Engine Gasoline Fuel,Transmission w/Dual Shift Mode,Black,Black,None reported,Yes,39985.0,12,5042.307692307692,1,0,3075.769230769231
Lamborghini,Huracan LP580-2,2017,22000,Gasoline,573.0HP 5.2L 10 Cylinder Engine Gasoline Fuel,Transmission w/Dual Shift Mode,White,Black,None reported,Yes,210000.0,9,2200.0,0,0,21000.0
Ford,Bronco Wildtrak Advanced,2022,15600,Gasoline,315.0HP 2.7L V6 Cylinder Engine Gasoline Fuel,Transmission w/Dual Shift Mode,Gray,–,At least 1 accident or damage reported,Yes,68995.0,4,3120.0,0,1,13799.0
Lexus,LC 500 Base,2021,22400,Gasoline,471.0HP 5.0L 8 Cylinder Engine Gasoline Fuel,A/T,White,Red,None reported,Yes,81900.0,5,3733.3333333333335,1,0,13650.0
Lexus,LS 460 Crafted Line,2015,89150,Gasoline,360.0HP 4.6L 8 Cylinder Engine Gasoline Fuel,A/T,White,Black,None reported,Yes,31900.0,11,7429.166666666667,1,0,2658.3333333333335
BMW,M4 Base,2023,15000,Gasoline,"3L I-6 gasoline direct injection, DOHC, Double VANOS variable va","Automatic, 8-Spd M STEPTRONIC w/Drivelogic, Sport & Manual Modes",BLUE,ORANGE,None reported,Unknown,81000.0,3,3750.0,1,0,20250.0
Audi,A3 2.0T Tech Premium,2018,49500,Gasoline,220.0HP 2.0L 4 Cylinder Engine Gasoline Fuel,6-Speed A/T,Blue,Gray,None reported,Yes,25000.0,8,5500.0,1,0,2777.777777777778
Audi,S8 4.2 quattro,2003,126000,Gasoline,360.0HP 4.2L 8 Cylinder Engine Gasoline Fuel,Transmission w/Dual Shift Mode,Gray,Black,Unknown,Unknown,13850.0,23,5250.0,1,1,577.0833333333334
Volkswagen,Golf GTI 2.0T Autobahn 4-Door,2015,85385,Gasoline,210.0HP 2.0L 4 Cylinder Engine Gasoline Fuel,6-Speed M/T,Gray,Black,None reported,Yes,15550.0,11,7115.416666666667,0,0,1295.8333333333333
Cadillac,Escalade Sport,2023,3000,Diesel,277.0HP 3.0L Straight 6 Cylinder Engine Diesel Fuel,A/T,White,Brown,None reported,Yes,123999.0,3,750.0,0,0,30999.75
Hyundai,Tucson SE,2018,66126,Gasoline,2.0L I4 16V GDI DOHC,6-Speed Automatic,Dazzling White,Gray,None reported,Unknown,19190.0,8,7347.333333333333,0,0,2132.222222222222
Toyota,GR86 Premium,2023,1075,Gasoline,228.0HP 2.4L 4 Cylinder Engine Gasoline Fuel,6-Speed M/T,White,Black,None reported,Yes,35000.0,3,268.75,0,0,8750.0
Ford,Bronco Raptor,2023,2489,Gasoline,3.0L V6 24V GDI DOHC Twin Turbo,10-Speed Automatic,Oxford White,Black Onyx,None reported,Unknown,98900.0,3,622.25,0,0,24725.0
Hyundai,Santa Fe SEL,2021,25000,Gasoline,191.0HP 2.5L 4 Cylinder Engine Gasoline Fuel,8-Speed A/T,Black,Gray,None reported,Yes,28500.0,5,4166.666666666667,0,0,4750.0
Nissan,Armada Platinum,2017,92000,Gasoline,390.0HP 5.6L 8 Cylinder Engine Gasoline Fuel,7-Speed A/T,Black,Black,None reported,Yes,20900.0,9,9200.0,0,0,2090.0
Lexus,GX 470 Base,2008,123500,Gasoline,263.0HP 4.7L 8 Cylinder Engine Gasoline Fuel,A/T,White,Gray,At least 1 accident or damage reported,Yes,14500.0,18,6500.0,1,1,763.1578947368421
Cadillac,CTS Premium,2013,105000,Gasoline,318.0HP 3.6L V6 Cylinder Engine Gasoline Fuel,6-Speed A/T,Black,Black,At least 1 accident or damage reported,Yes,12000.0,13,7500.0,0,1,857.1428571428571
Audi,R8 Base,2008,49000,Gasoline,420.0HP 4.2L 8 Cylinder Engine Gasoline Fuel,6-Speed M/T,Black,Black,None reported,Yes,63000.0,18,2578.9473684210525,1,0,3315.7894736842104
Jaguar,F-PACE S,2020,28357,Gasoline,3.0 Liter,Automatic,Santorini Black Metallic,Pimento Red w/Ebony,None reported,Unknown,47598.0,6,4051.0,1,0,6799.714285714285
Chevrolet,Silverado 1500 1LT,2018,81000,E85 Flex Fuel,285.0HP 4.3L V6 Cylinder Engine Flex Fuel Capability,A/T,Red,Gray,None reported,Yes,32000.0,8,9000.0,0,0,3555.5555555555557
Ford,Expedition Limited,2021,45000,Gasoline,375.0HP 3.5L V6 Cylinder Engine Gasoline Fuel,Transmission w/Dual Shift Mode,Gray,Black,None reported,Yes,52000.0,5,7500.0,0,0,8666.666666666666
Toyota,Sequoia Platinum,2011,173456,E85 Flex Fuel,381.0HP 5.7L 8 Cylinder Engine Flex Fuel Capability,6-Speed A/T,Black,Gray,At least 1 accident or damage reported,Yes,16000.0,15,10841.0,0,1,1000.0
BMW,M440 i,2021,13700,Hybrid,382.0HP 3.0L Straight 6 Cylinder Engine Gasoline/Mild Electric Hybrid,8-Speed A/T,Black,Beige,Unknown,Unknown,60000.0,5,2283.3333333333335,1,1,10000.0
Audi,A8 L 55,2019,93400,Hybrid,335.0HP 3.0L V6 Cylinder Engine Gasoline/Mild Electric Hybrid,A/T,Silver,Brown,None reported,Yes,42500.0,7,11675.0,1,0,5312.5
Toyota,Avalon XLE,2015,90000,Gasoline,268.0HP 3.5L V6 Cylinder Engine Gasoline Fuel,6-Speed A/T,White,Beige,None reported,Yes,18200.0,11,7500.0,0,0,1516.6666666666667
Porsche,Macan Base,2017,40600,Gasoline,252.0HP 2.0L 4 Cylinder Engine Gasoline Fuel,7-Speed A/T,Gray,Black,None reported,Yes,32000.0,9,4060.0,1,0,3200.0
Lexus,IS 350 F Sport,2023,20121,Gasoline,311.0HP 3.5L V6 Cylinder Engine Gasoline Fuel,8-Speed A/T,Gray,Red,None reported,Yes,47124.0,3,5030.25,1,0,11781.0
Mercedes-Benz,Metris Base,2020,3921,Gasoline,2.0L I4 16V GDI DOHC Turbo,7-Speed Automatic,Black,White,None reported,Yes,175000.0,6,560.1428571428571,1,0,25000.0
Lexus,RX 350 Base,2011,187450,Gasoline,275.0HP 3.5L V6 Cylinder Engine Gasoline Fuel,A/T,Silver,Beige,At least 1 accident or damage reported,Yes,10400.0,15,11715.625,1,1,650.0
Toyota,Supra A91 Edition,2021,6400,Gasoline,382.0HP 3.0L Straight 6 Cylinder Engine Gasoline Fuel,Transmission w/Dual Shift Mode,Gray,Black,None reported,Yes,68000.0,5,1066.6666666666667,0,0,11333.333333333334
Mercedes-Benz,AMG C 43 Base 4MATIC,2017,54500,Gasoline,362.0HP 3.0L V6 Cylinder Engine Gasoline Fuel,9-Speed A/T,White,Black,None reported,Yes,37995.0,9,5450.0,1,0,3799.5
BMW,X6 xDrive50i,2017,78500,Gasoline,445.0HP 4.4L 8 Cylinder Engine Gasoline Fuel,8-Speed A/T,Red,Brown,At least 1 accident or damage reported,Yes,42000.0,9,7850.0,1,1,4200.0
Chevrolet,Tahoe LT,2018,75000,Gasoline,355.0HP 5.3L 8 Cylinder Engine Gasoline Fuel,6-Speed A/T,Silver,Black,None reported,Yes,36000.0,8,8333.333333333334,0,0,4000.0
Ford,F-150 SVT Raptor,2014,89988,Gasoline,411.0HP 6.2L 8 Cylinder Engine Gasoline Fuel,A/T,Red,Red,At least 1 accident or damage reported,Yes,42500.0,12,6922.153846153846,0,1,3269.230769230769
Subaru,Outback 3.0 R VDC Limited,2005,107000,Gasoline,250.0HP 3.0L Flat 6 Cylinder Engine Gasoline Fuel,A/T,Gold,Beige,None reported,Yes,7100.0,21,4863.636363636364,0,0,322.72727272727275
Alfa,Romeo Giulia Ti,2019,21400,Gasoline,280.0HP 2.0L 4 Cylinder Engine Gasoline Fuel,8-Speed A/T,White,Black,None reported,Yes,28500.0,7,2675.0,0,0,3562.5
Mazda,CX-7 Grand Touring,2007,83150,Gasoline,244.0HP 2.3L 4 Cylinder Engine Gasoline Fuel,6-Speed A/T,White,Beige,None reported,Yes,6950.0,19,4157.5,0,0,347.5
Ford,F-150 Platinum,2018,92000,Diesel,250.0HP 3.0L V6 Cylinder Engine Diesel Fuel,10-Speed A/T,Black,Black,At least 1 accident or damage reported,Yes,36500.0,8,10222.222222222223,0,1,4055.5555555555557
Mercedes-Benz,GLE 350 Base 4MATIC,2021,15042,Gasoline,2.0L I4 16V GDI DOHC Turbo,9-Speed Automatic,Selenite Gray Metallic,Macchiato,None reported,Unknown,54599.0,5,2507.0,1,0,9099.833333333334
Audi,A7 3.0T Premium Plus,2017,39000,Gasoline,333.0HP 3.0L V6 Cylinder Engine Gasoline Fuel,Transmission w/Dual Shift Mode,Black,Black,At least 1 accident or damage reported,Yes,35000.0,9,3900.0,1,1,3500.0
RAM,2500 Laramie,2017,67483,Gasoline,410.0HP 6.4L 8 Cylinder Engine Gasoline Fuel,6-Speed A/T,Brown,Beige,At least 1 accident or damage reported,Yes,46500.0,9,6748.3,0,1,4650.0
Tesla,Model S 70D,2015,62089,Gasoline,329.0HP Electric Motor Electric Fuel System,A/T,Black,Beige,None reported,Yes,29975.0,11,5174.083333333333,1,0,2497.9166666666665
Audi,S8 4.0T Plus,2017,54300,Gasoline,605.0HP 4.0L 8 Cylinder Engine Gasoline Fuel,8-Speed A/T,Black,Black,None reported,Yes,53500.0,9,5430.0,1,0,5350.0
Hyundai,Sonata Hybrid Limited,2022,30565,Hybrid,192.0HP 2.0L 4 Cylinder Engine Gas/Electric Hybrid,A/T,Gray,Black,None reported,Yes,29000.0,4,6113.0,0,0,5800.0
Audi,A8 L 4.0T,2016,142666,Gasoline,450.0HP 4.0L 8 Cylinder Engine Gasoline Fuel,8-Speed A/T,Black,Black,At least 1 accident or damage reported,Yes,22000.0,10,12969.636363636364,1,1,2000.0
Ford,Ranger Sport SuperCab,2009,166200,Gasoline,207.0HP 4.0L V6 Cylinder Engine Gasoline Fuel,A/T,Blue,Gray,At least 1 accident or damage reported,Yes,6999.0,17,9233.333333333334,0,1,388.8333333333333
INFINITI,Q50 Hybrid Premium,2015,88977,Hybrid,354.0HP 3.5L V6 Cylinder Engine Gas/Electric Hybrid,7-Speed A/T,Gray,Black,At least 1 accident or damage reported,Yes,19977.0,11,7414.75,0,1,1664.75
BMW,M3 Base,2011,114890,Gasoline,414.0HP 4.0L 8 Cylinder Engine Gasoline Fuel,Transmission w/Dual Shift Mode,White,Beige,None reported,Yes,20990.0,15,7180.625,1,0,1311.875
Mercedes-Benz,E-Class E 350 4MATIC,2009,171000,Gasoline,268.0HP 3.5L V6 Cylinder Engine Gasoline Fuel,5-Speed A/T,Black,Black,At least 1 accident or damage reported,Yes,4750.0,17,9500.0,1,1,263.8888888888889
Ford,Explorer sport,2019,90067,Gasoline,3.5L V6 24V GDI DOHC Twin Turbo,6-Speed Automatic,Black,Ebony Black,None reported,Unknown,28590.0,7,11258.375,0,0,3573.75
Chevrolet,Camaro 1LT,2014,97579,Gasoline,323.0HP 3.6L V6 Cylinder Engine Gasoline Fuel,Transmission w/Dual Shift Mode,Black,Black,At least 1 accident or damage reported,Yes,15000.0,12,7506.076923076923,0,1,1153.8461538461538
Mazda,MX-5 Miata RF Grand Touring,2017,52000,Gasoline,155.0HP 2.0L 4 Cylinder Engine Gasoline Fuel,6-Speed M/T,Black,Black,At least 1 accident or damage reported,Yes,20500.0,9,5200.0,0,1,2050.0
Jeep,Grand Cherokee L Limited,2021,25968,Gasoline,3.6L V6 24V MPFI DOHC,8-Speed Automatic,Metallic,Global Black,None reported,Unknown,38405.0,5,4328.0,0,0,6400.833333333333
MINI,Hardtop Cooper S,2016,41680,Gasoline,189.0HP 2.0L 4 Cylinder Engine Gasoline Fuel,6-Speed A/T,Silver,Black,None reported,Yes,17495.0,10,3789.090909090909,0,0,1590.4545454545455
Saab,9-3 SE,2002,77200,Gasoline,205.0HP 2.0L 4 Cylinder Engine Gasoline Fuel,5-Speed M/T,Black,Beige,None reported,Yes,7500.0,24,3088.0,0,0,300.0
BMW,X5 xDrive40i,2019,50000,Gasoline,335.0HP 3.0L Straight 6 Cylinder Engine Gasoline Fuel,8-Speed A/T,Blue,Gold,None reported,Yes,43000.0,7,6250.0,1,0,5375.0
Porsche,Macan,2021,21613,Gasoline,2.0 Liter,Automatic,White,–,None reported,Unknown,58998.0,5,3602.1666666666665,1,0,9833.0
Audi,Q3 S line Premium Plus,2022,17377,Gasoline,2.0 Liter TFSI,Automatic,Glacier White,Pearl Beige,None reported,Unknown,39998.0,4,3475.4,1,0,7999.6
GMC,Acadia SLE,2020,30426,Gasoline,2.5L I4 16V GDI DOHC,9-Speed Automatic,Ebony Twilight Metallic,Jet Black,Unknown,Unknown,29645.0,6,4346.571428571428,0,1,4235.0
Audi,allroad 2.7T,2005,153000,Gasoline,250.0HP 2.7L V6 Cylinder Engine Gasoline Fuel,M/T,Blue,Blue,At least 1 accident or damage reported,Yes,6500.0,21,6954.545454545455,1,1,295.45454545454544
Mercury,Marauder Base,2004,56600,Gasoline,302.0HP 4.6L 8 Cylinder Engine Gasoline Fuel,Transmission Overdrive Switch,Silver,Black,None reported,Yes,23000.0,22,2460.8695652173915,0,0,1000.0
Hyundai,Genesis 3.8,2015,116612,Gasoline,311.0HP 3.8L V6 Cylinder Engine Gasoline Fuel,8-Speed A/T,White,White,At least 1 accident or damage reported,Yes,12700.0,11,9717.666666666666,0,1,1058.3333333333333
Audi,SQ5 3.0T Premium Plus,2018,72000,Gasoline,354.0HP 3.0L V6 Cylinder Engine Gasoline Fuel,A/T,Blue,Black,At least 1 accident or damage reported,Yes,30000.0,8,8000.0,1,1,3333.3333333333335
Audi,A8 L 55,2019,39000,Hybrid,335.0HP 3.0L V6 Cylinder Engine Gasoline/Mild Electric Hybrid,8-Speed A/T,Black,Brown,None reported,Yes,50000.0,7,4875.0,1,0,6250.0
Lincoln,Navigator Base,2008,149000,Gasoline,300.0HP 5.4L 8 Cylinder Engine Gasoline Fuel,A/T,Gold,Beige,None reported,Yes,10099.0,18,7842.105263157895,0,0,531.5263157894736
BMW,M4 Base,2018,19300,Gasoline,425.0HP 3.0L Straight 6 Cylinder Engine Gasoline Fuel,6-Speed M/T,White,Silver,None reported,Yes,64000.0,8,2144.4444444444443,1,0,7111.111111111111
Mazda,CX-9 Carbon Edition,2021,27836,Gasoline,2.5L I4 16V GDI DOHC Turbo,6-Speed Automatic,Polymetal Gray Metallic,Red,None reported,Yes,36969.0,5,4639.333333333333,0,0,6161.5
Chevrolet,Corvette Stingray w/1LT,2023,3273,Gasoline,490.0HP 6.2L 8 Cylinder Engine Gasoline Fuel,Transmission w/Dual Shift Mode,Black,Red,None reported,Yes,78999.0,3,818.25,0,0,19749.75
Ford,F-150 Lariat,2017,74349,Gasoline,375.0HP 3.5L V6 Cylinder Engine Gasoline Fuel,10-Speed A/T,White,–,None reported,Yes,36000.0,9,7434.9,0,0,3600.0
Ford,F-250 Lariat,2019,85000,Diesel,450.0HP 6.7L 8 Cylinder Engine Diesel Fuel,6-Speed A/T,White,Black,At least 1 accident or damage reported,Yes,55000.0,7,10625.0,0,1,6875.0
Ferrari,Roma Base,2022,2250,Gasoline,611.0HP 3.9L 8 Cylinder Engine Gasoline Fuel,8-Speed A/T,Gray,Blue,None reported,Yes,259500.0,4,450.0,0,0,51900.0
Mercedes-Benz,GLS 450 Base 4MATIC,2017,46100,Gasoline,362.0HP 3.0L V6 Cylinder Engine Gasoline Fuel,9-Speed A/T,Black,Beige,At least 1 accident or damage reported,Yes,33000.0,9,4610.0,1,1,3300.0
Hyundai,Santa Fe SEL Plus 2.4,2019,49500,Gasoline,185.0HP 2.4L 4 Cylinder Engine Gasoline Fuel,8-Speed A/T,Silver,Gray,None reported,Yes,28000.0,7,6187.5,0,0,3500.0
Mercedes-Benz,E-Class E 350,2012,31130,Gasoline,302.0HP 3.5L V6 Cylinder Engine Gasoline Fuel,7-Speed A/T,Black,Black,None reported,Yes,23500.0,14,2075.3333333333335,1,0,1566.6666666666667
Ford,F-250 XLT SuperCab Super Duty,2008,149460,Diesel,350.0HP 6.4L 8 Cylinder Engine Diesel Fuel,A/T,Blue,Gray,At least 1 accident or damage reported,Yes,12240.0,18,7866.315789473684,0,1,644.2105263157895
Mercury,Marauder Base,2003,90000,Gasoline,302.0HP 4.6L 8 Cylinder Engine Gasoline Fuel,4-Speed A/T,Blue,Beige,At least 1 accident or damage reported,Yes,15500.0,23,3750.0,0,1,645.8333333333334
Ford,Transit-350 XLT,2021,48000,E85 Flex Fuel,275.0HP 3.5L V6 Cylinder Engine Flex Fuel Capability,A/T,White,Gray,None reported,Yes,57000.0,5,8000.0,0,0,9500.0
Mercedes-Benz,C-Class C 300 4MATIC Sport,2013,98000,Gasoline,248.0HP 3.5L V6 Cylinder Engine Gasoline Fuel,A/T,White,Beige,At least 1 accident or damage reported,Yes,15500.0,13,7000.0,1,1,1107.142857142857
Volkswagen,Arteon SEL R-Line,2022,18655,Gasoline,2.0 Liter TSI,Automatic,Oryx White Prl,Titan Black,None reported,Unknown,38698.0,4,3731.0,0,0,7739.6
Chevrolet,Suburban 2500 LS,2006,60000,Gasoline,325.0HP 8.1L 8 Cylinder Engine Gasoline Fuel,A/T,Brown,Brown,At least 1 accident or damage reported,Yes,24950.0,20,2857.1428571428573,0,1,1188.095238095238
Chevrolet,Suburban 1500 LT,2014,169500,E85 Flex Fuel,320.0HP 5.3L 8 Cylinder Engine Flex Fuel Capability,A/T,Purple,Brown,None reported,Yes,15000.0,12,13038.461538461539,0,0,1153.8461538461538
Mitsubishi,Eclipse GS,2008,189500,Gasoline,162.0HP 2.4L 4 Cylinder Engine Gasoline Fuel,5-Speed M/T,Red,Black,None reported,Yes,6000.0,18,9973.684210526315,0,0,315.7894736842105
Toyota,Land Cruiser Base,2016,91000,Gasoline,381.0HP 5.7L 8 Cylinder Engine Gasoline Fuel,A/T,Black,Brown,None reported,Yes,68500.0,10,8272.727272727272,0,0,6227.272727272727
Genesis,G80 2.5T,2022,7396,Gasoline,2.5L I4 16V PDI DOHC Turbo,8-Speed Automatic,Black Forest Green,Black,None reported,Unknown,41299.0,4,1479.2,0,0,8259.8
Toyota,Tundra SR5 Access Cab,2004,229450,Gasoline,240.0HP 4.7L 8 Cylinder Engine Gasoline Fuel,A/T,Gray,Gray,None reported,Yes,8250.0,22,9976.08695652174,0,0,358.69565217391306
Maserati,Quattroporte Modena Q4,2023,8603,Gasoline,3.0L V6 24V GDI DOHC Twin Turbo,8-Speed Automatic,Blu,Tan,None reported,Unknown,125900.0,3,2150.75,0,0,31475.0
Audi,RS 5 4.2,2014,49098,Gasoline,450.0HP 4.2L 8 Cylinder Engine Gasoline Fuel,Transmission w/Dual Shift Mode,White,Black,At least 1 accident or damage reported,Yes,44900.0,12,3776.769230769231,1,1,3453.846153846154
Nissan,Rogue S,2022,21212,Gasoline,1.5L I3 12V GDI DOHC Turbo,Automatic CVT,Gun Metallic,Charcoal,None reported,Unknown,28906.0,4,4242.4,0,0,5781.2
Porsche,Panamera 4S,2010,62743,Gasoline,400.0HP 4.8L 8 Cylinder Engine Gasoline Fuel,Transmission w/Dual Shift Mode,Silver,Gray,None reported,Yes,28600.0,16,3690.764705882353,1,0,1682.3529411764705
BMW,M440 i xDrive,2021,24300,Hybrid,382.0HP 3.0L Straight 6 Cylinder Engine Gasoline/Mild Electric Hybrid,8-Speed A/T,Gray,Beige,None reported,Yes,49999.0,5,4050.0,1,0,8333.166666666666
Cadillac,Escalade Premium,2010,104000,E85 Flex Fuel,403.0HP 6.2L 8 Cylinder Engine Flex Fuel Capability,A/T,Gray,–,None reported,Yes,19500.0,16,6117.64705882353,0,0,1147.0588235294117
Volvo,S60 T6 Momentum,2020,46250,Gasoline,2.0L I4 16V GDI DOHC,8-Speed Automatic,White,Charcoal,At least 1 accident or damage reported,Yes,27800.0,6,6607.142857142857,0,1,3971.4285714285716
Mazda,CX-9 Touring Plus,2023,1930,Gasoline,2.5L I4 16V GDI DOHC Turbo,6-Speed Automatic,Jet Black Mica,Black,At least 1 accident or damage reported,Yes,40655.0,3,482.5,0,1,10163.75
Chrysler,Pacifica Hybrid Touring L,2022,61494,Hybrid,3.6L V6 24V MPFI DOHC Hybrid,Automatic CVT,Bright White Clearcoat,Black,None reported,Unknown,35850.0,4,12298.8,0,0,7170.0
Jeep,Wrangler Unlimited Sport,2020,24040,Gasoline,2.0L I4 16V GDI DOHC Turbo,8-Speed Automatic,Black Clearcoat,Black,None reported,Yes,35273.0,6,3434.285714285714,0,0,5039.0
Toyota,Highlander Base,2001,231581,Gasoline,220.0HP 3.0L V6 Cylinder Engine Gasoline Fuel,A/T,Beige,Beige,None reported,Yes,4300.0,25,8906.961538461539,0,0,165.3846153846154
Ford,F-150 Lariat,2019,81000,Gasoline,375.0HP 3.5L V6 Cylinder Engine Gasoline Fuel,10-Speed A/T,Gray,Black,None reported,Yes,38500.0,7,10125.0,0,0,4812.5
Ford,Bronco,1974,6217,–,–,–,Dark Gray Metallic,–,None reported,Yes,115000.0,52,117.30188679245283,0,0,2169.811320754717
Land,Rover Discovery Sport S R-Dynamic,2022,23568,Gasoline,2.0 Liter,Automatic,Firenze Red,Ebony,None reported,Unknown,44998.0,4,4713.6,1,0,8999.6
Mazda,Mazda6 Touring,2020,78700,Gasoline,187.0HP 2.5L 4 Cylinder Engine Gasoline Fuel,A/T,White,Black,None reported,Yes,18000.0,6,11242.857142857143,0,0,2571.4285714285716
Kia,Optima EX,2015,109580,Gasoline,192.0HP 2.4L 4 Cylinder Engine Gasoline Fuel,6-Speed A/T,Red,Black,At least 1 accident or damage reported,Yes,11900.0,11,9131.666666666666,0,1,991.6666666666666
Lexus,RX 350 Base,2009,178000,Gasoline,270.0HP 3.5L V6 Cylinder Engine Gasoline Fuel,A/T,Gray,Gray,At least 1 accident or damage reported,Yes,4500.0,17,9888.888888888889,1,1,250.0
Mitsubishi,Outlander Sport 2.4 SE,2016,131193,Gasoline,2.4L I4 16V MPFI DOHC,Automatic CVT,Black,Black,None reported,Yes,11970.0,10,11926.636363636364,0,0,1088.1818181818182
Mercedes-Benz,GLS 450 Base 4MATIC,2017,106000,Gasoline,362.0HP 3.0L V6 Cylinder Engine Gasoline Fuel,9-Speed A/T,White,Black,None reported,Yes,25900.0,9,10600.0,1,0,2590.0
Audi,A3 2.0T Premium,2019,28211,Gasoline,184.0HP 2.0L 4 Cylinder Engine Gasoline Fuel,Transmission w/Dual Shift Mode,Gray,Black,At least 1 accident or damage reported,Yes,27500.0,7,3526.375,1,1,3437.5
Audi,A4 2.0T Premium,2015,91403,E85 Flex Fuel,2.0L I4 16V GDI DOHC Turbo Flexible Fuel,8-Speed Automatic,Silver,Gray,None reported,Unknown,14998.0,11,7616.916666666667,1,0,1249.8333333333333
Mercedes-Benz,CLA-Class CLA 250,2016,88600,Gasoline,208.0HP 2.0L 4 Cylinder Engine Gasoline Fuel,A/T,Black,Black,At least 1 accident or damage reported,Yes,16800.0,10,8054.545454545455,1,1,1527.2727272727273
INFINITI,FX50 Base,2011,84900,Gasoline,390.0HP 5.0L 8 Cylinder Engine Gasoline Fuel,7-Speed A/T,Silver,Black,Unknown,Unknown,22450.0,15,5306.25,0,1,1403.125
Kia,K5 EX,2021,11154,Gasoline,1.6L I4 16V GDI DOHC Turbo,8-Speed Automatic,Glacial White Pearl,Black,None reported,Unknown,28998.0,5,1859.0,0,0,4833.0
BMW,X5 eDrive xDrive40e,2018,45090,Plug-In Hybrid,313.0HP 2.0L 4 Cylinder Engine Plug-In Electric/Gas,8-Speed A/T,Gray,Black,At least 1 accident or damage reported,Yes,30750.0,8,5010.0,1,1,3416.6666666666665
Mercedes-Benz,SLK-Class SLK230 Kompressor,2003,33272,Gasoline,192.0HP 2.3L 4 Cylinder Engine Gasoline Fuel,A/T,Red,Gray,At least 1 accident or damage reported,Yes,11900.0,23,1386.3333333333333,1,1,495.8333333333333
Jeep,Wrangler SE,2003,71000,Gasoline,150.0HP 2.4L 4 Cylinder Engine Gasoline Fuel,5-Speed M/T,Red,Gray,None reported,Yes,12499.0,23,2958.3333333333335,0,0,520.7916666666666
Kia,Telluride SX,2020,55400,Gasoline,291.0HP 3.8L V6 Cylinder Engine Gasoline Fuel,8-Speed A/T,Green,White,Unknown,Unknown,36500.0,6,7914.285714285715,0,1,5214.285714285715
Land,Rover LR4 Lux,2012,141525,Gasoline,375.0HP 5.0L 8 Cylinder Engine Gasoline Fuel,A/T,Black,Black,None reported,Yes,14490.0,14,9435.0,1,0,966.0
Jaguar,XKR Base,2007,50000,Gasoline,420.0HP 4.2L 8 Cylinder Engine Gasoline Fuel,Transmission w/Dual Shift Mode,Black,Beige,At least 1 accident or damage reported,Yes,21900.0,19,2500.0,1,1,1095.0
BMW,M4 Base,2020,29140,Gasoline,425.0HP 3.0L Straight 6 Cylinder Engine Gasoline Fuel,M/T,Orange,Orange,None reported,Yes,71995.0,6,4162.857142857143,1,0,10285.0
BMW,M340 i xDrive,2022,9000,Hybrid,382.0HP 3.0L Straight 6 Cylinder Engine Gasoline/Mild Electric Hybrid,8-Speed A/T,White,Red,None reported,Yes,56900.0,4,1800.0,1,0,11380.0
Mercedes-Benz,AMG GLE 53 AMG GLE 53,2021,5595,Hybrid,3.0 Liter Turbo,Automatic,designo Diamond White Metallic,Black,None reported,Unknown,83598.0,5,932.5,1,0,13933.0
RAM,1500 Laramie,2022,34121,Gasoline,5.7L V8 16V MPFI OHV,Automatic,Granite Crystal Clearcoat Metallic,Black,None reported,Unknown,48190.0,4,6824.2,0,0,9638.0
BMW,ALPINA B7 Base,2013,36750,Gasoline,445.0HP 4.4L 8 Cylinder Engine Gasoline Fuel,A/T,Black,Black,None reported,Yes,35999.0,13,2625.0,1,0,2571.3571428571427
Mercedes-Benz,C-Class C280 4MATIC,2007,49626,Gasoline,228.0HP 3.0L V6 Cylinder Engine Gasoline Fuel,A/T,White,–,None reported,Yes,12000.0,19,2481.3,1,0,600.0
Jeep,Compass High Altitude,2017,45000,Gasoline,172.0HP 2.4L 4 Cylinder Engine Gasoline Fuel,A/T,White,Beige,At least 1 accident or damage reported,Yes,16500.0,9,4500.0,0,1,1650.0
Toyota,Highlander Hybrid XLE,2019,69350,Hybrid,306.0HP 3.5L V6 Cylinder Engine Gas/Electric Hybrid,A/T,Black,Gray,None reported,Yes,36000.0,7,8668.75,0,0,4500.0
BMW,X5 M Base,2022,8307,Gasoline,4.4L V8 32V GDI DOHC Twin Turbo,8-Speed Automatic,Blue Metallic,Sakhir Orange,None reported,Unknown,98900.0,4,1661.4,1,0,19780.0
BMW,M3 Base,2023,4106,Gasoline,3.0L I6 24V GDI DOHC Twin Turbo,6-Speed Manual,Isle of Man Green Metallic,Kyalami Orange,None reported,Yes,84645.0,3,1026.5,1,0,21161.25
BMW,M3 Base,1999,184700,Gasoline,240.0HP 3.2L Straight 6 Cylinder Engine Gasoline Fuel,5-Speed M/T,Blue,Gray,None reported,Yes,36950.0,27,6596.428571428572,1,0,1319.642857142857
Maserati,Quattroporte S Q4 GranLusso,2018,57500,Gasoline,424.0HP 3.0L V6 Cylinder Engine Gasoline Fuel,8-Speed A/T,White,Brown,None reported,Yes,41900.0,8,6388.888888888889,0,0,4655.555555555556
Acura,RDX Advance Package,2021,29000,Gasoline,272.0HP 2.0L 4 Cylinder Engine Gasoline Fuel,10-Speed A/T,Black,Black,None reported,Yes,39650.0,5,4833.333333333333,0,0,6608.333333333333
Mercedes-Benz,GLA-Class GLA 250 4MATIC,2015,61675,Gasoline,208.0HP 2.0L 4 Cylinder Engine Gasoline Fuel,Transmission w/Dual Shift Mode,Gray,Black,At least 1 accident or damage reported,Yes,19000.0,11,5139.583333333333,1,1,1583.3333333333333
Mercedes-Benz,Sprinter 3500XD High Roof,2021,33300,Diesel,188.0HP 3.0L V6 Cylinder Engine Diesel Fuel,7-Speed A/T,White,Black,None reported,Yes,45000.0,5,5550.0,1,0,7500.0
Cadillac,XTS Luxury,2014,62950,Gasoline,304.0HP 3.6L V6 Cylinder Engine Gasoline Fuel,6-Speed A/T,Silver,Gray,At least 1 accident or damage reported,Yes,17498.0,12,4842.307692307692,0,1,1346.0
Chevrolet,Camaro 2LT,2015,56675,Gasoline,323.0HP 3.6L V6 Cylinder Engine Gasoline Fuel,Transmission w/Dual Shift Mode,Silver,Black,None reported,Yes,19750.0,11,4722.916666666667,0,0,1645.8333333333333
Porsche,Cayenne S,2013,92000,Gasoline,400.0HP 4.8L 8 Cylinder Engine Gasoline Fuel,8-Speed A/T,Green,Gray,None reported,Yes,23000.0,13,6571.428571428572,1,0,1642.857142857143
Dodge,Magnum R/T,2005,96000,Gasoline,340.0HP 5.7L 8 Cylinder Engine Gasoline Fuel,5-Speed A/T,Gray,Gold,At least 1 accident or damage reported,Yes,12000.0,21,4363.636363636364,0,1,545.4545454545455
INFINITI,Q70 3.7X,2014,33500,Gasoline,330.0HP 3.7L V6 Cylinder Engine Gasoline Fuel,7-Speed A/T,Black,Black,None reported,Yes,23000.0,12,2576.923076923077,0,0,1769.2307692307693
Land,Rover Range Rover SV Autobiography Dynamic SWB,2020,16754,Gasoline,557.0HP 5.0L 8 Cylinder Engine Gasoline Fuel,8-Speed A/T,White,White,None reported,Yes,112000.0,6,2393.4285714285716,1,0,16000.0
Toyota,Camry Hybrid Base,2007,53249,Hybrid,147.0HP 2.4L 4 Cylinder Engine Gas/Electric Hybrid,A/T,Silver,Gray,At least 1 accident or damage reported,Yes,9250.0,19,2662.45,0,1,462.5
GMC,Acadia SLT-1,2016,119000,Gasoline,281.0HP 3.6L V6 Cylinder Engine Gasoline Fuel,A/T,Gold,Brown,None reported,Yes,12500.0,10,10818.181818181818,0,0,1136.3636363636363
Lincoln,Corsair Reserve,2021,29336,Gasoline,2.0L I4 16V GDI DOHC Turbo,8-Speed Automatic,Black,Sandstone,None reported,Unknown,36999.0,5,4889.333333333333,0,0,6166.5
RAM,2500 SLT,2017,86000,Diesel,350.0HP 6.7L Straight 6 Cylinder Engine Diesel Fuel,6-Speed A/T,Gray,Gray,At least 1 accident or damage reported,Yes,41000.0,9,8600.0,0,1,4100.0
RAM,3500 Laramie,2014,177000,Diesel,385.0HP 6.7L Straight 6 Cylinder Engine Diesel Fuel,6-Speed A/T,Black,–,At least 1 accident or damage reported,Yes,40500.0,12,13615.384615384615,0,1,3115.3846153846152
Mercedes-Benz,GL-Class GL 450 4MATIC,2013,93500,Gasoline,362.0HP 4.6L 8 Cylinder Engine Gasoline Fuel,A/T,Black,Black,At least 1 accident or damage reported,Yes,15900.0,13,6678.571428571428,1,1,1135.7142857142858
BMW,M5 Base,2018,47700,Gasoline,600.0HP 4.4L 8 Cylinder Engine Gasoline Fuel,8-Speed A/T,Red,White,At least 1 accident or damage reported,Yes,54999.0,8,5300.0,1,1,6111.0
Ford,Mustang SVT Cobra,2003,97496,Gasoline,390.0HP 4.6L 8 Cylinder Engine Gasoline Fuel,6-Speed M/T,Gray,Gray,Unknown,Unknown,24500.0,23,4062.3333333333335,0,1,1020.8333333333334
Acura,ILX Premium Package,2022,16120,Gasoline,2.4L I4 16V GDI DOHC,8-Speed Automatic with Auto-Shift,Gray,Ebony,None reported,Unknown,26599.0,4,3224.0,0,0,5319.8
Buick,Rainier CXL,2005,147589,Gasoline,275.0HP 4.2L Straight 6 Cylinder Engine Gasoline Fuel,A/T,White,Beige,At least 1 accident or damage reported,Yes,2800.0,21,6708.590909090909,0,1,127.27272727272727
Cadillac,Escalade Luxury,2013,95570,E85 Flex Fuel,403.0HP 6.2L 8 Cylinder Engine Flex Fuel Capability,A/T,Black,Black,At least 1 accident or damage reported,Yes,22000.0,13,6826.428571428572,0,1,1571.4285714285713
Mercedes-Benz,S-Class S 560,2018,45791,Gasoline,463.0HP 4.0L 8 Cylinder Engine Gasoline Fuel,9-Speed A/T,Gray,Gray,None reported,Yes,52000.0,8,5087.888888888889,1,0,5777.777777777777
INFINITI,QX80 Base,2016,60000,Gasoline,400.0HP 5.6L 8 Cylinder Engine Gasoline Fuel,7-Speed A/T,Silver,Beige,At least 1 accident or damage reported,Yes,25950.0,10,5454.545454545455,0,1,2359.090909090909
Buick,Encore Preferred,2019,50000,Gasoline,138.0HP 1.4L 4 Cylinder Engine Gasoline Fuel,6-Speed A/T,White,Black,None reported,Yes,18795.0,7,6250.0,0,0,2349.375
Mercedes-Benz,GLS 450 Base 4MATIC,2019,33481,Gasoline,3.0L V6 24V GDI DOHC Twin Turbo,9-Speed Automatic,Black,Almond Beige,None reported,Unknown,43999.0,7,4185.125,1,0,5499.875
Jeep,Liberty Limited,2010,107000,Gasoline,210.0HP 3.7L V6 Cylinder Engine Gasoline Fuel,A/T,Gray,Gray,None reported,Yes,5900.0,16,6294.117647058823,0,0,347.05882352941177
Mercedes-Benz,S-Class S 63 AMG,2011,60000,Gasoline,536.0HP 5.5L 8 Cylinder Engine Gasoline Fuel,Transmission w/Dual Shift Mode,White,Black,At least 1 accident or damage reported,Yes,37000.0,15,3750.0,1,1,2312.5
Audi,A8 L 3.0T,2016,55000,Gasoline,333.0HP 3.0L V6 Cylinder Engine Gasoline Fuel,A/T,White,Brown,None reported,Yes,28000.0,10,5000.0,1,0,2545.4545454545455
Mazda,CX-30 2.5 S Select Package,2022,4004,Gasoline,186.0HP 2.5L 4 Cylinder Engine Gasoline Fuel,6-Speed A/T,Black,Black,None reported,Yes,25500.0,4,800.8,0,0,5100.0
Bentley,Continental GT Speed,2009,57800,Gasoline,600.0HP 6.0L 12 Cylinder Engine Gasoline Fuel,6-Speed A/T,Blue,Beige,Unknown,Unknown,59400.0,17,3211.1111111111113,0,1,3300.0
Bentley,Continental GT V8,2022,10972,Gasoline,4.0L V8 32V GDI DOHC Twin Turbo,8-Speed Automatic with Auto-Shift,Red,Black,None reported,Yes,217950.0,4,2194.4,0,0,43590.0
Bentley,Flying Spur V8,2022,27858,Gasoline,4.0L V8 32V GDI DOHC Twin Turbo,8-Speed Automatic with Auto-Shift,–,–,None reported,Yes,197750.0,4,5571.6,0,0,39550.0
Porsche,911 Carrera 4S,2018,31678,Gasoline,3.0 Liter,–,Silver,–,None reported,Unknown,106798.0,8,3519.777777777778,1,0,11866.444444444445
Volkswagen,Golf R 4-Door,2016,47144,Gasoline,292.0HP 2.0L 4 Cylinder Engine Gasoline Fuel,6-Speed M/T,Blue,Black,None reported,Yes,29950.0,10,4285.818181818182,0,0,2722.7272727272725
Hyundai,Genesis Coupe 3.8 Grand Touring,2011,165454,Gasoline,306.0HP 3.8L V6 Cylinder Engine Gasoline Fuel,6-Speed A/T,Gray,Black,At least 1 accident or damage reported,Yes,4000.0,15,10340.875,0,1,250.0
Ford,F-150 XLT,2018,98000,Gasoline,375.0HP 3.5L V6 Cylinder Engine Gasoline Fuel,10-Speed A/T,White,–,At least 1 accident or damage reported,Yes,25500.0,8,10888.888888888889,0,1,2833.3333333333335
Hyundai,Tucson Limited,2020,39913,Gasoline,2.4L I4 16V GDI DOHC,6-Speed Automatic,Black Noir Pearl,Beige,None reported,Unknown,22749.0,6,5701.857142857143,0,0,3249.8571428571427
Ford,Mustang V6,2013,147191,Gasoline,305.0HP 3.7L V6 Cylinder Engine Gasoline Fuel,6-Speed A/T,Blue,Black,At least 1 accident or damage reported,Yes,12990.0,13,10513.642857142857,0,1,927.8571428571429
BMW,435 i,2014,53600,Gasoline,300.0HP 3.0L Straight 6 Cylinder Engine Gasoline Fuel,8-Speed A/T,Silver,Black,None reported,Yes,25980.0,12,4123.076923076923,1,0,1998.4615384615386
Dodge,Challenger R/T,2010,100100,–,–,Transmission w/Dual Shift Mode,Purple,Black,None reported,Yes,17000.0,16,5888.235294117647,0,0,1000.0
Mercedes-Benz,AMG G 63 Base,2020,1750,Gasoline,577.0HP 4.0L 8 Cylinder Engine Gasoline Fuel,9-Speed A/T,Blue,Black,None reported,Yes,199995.0,6,250.0,1,0,28570.714285714286
Dodge,Challenger SRT Hellcat,2020,2750,Gasoline,797.0HP 6.2L 8 Cylinder Engine Gasoline Fuel,8-Speed A/T,Orange,Black,None reported,Yes,104500.0,6,392.85714285714283,0,0,14928.57142857143
Porsche,Boxster Base,2013,40800,Gasoline,265.0HP 2.7L Flat 6 Cylinder Engine Gasoline Fuel,7-Speed A/T,Brown,Beige,None reported,Yes,35500.0,13,2914.285714285714,1,0,2535.714285714286
Porsche,Macan Base,2018,36798,Gasoline,2.0L I4 16V GDI DOHC Turbo,7-Speed Automatic with Auto-Shift,Volcano Grey Metallic,Black,At least 1 accident or damage reported,Yes,49500.0,8,4088.6666666666665,1,1,5500.0
Ford,F-250 XL,2021,77699,Diesel,6.7L V8 32V DDI OHV Turbo Diesel,Automatic,White,Medium Earth Gray,Unknown,Unknown,49883.0,5,12949.833333333334,0,1,8313.833333333334
Ford,Mustang GT,2010,87500,Gasoline,315.0HP 4.6L 8 Cylinder Engine Gasoline Fuel,A/T,Red,Black,At least 1 accident or damage reported,Yes,14900.0,16,5147.058823529412,0,1,876.4705882352941
Chevrolet,Suburban LT,2020,93000,Gasoline,355.0HP 5.3L 8 Cylinder Engine Gasoline Fuel,A/T,Black,Black,None reported,Yes,38500.0,6,13285.714285714286,0,0,5500.0
Mercedes-Benz,C-Class C 300 4MATIC,2018,41515,Gasoline,2.0L I4 16V GDI DOHC Turbo,9-Speed Automatic,Black,Black,None reported,Yes,28251.0,8,4612.777777777777,1,0,3139.0
RAM,1500 Classic Warlock,2019,19000,E85 Flex Fuel,3.6L V6 24V MPFI DOHC Flexible Fuel,8-Speed Automatic,Diamond Black,Diesel Gray / Black,At least 1 accident or damage reported,Unknown,33242.0,7,2375.0,0,1,4155.25
Toyota,Sequoia SR5,2023,1539,Hybrid,3.4L V6 24V PDI DOHC Twin Turbo Hybrid,Automatic,Green,Boulder,At least 1 accident or damage reported,Yes,76373.0,3,384.75,0,1,19093.25
BMW,M5 Base,2018,31090,Gasoline,600.0HP 4.4L 8 Cylinder Engine Gasoline Fuel,8-Speed A/T,Green,Black,At least 1 accident or damage reported,Yes,68000.0,8,3454.4444444444443,1,1,7555.555555555556
Mazda,Mazda3 FWD w/Premium Package,2022,21701,Gasoline,2.5L I4 16V,6-Speed Automatic,Soul Red Crystal Metallic,Black,None reported,Unknown,25099.0,4,4340.2,0,0,5019.8
Nissan,Rogue SL,2016,97726,Gasoline,"2.5L I-4 DOHC, variable valve control, regular unleaded, engine",Variable,Gun Metallic,Charcoal,At least 1 accident or damage reported,Unknown,15998.0,10,8884.181818181818,0,1,1454.3636363636363
Audi,A7 3.0T Prestige,2015,73000,Diesel,240.0HP 3.0L V6 Cylinder Engine Diesel Fuel,8-Speed A/T,White,Gray,None reported,Yes,34000.0,11,6083.333333333333,1,0,2833.3333333333335
Genesis,G80 3.8,2020,23600,Gasoline,311.0HP 3.8L V6 Cylinder Engine Gasoline Fuel,A/T,Blue,Gray,None reported,Yes,31900.0,6,3371.4285714285716,0,0,4557.142857142857
Rolls-Royce,Ghost Base,2016,8755,Gasoline,563.0HP 6.6L 12 Cylinder Engine Gasoline Fuel,A/T,Black,Black,None reported,Yes,166900.0,10,795.9090909090909,0,0,15172.727272727272
BMW,M6 Gran Coupe Base,2019,20500,Gasoline,560.0HP 4.4L 8 Cylinder Engine Gasoline Fuel,Transmission w/Dual Shift Mode,Blue,Black,None reported,Yes,67900.0,7,2562.5,1,0,8487.5
Ford,Mustang V6,2013,57912,Gasoline,305.0HP 3.7L V6 Cylinder Engine Gasoline Fuel,6-Speed M/T,Black,Black,At least 1 accident or damage reported,Yes,18750.0,13,4136.571428571428,0,1,1339.2857142857142
BMW,650 i,2009,35000,Gasoline,360.0HP 4.8L 8 Cylinder Engine Gasoline Fuel,A/T,Black,Black,None reported,Yes,18500.0,17,1944.4444444444443,1,0,1027.7777777777778
Nissan,Leaf SV PLUS,2023,7089,Gasoline,214.0HP Electric Motor Electric Fuel System,1-Speed A/T,Black,Black,At least 1 accident or damage reported,Yes,29895.0,3,1772.25,0,1,7473.75
Lincoln,MKC Reserve,2019,35469,Gasoline,2.3L I4 16V GDI DOHC Turbo,6-Speed Automatic,Black,–,Unknown,Unknown,30890.0,7,4433.625,0,1,3861.25
Kia,Telluride EX,2022,14676,Gasoline,3.8L V6 24V GDI DOHC,8-Speed Automatic,Dark Moss,Gray,None reported,Unknown,46787.0,4,2935.2,0,0,9357.4
Lincoln,Navigator Reserve,2022,13750,Gasoline,440.0HP 3.5L V6 Cylinder Engine Gasoline Fuel,10-Speed A/T,White,Beige,None reported,Yes,79999.0,4,2750.0,0,0,15999.8
Mercedes-Benz,S-Class S 550 4MATIC,2015,13300,Gasoline,449.0HP 4.7L 8 Cylinder Engine Gasoline Fuel,A/T,Black,Black,None reported,Yes,62500.0,11,1108.3333333333333,1,0,5208.333333333333
Chevrolet,Suburban LT,2017,117000,Gasoline,6.0L 8 Cylinder Engine Gasoline Fuel,6-Speed A/T,Blue,Beige,None reported,Yes,27000.0,9,11700.0,0,0,2700.0
Audi,A7 55 Premium,2020,27100,Hybrid,335.0HP 3.0L V6 Cylinder Engine Gasoline/Mild Electric Hybrid,A/T,White,Black,None reported,Yes,50000.0,6,3871.4285714285716,1,0,7142.857142857143
Ford,Mustang EcoBoost Premium,2017,89352,Gasoline,310.0HP 2.3L 4 Cylinder Engine Gasoline Fuel,6-Speed A/T,White,Black,At least 1 accident or damage reported,Yes,20989.0,9,8935.2,0,1,2098.9
Chevrolet,Cruze LS,2018,100000,Gasoline,153.0HP 1.4L 4 Cylinder Engine Gasoline Fuel,A/T,White,Black,At least 1 accident or damage reported,Yes,8500.0,8,11111.111111111111,0,1,944.4444444444445
Land,Rover Range Rover HSE SWB,2020,16000,Hybrid,395.0HP 3.0L Straight 6 Cylinder Engine Gasoline/Mild Electric Hybrid,A/T,Silver,Black,None reported,Yes,75500.0,6,2285.714285714286,1,0,10785.714285714286
Land,Rover Defender S,2023,15200,Gasoline,296.0HP 2.0L 4 Cylinder Engine Gasoline Fuel,A/T,White,Black,None reported,Yes,62999.0,3,3800.0,1,0,15749.75
BMW,650 i,2012,39960,Gasoline,400.0HP 4.4L 8 Cylinder Engine Gasoline Fuel,6-Speed M/T,White,Brown,None reported,Yes,38995.0,14,2664.0,1,0,2599.6666666666665
Ford,Mustang Base,2008,119000,Gasoline,210.0HP 4.0L V6 Cylinder Engine Gasoline Fuel,A/T,White,Black,At least 1 accident or damage reported,Yes,13500.0,18,6263.1578947368425,0,1,710.5263157894736
Kia,K5 GT-Line,2022,10971,Gasoline,1.6L I4 16V GDI DOHC Turbo,8-Speed Automatic,Passion Red,Black,None reported,Unknown,29998.0,4,2194.2,0,0,5999.6
Mazda,Mazda3 i Touring,2014,118500,Gasoline,155.0HP 2.0L 4 Cylinder Engine Gasoline Fuel,M/T,Silver,Black,At least 1 accident or damage reported,Yes,11500.0,12,9115.384615384615,0,1,884.6153846153846
Kia,Stinger GT1,2021,8288,Gasoline,365.0HP 3.3L V6 Cylinder Engine Gasoline Fuel,8-Speed A/T,Black,Black,None reported,Yes,45899.0,5,1381.3333333333333,0,0,7649.833333333333
Chevrolet,Camaro ZL1,2023,2950,Gasoline,650.0HP 6.2L 8 Cylinder Engine Gasoline Fuel,10-Speed A/T,Red,Gray,None reported,Yes,74500.0,3,737.5,0,0,18625.0
Mercedes-Benz,AMG G 63 Base,2017,73000,Gasoline,563.0HP 5.5L 8 Cylinder Engine Gasoline Fuel,7-Speed A/T,White,Black,At least 1 accident or damage reported,Yes,78000.0,9,7300.0,1,1,7800.0
Ford,Thunderbird Premium,2005,82000,Gasoline,280.0HP 3.9L 8 Cylinder Engine Gasoline Fuel,Transmission w/Dual Shift Mode,Gold,White,None reported,Yes,14900.0,21,3727.2727272727275,0,0,677.2727272727273
Audi,e-tron Prestige,2019,7874,Gasoline,Electric,1-Speed Automatic,Typhoon Gray Metallic,Pearl Beige,None reported,Unknown,38999.0,7,984.25,1,0,4874.875
GMC,Sierra 1500 SLT,2017,49105,Gasoline,420.0HP 6.2L 8 Cylinder Engine Gasoline Fuel,8-Speed A/T,White,Black,None reported,Yes,39750.0,9,4910.5,0,0,3975.0
Kia,Telluride LX,2023,5500,Gasoline,291.0HP 3.8L V6 Cylinder Engine Gasoline Fuel,8-Speed A/T,Silver,Black,None reported,Yes,40000.0,3,1375.0,0,0,10000.0
Chevrolet,Corvette Base,2005,36700,Gasoline,400.0HP 6.0L 8 Cylinder Engine Gasoline Fuel,6-Speed M/T,Blue,Black,None reported,Yes,26000.0,21,1668.1818181818182,0,0,1181.8181818181818
BMW,650 i,2014,40000,Gasoline,445.0HP 4.4L 8 Cylinder Engine Gasoline Fuel,Transmission w/Dual Shift Mode,White,Beige,None reported,Yes,34000.0,12,3076.923076923077,1,0,2615.3846153846152
Nissan,Rogue SL,2017,78110,Gasoline,170.0HP 2.5L 4 Cylinder Engine Gasoline Fuel,A/T,Silver,Black,Unknown,Unknown,17500.0,9,7811.0,0,1,1750.0
GMC,Acadia Denali,2015,74864,Gasoline,288.0HP 3.6L V6 Cylinder Engine Gasoline Fuel,A/T,Gray,Beige,None reported,Yes,19780.0,11,6238.666666666667,0,0,1648.3333333333333
Cadillac,Escalade Premium Luxury Platinum,2021,15350,Gasoline,420.0HP 6.2L 8 Cylinder Engine Gasoline Fuel,10-Speed A/T,Black,Black,None reported,Yes,93500.0,5,2558.3333333333335,0,0,15583.333333333334
Nissan,GT-R Premium,2010,46100,Gasoline,485.0HP 3.8L V6 Cylinder Engine Gasoline Fuel,6-Speed A/T,Blue,Black,None reported,Yes,72999.0,16,2711.764705882353,0,0,4294.058823529412
Toyota,Highlander XLE,2018,61454,Gasoline,295.0HP 3.5L V6 Cylinder Engine Gasoline Fuel,A/T,Silver,Gray,None reported,Yes,31000.0,8,6828.222222222223,0,0,3444.4444444444443
BMW,X7 xDrive40i,2020,45241,Gasoline,335.0HP 3.0L Straight 6 Cylinder Engine Gasoline Fuel,A/T,Blue,Brown,None reported,Yes,54500.0,6,6463.0,1,0,7785.714285714285
INFINITI,QX60 Base,2018,48000,Gasoline,295.0HP 3.5L V6 Cylinder Engine Gasoline Fuel,CVT Transmission,Black,Black,None reported,Yes,27000.0,8,5333.333333333333,0,0,3000.0
Lexus,IS 250C Base,2010,68500,Gasoline,204.0HP 2.5L V6 Cylinder Engine Gasoline Fuel,6-Speed M/T,Black,Beige,None reported,Yes,18500.0,16,4029.4117647058824,1,0,1088.235294117647
GMC,Sierra 1500 Denali,2019,43433,Gasoline,5.3L V8 16V GDI OHV,Automatic,Onyx Black,Walnut,None reported,Unknown,51899.0,7,5429.125,0,0,6487.375
Chevrolet,SSR Base,2005,122961,Gasoline,6.0L V8 16V MPFI OHV,4-Speed Automatic,Redline Red,Ebony,None reported,Yes,20995.0,21,5589.136363636364,0,0,954.3181818181819
Dodge,Challenger R/T,2014,92861,Gasoline,375.0HP 5.7L 8 Cylinder Engine Gasoline Fuel,5-Speed A/T,Gray,Red,None reported,Yes,19750.0,12,7143.153846153846,0,0,1519.2307692307693
Hyundai,Equus Signature,2016,72000,Gasoline,429.0HP 5.0L 8 Cylinder Engine Gasoline Fuel,8-Speed A/T,White,Beige,None reported,Yes,21400.0,10,6545.454545454545,0,0,1945.4545454545455
Lamborghini,Aventador SVJ Base,2019,6929,Gasoline,759.0HP 6.5L 12 Cylinder Engine Gasoline Fuel,A/T,Blue,Black,None reported,Yes,649999.0,7,866.125,0,0,81249.875
Ford,Mustang GT,2003,83000,Gasoline,260.0HP 4.6L 8 Cylinder Engine Gasoline Fuel,A/T,Gray,Black,None reported,Yes,10500.0,23,3458.3333333333335,0,0,437.5
Audi,e-tron Premium,2021,18031,Gasoline,Electric,1-Speed Automatic,Navarra Blue Metallic,Black,None reported,Unknown,39599.0,5,3005.1666666666665,1,0,6599.833333333333
Toyota,Sequoia Limited,2023,8200,Hybrid,437.0HP 3.4L V6 Cylinder Engine Gas/Electric Hybrid,10-Speed A/T,Brown,Black,None reported,Yes,78900.0,3,2050.0,0,0,19725.0
Land,Rover Range Rover Sport HST MHEV,2020,19000,Hybrid,395.0HP 3.0L Straight 6 Cylinder Engine Gasoline/Mild Electric Hybrid,Transmission w/Dual Shift Mode,Silver,Black,Unknown,Unknown,74900.0,6,2714.285714285714,1,1,10700.0
Jeep,Grand Cherokee L Limited,2022,12875,Gasoline,3.6L V6 24V MPFI DOHC,8-Speed Automatic,Diamond Black,Global Black,None reported,Unknown,42599.0,4,2575.0,0,0,8519.8
Maserati,GranTurismo Sport,2015,32000,Gasoline,454.0HP 4.7L 8 Cylinder Engine Gasoline Fuel,A/T,Beige,Brown,None reported,Yes,36000.0,11,2666.6666666666665,0,0,3000.0
BMW,M5 Base,2013,61145,Gasoline,560.0HP 4.4L 8 Cylinder Engine Gasoline Fuel,7-Speed A/T,White,Beige,At least 1 accident or damage reported,Yes,37500.0,13,4367.5,1,1,2678.5714285714284
Mercedes-Benz,C-Class 4MATIC Sedan,2022,9612,Gasoline,"2L I-4 gasoline direct injection, DOHC, variable valve control,","Automatic, 9-Spd 9G-Tronic",–,–,None reported,Unknown,43900.0,4,1922.4,1,0,8780.0
Land,Rover Range Rover Sport First Edition,2023,3534,Hybrid,4.4 Liter,Automatic,Red,Black,None reported,Unknown,143998.0,3,883.5,1,0,35999.5
Ford,F-150 Lariat,2011,152000,Gasoline,365.0HP 3.5L V6 Cylinder Engine Gasoline Fuel,6-Speed A/T,Brown,Beige,None reported,Yes,14000.0,15,9500.0,0,0,875.0
Audi,A4 2.0T Premium,2012,129567,Gasoline,211.0HP 2.0L 4 Cylinder Engine Gasoline Fuel,A/T,White,Black,None reported,Yes,7000.0,14,8637.8,1,0,466.6666666666667
BMW,540 i xDrive,2019,36000,Gasoline,335.0HP 3.0L Straight 6 Cylinder Engine Gasoline Fuel,8-Speed A/T,Gray,Black,At least 1 accident or damage reported,Yes,41995.0,7,4500.0,1,1,5249.375
BMW,X6 xDrive35i,2009,92008,Gasoline,300.0HP 3.0L Straight 6 Cylinder Engine Gasoline Fuel,6-Speed A/T,White,Black,None reported,Yes,12500.0,17,5111.555555555556,1,0,694.4444444444445
Ford,Mustang Base,1998,63900,Gasoline,150.0HP 3.8L V6 Cylinder Engine Gasoline Fuel,A/T,White,Gray,None reported,Yes,10300.0,28,2203.448275862069,0,0,355.17241379310343
Toyota,Sequoia Limited,2012,150900,Gasoline,381.0HP 5.7L 8 Cylinder Engine Gasoline Fuel,A/T,Black,Gray,None reported,Yes,17500.0,14,10060.0,0,0,1166.6666666666667
Dodge,Challenger R/T Scat Pack,2019,43000,–,–,6-Speed M/T,Green,Black,None reported,Yes,50000.0,7,5375.0,0,0,6250.0
Land,Rover Range Rover 3.0L Supercharged,2018,38020,Gasoline,5.0 Liter,Automatic,White,Espresso,None reported,Unknown,63998.0,8,4224.444444444444,1,0,7110.888888888889
Audi,Q8 55 Premium Plus,2021,14750,Hybrid,335.0HP 3.0L V6 Cylinder Engine Gasoline/Mild Electric Hybrid,Transmission w/Dual Shift Mode,Silver,Black,None reported,Yes,61059.0,5,2458.3333333333335,1,0,10176.5
Subaru,WRX Base,2015,52500,Gasoline,268.0HP 2.0L 4 Cylinder Engine Gasoline Fuel,6-Speed M/T,Gray,Black,None reported,Yes,23000.0,11,4375.0,0,0,1916.6666666666667
Chevrolet,Suburban LT,2017,207571,Gasoline,355.0HP 5.3L 8 Cylinder Engine Gasoline Fuel,6-Speed A/T,Black,Black,At least 1 accident or damage reported,Yes,21000.0,9,20757.1,0,1,2100.0
INFINITI,QX60 Pure,2020,39000,Gasoline,295.0HP 3.5L V6 Cylinder Engine Gasoline Fuel,A/T,Gray,Gray,None reported,Yes,29900.0,6,5571.428571428572,0,0,4271.428571428572
Porsche,Cayman Base,2011,66000,Gasoline,265.0HP 2.9L Flat 6 Cylinder Engine Gasoline Fuel,A/T,Black,Brown,Unknown,Unknown,28000.0,15,4125.0,1,1,1750.0
INFINITI,QX60 Base,2017,93500,Gasoline,295.0HP 3.5L V6 Cylinder Engine Gasoline Fuel,A/T,Black,Black,None reported,Yes,16000.0,9,9350.0,0,0,1600.0
BMW,M4 Base,2018,7200,Gasoline,425.0HP 3.0L Straight 6 Cylinder Engine Gasoline Fuel,7-Speed A/T,Black,Black,None reported,Yes,64000.0,8,800.0,1,0,7111.111111111111
Maserati,MC20 MC20,2022,1220,Gasoline,"Nettuno 3L V-6 port/direct injection, DOHC, variable valve contr","Automatic, 8-Spd Dual-Clutch",–,–,None reported,Unknown,238900.0,4,244.0,0,0,47780.0
Land,Rover Defender SE,2023,8421,Hybrid,395.0HP 3.0L Straight 6 Cylinder Engine Gasoline/Mild Electric Hybrid,A/T,Black,White,None reported,Yes,90000.0,3,2105.25,1,0,22500.0
BMW,M8 Base,2020,25520,Gasoline,4.4L V8 32V GDI DOHC Twin Turbo,8-Speed Automatic,Brands Hatch Gray Metallic,Black,None reported,Unknown,84900.0,6,3645.714285714286,1,0,12128.57142857143
Tesla,Model Y Performance,2020,30554,Gasoline,Electric,1-Speed Automatic,Blue,Black,None reported,Unknown,41999.0,6,4364.857142857143,1,0,5999.857142857143
Volvo,C40 Recharge Pure Electric Twin Ultimate,2023,17000,Gasoline,402.0HP Electric Motor Electric Fuel System,A/T,Gray,Blue,None reported,Yes,54900.0,3,4250.0,0,0,13725.0
Mercedes-Benz,SL-Class SL 550,2011,41314,Gasoline,382.0HP 5.5L 8 Cylinder Engine Gasoline Fuel,Transmission w/Dual Shift Mode,Red,White,At least 1 accident or damage reported,Yes,30999.0,15,2582.125,1,1,1937.4375
Land,Rover Range Rover P525 HSE SWB,2020,49899,Gasoline,518.0HP 5.0L 8 Cylinder Engine Gasoline Fuel,Transmission w/Dual Shift Mode,White,Black,At least 1 accident or damage reported,Yes,64500.0,6,7128.428571428572,1,1,9214.285714285714
Ford,Escape XLT,2012,186268,E85 Flex Fuel,240.0HP 3.0L V6 Cylinder Engine Flex Fuel Capability,6-Speed A/T,Blue,Black,None reported,Yes,4500.0,14,12417.866666666667,0,0,300.0
Lexus,ES 350 Base,2016,51335,Gasoline,268.0HP 3.5L V6 Cylinder Engine Gasoline Fuel,6-Speed A/T,Silver,Black,At least 1 accident or damage reported,Yes,25995.0,10,4666.818181818182,1,1,2363.181818181818
Porsche,718 Boxster GTS,2019,10400,Gasoline,365.0HP 2.5L 4 Cylinder Engine Gasoline Fuel,A/T,Gray,Black,None reported,Yes,99750.0,7,1300.0,1,0,12468.75
Mercedes-Benz,G-Class G 550,2020,20622,Gasoline,4.0 Liter Twin Turbo,Automatic,designo Diamond White Metallic,Black,None reported,Unknown,142998.0,6,2946.0,1,0,20428.285714285714
RAM,1500 Big Horn,2022,19376,Gasoline,5.7L V8 16V MPFI OHV,Automatic,Bright White Clearcoat,Black,None reported,Yes,45861.0,4,3875.2,0,0,9172.2
Audi,R8 5.2 V10 performance,2020,12245,Gasoline,5.2L V10 40V PDI DOHC,7-Speed Automatic with Auto-Shift,Daytona Gray Pearl Effect w/ Black Roof,Black / Express Red,None reported,Unknown,187900.0,6,1749.2857142857142,1,0,26842.85714285714
Mitsubishi,Lancer Evolution IX,2006,77000,Gasoline,286.0HP 2.0L 4 Cylinder Engine Gasoline Fuel,5-Speed M/T,Silver,Black,None reported,Yes,57000.0,20,3666.6666666666665,0,0,2714.285714285714
Acura,TL Technology,2013,40000,Gasoline,280.0HP 3.5L V6 Cylinder Engine Gasoline Fuel,6-Speed A/T,Blue,Gray,None reported,Yes,24000.0,13,2857.1428571428573,0,0,1714.2857142857142
Cadillac,CTS Luxury,2012,113000,Gasoline,270.0HP 3.0L V6 Cylinder Engine Gasoline Fuel,6-Speed A/T,White,Beige,None reported,Yes,10000.0,14,7533.333333333333,0,0,666.6666666666666
Chevrolet,Camaro 1SS,2022,7600,Gasoline,455.0HP 6.2L 8 Cylinder Engine Gasoline Fuel,6-Speed M/T,Gray,Black,At least 1 accident or damage reported,Yes,46000.0,4,1520.0,0,1,9200.0
Toyota,Camry Hybrid LE,2022,20400,Hybrid,208.0HP 2.5L 4 Cylinder Engine Gas/Electric Hybrid,CVT Transmission,White,Gray,None reported,Yes,29900.0,4,4080.0,0,0,5980.0
Ford,Transit-350 XLT,2019,115000,Gasoline,310.0HP 3.5L V6 Cylinder Engine Gasoline Fuel,A/T,White,Gray,None reported,Yes,39000.0,7,14375.0,0,0,4875.0
Lexus,RX 450h Base,2012,239000,Hybrid,295.0HP 3.5L V6 Cylinder Engine Gas/Electric Hybrid,A/T,Black,Black,None reported,Yes,7000.0,14,15933.333333333334,1,0,466.6666666666667
Jaguar,F-TYPE V6 S,2014,62194,Gasoline,3.0 Liter SC ULEV,Automatic,Black,Black,None reported,Unknown,32998.0,12,4784.153846153846,1,0,2538.3076923076924
Jeep,Wrangler Sahara,2020,22138,Gasoline,3.6 Liter,Automatic,Black,Black,None reported,Unknown,38598.0,6,3162.5714285714284,0,0,5514.0
Porsche,718 Boxster S,2017,48900,Gasoline,350.0HP 2.5L 4 Cylinder Engine Gasoline Fuel,Transmission w/Dual Shift Mode,Blue,Black,None reported,Yes,62500.0,9,4890.0,1,0,6250.0
Audi,R8 5.2,2014,21800,Gasoline,525.0HP 5.2L 10 Cylinder Engine Gasoline Fuel,Transmission w/Dual Shift Mode,White,Black,None reported,Yes,117000.0,12,1676.923076923077,1,0,9000.0
Lincoln,MKZ Base,2016,68200,Gasoline,300.0HP 3.7L V6 Cylinder Engine Gasoline Fuel,6-Speed A/T,Silver,Black,At least 1 accident or damage reported,Yes,16750.0,10,6200.0,0,1,1522.7272727272727
Chevrolet,S-10 LS Crew Cab,2001,139000,Gasoline,190.0HP 4.3L V6 Cylinder Engine Gasoline Fuel,A/T,Red,Gray,None reported,Yes,7000.0,25,5346.153846153846,0,0,269.2307692307692
Mercedes-Benz,G-Class G 550 4MATIC,2021,76100,Gasoline,416.0HP 4.0L 8 Cylinder Engine Gasoline Fuel,A/T,Black,Black,None reported,Yes,130000.0,5,12683.333333333334,1,0,21666.666666666668
Lexus,RX 350 RX 350 F SPORT Handling,2022,14330,Gasoline,3.5 Liter DOHC,Automatic,Black,Red,None reported,Unknown,54998.0,4,2866.0,1,0,10999.6
BMW,750 i xDrive,2019,41906,Gasoline,445.0HP 4.4L 8 Cylinder Engine Gasoline Fuel,8-Speed A/T,Blue,White,At least 1 accident or damage reported,Yes,45999.0,7,5238.25,1,1,5749.875
Chevrolet,Camaro 2SS,2016,164000,Gasoline,455.0HP 6.2L 8 Cylinder Engine Gasoline Fuel,8-Speed A/T,Black,Red,None reported,Yes,21500.0,10,14909.09090909091,0,0,1954.5454545454545
Ford,Fusion Hybrid SE,2013,161933,Hybrid,2.0L I4 16V MPFI DOHC Hybrid,Automatic CVT,Blue,Charcoal Black,None reported,Yes,7945.0,13,11566.642857142857,0,0,567.5
Hyundai,Santa Cruz 2.5T Limited,2022,22829,Gasoline,2.5L I4 16V PDI DOHC Turbo,Automatic,Hampton Gray,Black,None reported,Unknown,34580.0,4,4565.8,0,0,6916.0
Lexus,RX 350 F Sport,2023,5483,Gasoline,2.4L I4 16V PDI DOHC Turbo,8-Speed Automatic,Ultra White,Black,None reported,Unknown,59950.0,3,1370.75,1,0,14987.5
Land,Rover Range Rover Evoque S,2020,46891,Gasoline,246.0HP 2.0L 4 Cylinder Engine Gasoline Fuel,9-Speed A/T,Gray,Black,At least 1 accident or damage reported,Yes,31000.0,6,6698.714285714285,1,1,4428.571428571428
Chevrolet,Suburban LT,2019,72000,Gasoline,355.0HP 5.3L 8 Cylinder Engine Gasoline Fuel,A/T,Blue,Beige,At least 1 accident or damage reported,Yes,39000.0,7,9000.0,0,1,4875.0
Porsche,718 Spyder Base,2020,3400,Gasoline,414.0HP 4.0L Flat 6 Cylinder Engine Gasoline Fuel,6-Speed M/T,White,Black,None reported,Yes,129900.0,6,485.7142857142857,1,0,18557.14285714286
Chevrolet,Camaro 1LT,2021,18000,Gasoline,335.0HP 3.6L V6 Cylinder Engine Gasoline Fuel,10-Speed A/T,White,Black,At least 1 accident or damage reported,Yes,30000.0,5,3000.0,0,1,5000.0
Jeep,Gladiator Freedom,2021,30630,Gasoline,3.6 Liter,Automatic,Hydro Blue Pearlcoat,Black,None reported,Unknown,39998.0,5,5105.0,0,0,6666.333333333333
Toyota,Tacoma Double Cab,2007,24985,Gasoline,236.0HP 4.0L V6 Cylinder Engine Gasoline Fuel,5-Speed A/T,Silver,Silver,Unknown,Unknown,33580.0,19,1249.25,0,1,1679.0
GMC,Yukon Denali Ultimate,2023,9978,Gasoline,420.0HP 6.2L 8 Cylinder Engine Gasoline Fuel,10-Speed A/T,White,Gold,None reported,Yes,93999.0,3,2494.5,0,0,23499.75
Ford,Shelby GT350R Base,2018,18500,Gasoline,526.0HP 5.2L 8 Cylinder Engine Gasoline Fuel,M/T,Blue,Black,At least 1 accident or damage reported,Yes,77999.0,8,2055.5555555555557,0,1,8666.555555555555
Cadillac,Escalade Premium Luxury Platinum,2021,72843,Gasoline,6.2L V8 16V GDI OHV,10-Speed Automatic,Sandstone Metallic,Dark Auburn,None reported,Yes,79990.0,5,12140.5,0,0,13331.666666666666
Buick,LaCrosse Base,2017,67500,Gasoline,310.0HP 3.6L V6 Cylinder Engine Gasoline Fuel,8-Speed A/T,Black,Beige,None reported,Yes,20000.0,9,6750.0,0,0,2000.0
Tesla,Model X Long Range Plus,2020,43534,Gasoline,534.0HP Electric Motor Electric Fuel System,1-Speed A/T,Black,Black,None reported,Yes,65990.0,6,6219.142857142857,1,0,9427.142857142857
Mercedes-Benz,E-Class E 300 4MATIC,2017,36900,Gasoline,241.0HP 2.0L 4 Cylinder Engine Gasoline Fuel,9-Speed A/T,Gray,Beige,None reported,Yes,28500.0,9,3690.0,1,0,2850.0
Chevrolet,Tahoe LT,2017,61720,E85 Flex Fuel,5.3 Liter,Automatic,Silver,Jet Black,At least 1 accident or damage reported,Unknown,39998.0,9,6172.0,0,1,3999.8
Kia,Telluride EX,2022,35938,Gasoline,3.8L V6 24V GDI DOHC,8-Speed Automatic,Glacial White Pearl,Black,None reported,Unknown,43329.0,4,7187.6,0,0,8665.8
Toyota,Tundra Hybrid Limited,2023,10748,Hybrid,3.4L V6 24V PDI DOHC Twin Turbo Hybrid,Automatic,Midnight Black Metallic,Black,None reported,Unknown,63100.0,3,2687.0,0,0,15775.0
Audi,S8 4.0T quattro,2023,4457,Gasoline,4.0L V8 32V GDI DOHC Twin Turbo,Automatic,Mythos Black Metallic,Black,None reported,Unknown,107900.0,3,1114.25,1,0,26975.0
Nissan,Armada Platinum,2018,108206,Gasoline,5.6 Liter,Automatic,White,Charcoal,At least 1 accident or damage reported,Unknown,26498.0,8,12022.888888888889,0,1,2944.222222222222
Land,Rover Discovery HSE,2020,32705,Diesel,3.0 Liter,Automatic,Portofino Blue Metallic,Tan/Ebony/Ebony,None reported,Unknown,46598.0,6,4672.142857142857,1,0,6656.857142857143
Kia,Telluride S,2020,74026,Gasoline,3.8L V6 24V GDI DOHC,8-Speed Automatic,Sangria Red,Black,None reported,Unknown,32913.0,6,10575.142857142857,0,0,4701.857142857143
Lexus,GS 350 F Sport,2020,24651,Gasoline,3.5L V6 24V PDI DOHC,6-Speed Automatic,Ultra White,Black,None reported,Unknown,45950.0,6,3521.5714285714284,1,0,6564.285714285715
BMW,X6 xDrive40i,2022,13000,Hybrid,335.0HP 3.0L Straight 6 Cylinder Engine Gasoline/Mild Electric Hybrid,Transmission w/Dual Shift Mode,Gray,Orange,None reported,Yes,69000.0,4,2600.0,1,0,13800.0
Land,Rover Range Rover P400 SE SWB,2023,11700,Hybrid,395.0HP 3.0L Straight 6 Cylinder Engine Gasoline/Mild Electric Hybrid,Transmission w/Dual Shift Mode,Gray,White,None reported,Yes,133500.0,3,2925.0,1,0,33375.0
Chevrolet,Silverado 3500 High Country,2015,77500,Diesel,397.0HP 6.6L 8 Cylinder Engine Diesel Fuel,6-Speed A/T,Black,Brown,None reported,Yes,54000.0,11,6458.333333333333,0,0,4500.0
Maserati,Quattroporte Sport GT,2007,82000,Gasoline,394.0HP 4.2L 8 Cylinder Engine Gasoline Fuel,Transmission w/Dual Shift Mode,Black,Black,At least 1 accident or damage reported,Yes,7999.0,19,4100.0,0,1,399.95
Dodge,Viper GTC,2017,1389,Gasoline,645.0HP 8.4L 10 Cylinder Engine Gasoline Fuel,M/T,Black,Black,None reported,Yes,489995.0,9,138.9,0,0,48999.5
Ford,Expedition Limited,2021,29830,Gasoline,3.5L V6 24V PDI DOHC Twin Turbo,10-Speed Automatic,Magnetic Metallic,Ebony,None reported,Unknown,55329.0,5,4971.666666666667,0,0,9221.5
Mazda,Mazda6 i Grand Touring,2016,83100,–,–,A/T,White,White,None reported,Yes,17800.0,10,7554.545454545455,0,0,1618.1818181818182
Kia,Optima LX,2019,62660,Gasoline,185.0HP 2.4L 4 Cylinder Engine Gasoline Fuel,A/T,White,Black,None reported,Yes,16500.0,7,7832.5,0,0,2062.5
Land,Rover Range Rover Sport SVR,2018,56006,Gasoline,575.0HP 5.0L 8 Cylinder Engine Gasoline Fuel,Transmission w/Dual Shift Mode,Silver,White,None reported,Yes,59000.0,8,6222.888888888889,1,0,6555.555555555556
Lexus,RX 450h F SPORT Handling,2021,31365,Hybrid,3.5 Liter DOHC,Variable,Beige,Red,None reported,Unknown,52998.0,5,5227.5,1,0,8833.0
Lincoln,Town Car Base,2004,27600,Gasoline,239.0HP 4.6L 8 Cylinder Engine Gasoline Fuel,4-Speed A/T,Black,White,None reported,Yes,14900.0,22,1200.0,0,0,647.8260869565217
Honda,Civic Si,2012,47245,Gasoline,201.0HP 2.4L 4 Cylinder Engine Gasoline Fuel,6-Speed M/T,White,Black,None reported,Yes,19600.0,14,3149.6666666666665,0,0,1306.6666666666667
Lexus,RX 450h Base,2017,73948,Hybrid,308.0HP 3.5L V6 Cylinder Engine Gas/Electric Hybrid,A/T,White,Beige,None reported,Yes,31990.0,9,7394.8,1,0,3199.0
RAM,1500 Classic Warlock,2019,36757,E85 Flex Fuel,3.6L V6 24V MPFI DOHC Flexible Fuel,8-Speed Automatic,Diamond Black,Diesel Gray / Black,None reported,Yes,31953.0,7,4594.625,0,0,3994.125
Tesla,Model Y Long Range,2023,4786,Gasoline,425.0HP Electric Motor Electric Fuel System,A/T,White,White,None reported,Yes,48000.0,3,1196.5,1,0,12000.0
Audi,RS 3 2.5T,2023,1900,Gasoline,401.0HP 2.5L 5 Cylinder Engine Gasoline Fuel,Transmission w/Dual Shift Mode,Gray,Black,None reported,Yes,78900.0,3,475.0,1,0,19725.0
Hyundai,Genesis Coupe 3.8 R-Spec,2014,52060,Gasoline,348.0HP 3.8L V6 Cylinder Engine Gasoline Fuel,6-Speed M/T,Black,Black,At least 1 accident or damage reported,Yes,15000.0,12,4004.6153846153848,0,1,1153.8461538461538
Porsche,Boxster RS 60 Spyder,2008,58000,Gasoline,303.0HP 3.4L Flat 6 Cylinder Engine Gasoline Fuel,6-Speed M/T,Silver,Black,None reported,Yes,41500.0,18,3052.6315789473683,1,0,2184.2105263157896
Ford,F-250 XLT,2010,52246,Diesel,6.4L V8 32V DDI OHV Twin Turbo Diesel,6-Speed Manual,Tan,Medium Stone,None reported,Yes,26095.0,16,3073.294117647059,0,0,1535.0
Kia,Sorento EX,2016,64290,Gasoline,2.0L I4 16V GDI DOHC Turbo,6-Speed Automatic,Snow White Pearl,Satin Black,None reported,Unknown,16999.0,10,5844.545454545455,0,0,1545.3636363636363
Nissan,370Z Touring,2009,37500,Gasoline,332.0HP 3.7L V6 Cylinder Engine Gasoline Fuel,6-Speed M/T,Silver,Orange,None reported,Yes,21500.0,17,2083.3333333333335,0,0,1194.4444444444443
Genesis,G70 2.0T,2023,2121,Gasoline,252.0HP 2.0L 4 Cylinder Engine Gasoline Fuel,8-Speed A/T,White,Red,None reported,Yes,40750.0,3,530.25,0,0,10187.5
Land,Rover Range Rover Sport Supercharged,2013,57000,Gasoline,510.0HP 5.0L 8 Cylinder Engine Gasoline Fuel,Transmission w/Dual Shift Mode,White,Beige,None reported,Yes,26000.0,13,4071.4285714285716,1,0,1857.142857142857
Mercedes-Benz,S-Class S 560 4MATIC,2020,22000,Gasoline,463.0HP 4.0L 8 Cylinder Engine Gasoline Fuel,A/T,White,Beige,None reported,Yes,69500.0,6,3142.8571428571427,1,0,9928.57142857143
Ford,Bronco Wildtrak Advanced,2023,2000,Gasoline,315.0HP 2.7L V6 Cylinder Engine Gasoline Fuel,A/T,Black,Black,None reported,Yes,66500.0,3,500.0,0,0,16625.0
RAM,1500 SLT,2018,61802,E85 Flex Fuel,305.0HP 3.6L V6 Cylinder Engine Flex Fuel Capability,8-Speed A/T,Black,Gray,None reported,Yes,32000.0,8,6866.888888888889,0,0,3555.5555555555557
Dodge,Challenger R/T,2010,73000,–,–,A/T,Black,Black,None reported,Yes,17500.0,16,4294.117647058823,0,0,1029.4117647058824
Chevrolet,Sonic LT,2013,110000,–,–,A/T,Gray,Black,None reported,Yes,7500.0,13,7857.142857142857,0,0,535.7142857142857
Jeep,Grand Cherokee Laredo,2013,106700,E85 Flex Fuel,290.0HP 3.6L V6 Cylinder Engine Flex Fuel Capability,6-Speed A/T,Black,Black,None reported,Yes,13500.0,13,7621.428571428572,0,0,964.2857142857143
Audi,RS 5 4.2,2013,75965,Gasoline,450.0HP 4.2L 8 Cylinder Engine Gasoline Fuel,7-Speed A/T,White,Black,At least 1 accident or damage reported,Yes,35999.0,13,5426.071428571428,1,1,2571.3571428571427
Jeep,Grand Cherokee L Overland,2022,31804,Gasoline,3.6L V6 24V MPFI DOHC,Automatic,Silver Zynith,Global Black,At least 1 accident or damage reported,Yes,48995.0,4,6360.8,0,1,9799.0
Mazda,MX-5 Miata Base,1992,125800,–,–,5-Speed M/T,Red,Black,None reported,Yes,11500.0,34,3594.285714285714,0,0,328.57142857142856
Chrysler,Crossfire Limited,2005,116320,Gasoline,215.0HP 3.2L V6 Cylinder Engine Gasoline Fuel,5-Speed A/T,Gray,Red,At least 1 accident or damage reported,Yes,6000.0,21,5287.272727272727,0,1,272.72727272727275
Audi,S5 4.2 Premium Plus,2011,156875,Gasoline,354.0HP 4.2L 8 Cylinder Engine Gasoline Fuel,6-Speed M/T,Black,Red,At least 1 accident or damage reported,Yes,9900.0,15,9804.6875,1,1,618.75
Tesla,Model X Base,2023,197,Gasoline,670.0HP Electric Motor Electric Fuel System,A/T,Blue,Black,None reported,Yes,85000.0,3,49.25,1,0,21250.0
Cadillac,CT4 Luxury,2020,35200,Gasoline,237.0HP 2.0L 4 Cylinder Engine Gasoline Fuel,8-Speed A/T,Blue,Black,None reported,Yes,28500.0,6,5028.571428571428,0,0,4071.4285714285716
Maserati,Ghibli S Q4,2014,76000,Gasoline,404.0HP 3.0L V6 Cylinder Engine Gasoline Fuel,A/T,Black,Black,None reported,Yes,19000.0,12,5846.153846153846,0,0,1461.5384615384614
Jaguar,F-PACE 25t Premium,2019,29000,Gasoline,247.0HP 2.0L 4 Cylinder Engine Gasoline Fuel,A/T,White,Black,None reported,Yes,34500.0,7,3625.0,1,0,4312.5
BMW,750 i xDrive,2019,33499,Gasoline,445.0HP 4.4L 8 Cylinder Engine Gasoline Fuel,A/T,Gray,Black,At least 1 accident or damage reported,Yes,44495.0,7,4187.375,1,1,5561.875
Acura,TLX V6 Advance,2019,25779,Gasoline,3.5L V6 24V GDI SOHC,9-Speed Automatic,Platinum White Pearl,Ebony,At least 1 accident or damage reported,Unknown,30999.0,7,3222.375,0,1,3874.875
GMC,Terrain SLT-1,2015,76296,Gasoline,182.0HP 2.4L 4 Cylinder Engine Gasoline Fuel,6-Speed A/T,Gray,Black,At least 1 accident or damage reported,Yes,9500.0,11,6358.0,0,1,791.6666666666666
BMW,i3 Base w/Range Extender,2014,29553,Gasoline,170.0HP 0.65L Electric Motor Electric Fuel System,1-Speed A/T,Black,Gray,None reported,Yes,12800.0,12,2273.3076923076924,1,0,984.6153846153846
Nissan,Versa 1.8 S,2011,109902,Gasoline,122.0HP 1.8L 4 Cylinder Engine Gasoline Fuel,A/T,Blue,Gray,None reported,Yes,4500.0,15,6868.875,0,0,281.25
Mercedes-Benz,C-Class C 300 4MATIC,2019,23083,Gasoline,255.0HP 2.0L 4 Cylinder Engine Gasoline Fuel,9-Speed A/T,White,Beige,None reported,Yes,33500.0,7,2885.375,1,0,4187.5
Toyota,Matrix XRS,2003,143600,Gasoline,180.0HP 1.8L 4 Cylinder Engine Gasoline Fuel,6-Speed M/T,Black,Black,None reported,Yes,4199.0,23,5983.333333333333,0,0,174.95833333333334
RAM,1500 Limited,2021,22000,Gasoline,395.0HP 5.7L 8 Cylinder Engine Gasoline Fuel,8-Speed A/T,Black,Black,None reported,Yes,54800.0,5,3666.6666666666665,0,0,9133.333333333334
Mercedes-Benz,AMG E 53 Base 4MATIC,2022,13000,Hybrid,429.0HP 3.0L Straight 6 Cylinder Engine Gasoline/Mild Electric Hybrid,9-Speed A/T,Silver,Black,None reported,Yes,81500.0,4,2600.0,1,0,16300.0
Audi,A5 2.0T Premium,2018,53000,Gasoline,252.0HP 2.0L 4 Cylinder Engine Gasoline Fuel,A/T,White,Brown,At least 1 accident or damage reported,Yes,28000.0,8,5888.888888888889,1,1,3111.1111111111113
Lincoln,Navigator Reserve,2019,44741,Gasoline,450.0HP 3.5L V6 Cylinder Engine Gasoline Fuel,10-Speed A/T,Beige,Beige,None reported,Yes,52999.0,7,5592.625,0,0,6624.875
Audi,A6 3.2 quattro,2008,202000,Gasoline,255.0HP 3.2L V6 Cylinder Engine Gasoline Fuel,A/T,Blue,Gray,At least 1 accident or damage reported,Yes,5700.0,18,10631.578947368422,1,1,300.0
Chevrolet,Silverado 1500 LT Crew Cab,2006,215000,Gasoline,345.0HP 6.0L 8 Cylinder Engine Gasoline Fuel,A/T,Black,Black,At least 1 accident or damage reported,Yes,6995.0,20,10238.095238095239,0,1,333.0952380952381
Mercedes-Benz,S-Class S 560,2019,77138,Gasoline,4.0 Liter,Automatic,designo Diamond White,Black,None reported,Unknown,49998.0,7,9642.25,1,0,6249.75
Volvo,XC90 T6 Momentum,2018,90641,Gasoline,2.0L I4 16V GDI DOHC,8-Speed Automatic,White,Amber,None reported,Unknown,25999.0,8,10071.222222222223,0,0,2888.777777777778
Toyota,Camry SE,2011,177702,Gasoline,179.0HP 2.5L 4 Cylinder Engine Gasoline Fuel,A/T,Gray,Gray,At least 1 accident or damage reported,Yes,7700.0,15,11106.375,0,1,481.25
Mercedes-Benz,Metris Base,2018,58350,Gasoline,208.0HP 2.0L 4 Cylinder Engine Gasoline Fuel,7-Speed A/T,Black,Black,None reported,Yes,29497.0,8,6483.333333333333,1,0,3277.4444444444443
Chevrolet,Camaro 2LT,2010,86170,Gasoline,304.0HP 3.6L V6 Cylinder Engine Gasoline Fuel,6-Speed A/T,Black,Black,At least 1 accident or damage reported,Yes,17000.0,16,5068.823529411765,0,1,1000.0
Mazda,MX-5 Miata Grand Touring,2012,36568,Gasoline,167.0HP 2.0L 4 Cylinder Engine Gasoline Fuel,6-Speed M/T,Blue,Beige,At least 1 accident or damage reported,Yes,20199.0,14,2437.866666666667,0,1,1346.6
Ford,Escape SE,2015,54357,Gasoline,173.0HP 1.6L 4 Cylinder Engine Gasoline Fuel,6-Speed A/T,White,Gray,None reported,Yes,16250.0,11,4529.75,0,0,1354.1666666666667
Mercedes-Benz,S-Class S 63 AMG,2015,20394,Gasoline,5.5 Liter,Automatic,Black,Black,At least 1 accident or damage reported,Unknown,59598.0,11,1699.5,1,1,4966.5
Kia,Niro EX,2023,7578,Hybrid,1.6L I4 16V GDI DOHC Hybrid,Automatic,Snow White Pearl,Charcoal,None reported,Unknown,31113.0,3,1894.5,0,0,7778.25
Porsche,Boxster Base,2010,64800,Gasoline,255.0HP 2.9L Flat 6 Cylinder Engine Gasoline Fuel,6-Speed M/T,Gray,Gray,At least 1 accident or damage reported,Yes,20900.0,16,3811.764705882353,1,1,1229.4117647058824
Toyota,4Runner Trail,2016,117780,Gasoline,270.0HP 4.0L V6 Cylinder Engine Gasoline Fuel,5-Speed A/T,Gray,Black,None reported,Yes,27750.0,10,10707.272727272728,0,0,2522.7272727272725
Hyundai,Kona EV SEL,2019,33100,Gasoline,201.0HP Electric Motor Electric Fuel System,1-Speed A/T,Black,Black,None reported,Yes,18200.0,7,4137.5,0,0,2275.0
Land,Rover Range Rover Evoque SE,2016,86202,Gasoline,240.0HP 2.0L 4 Cylinder Engine Gasoline Fuel,9-Speed A/T,Black,Black,None reported,Yes,18750.0,10,7836.545454545455,1,0,1704.5454545454545
Ford,E350 Super Duty XLT,2012,163000,E85 Flex Fuel,255.0HP 5.4L 8 Cylinder Engine Flex Fuel Capability,A/T,White,Gray,None reported,Yes,19550.0,14,10866.666666666666,0,0,1303.3333333333333
Mercedes-Benz,SL-Class SL500 Roadster,2004,35400,Gasoline,302.0HP 5.0L 8 Cylinder Engine Gasoline Fuel,7-Speed A/T,Black,Gray,None reported,Yes,24900.0,22,1539.1304347826087,1,0,1082.608695652174
Jeep,Compass Trailhawk,2018,31000,Gasoline,180.0HP 2.4L 4 Cylinder Engine Gasoline Fuel,9-Speed A/T,Gray,Black,None reported,Yes,22000.0,8,3444.4444444444443,0,0,2444.4444444444443
Mercedes-Benz,S-Class S 560 4MATIC,2018,103069,Gasoline,4.0 Liter,Automatic,Anthracite Blue Metallic,Silk Beige/Espresso Brown,None reported,Unknown,40998.0,8,11452.111111111111,1,0,4555.333333333333
Mercedes-Benz,G-Class G 550 4MATIC,2021,22480,Gasoline,416.0HP 4.0L 8 Cylinder Engine Gasoline Fuel,A/T,White,Brown,None reported,Yes,135800.0,5,3746.6666666666665,1,0,22633.333333333332
Tesla,Model X P90D,2016,91000,Gasoline,691.0HP Electric Motor Electric Fuel System,A/T,Silver,White,None reported,Yes,39500.0,10,8272.727272727272,1,0,3590.909090909091
Lexus,IS-F Base,2010,41500,Gasoline,416.0HP 5.0L 8 Cylinder Engine Gasoline Fuel,8-Speed A/T,Blue,Black,At least 1 accident or damage reported,Yes,44800.0,16,2441.176470588235,1,1,2635.294117647059
BMW,335 i,2010,91545,Gasoline,300.0HP 3.0L Straight 6 Cylinder Engine Gasoline Fuel,6-Speed A/T,Black,Black,None reported,Yes,13000.0,16,5385.0,1,0,764.7058823529412
Audi,RS 7 4.0T,2022,4100,Hybrid,591.0HP 4.0L 8 Cylinder Engine Gasoline/Mild Electric Hybrid,8-Speed A/T,Blue,Black,None reported,Yes,162500.0,4,820.0,1,0,32500.0
Buick,Lucerne CXL,2006,110000,Gasoline,275.0HP 4.6L 8 Cylinder Engine Gasoline Fuel,A/T,Gold,Beige,None reported,Yes,5000.0,20,5238.0952380952385,0,0,238.0952380952381
Lincoln,MKX Reserve,2016,88000,Gasoline,335.0HP 2.7L V6 Cylinder Engine Gasoline Fuel,Transmission w/Dual Shift Mode,Black,Black,None reported,Yes,18500.0,10,8000.0,0,0,1681.8181818181818
Nissan,Armada Platinum,2018,42833,Gasoline,390.0HP 5.6L 8 Cylinder Engine Gasoline Fuel,Transmission w/Dual Shift Mode,Blue,Gray,None reported,Yes,37000.0,8,4759.222222222223,0,0,4111.111111111111
Porsche,911 Carrera,2020,23278,Gasoline,3.0 Liter,Automatic,Blue,–,None reported,Unknown,114998.0,6,3325.4285714285716,1,0,16428.285714285714
Mercedes-Benz,E-Class 400E,1993,106983,–,–,4-Speed A/T,White,Gray,None reported,Yes,15300.0,33,3146.5588235294117,1,0,450.0
BMW,435 Gran Coupe i,2015,60100,Gasoline,300.0HP 3.0L Straight 6 Cylinder Engine Gasoline Fuel,8-Speed A/T,Blue,Beige,None reported,Yes,24995.0,11,5008.333333333333,1,0,2082.9166666666665
Jeep,Wagoneer Series III,2022,17381,Gasoline,5.7L V8 16V MPFI OHV,8-Speed Automatic,Velvet Red Pearlcoat,Global Black,None reported,Yes,69685.0,4,3476.2,0,0,13937.0
Cadillac,ATS 2.5L,2013,63172,Gasoline,202.0HP 2.5L 4 Cylinder Engine Gasoline Fuel,A/T,Black,Black,At least 1 accident or damage reported,Yes,12995.0,13,4512.285714285715,0,1,928.2142857142857
Ford,Transit Connect XLT,2010,72000,Gasoline,136.0HP 2.0L 4 Cylinder Engine Gasoline Fuel,A/T,White,Gray,At least 1 accident or damage reported,Yes,10900.0,16,4235.294117647059,0,1,641.1764705882352
Kia,EV6 GT-Line,2022,4820,Gasoline,320.0HP Electric Motor Electric Fuel System,1-Speed A/T,Red,Black,None reported,Yes,47500.0,4,964.0,0,0,9500.0
Audi,S5 3.0T Premium Plus,2014,67900,Gasoline,333.0HP 3.0L V6 Cylinder Engine Gasoline Fuel,6-Speed M/T,Silver,Black,Unknown,Unknown,25990.0,12,5223.076923076923,1,1,1999.2307692307693
Toyota,Tundra SR,2018,51000,Gasoline,381.0HP 5.7L 8 Cylinder Engine Gasoline Fuel,A/T,Black,Gray,None reported,Yes,38000.0,8,5666.666666666667,0,0,4222.222222222223
Jeep,Wrangler Unlimited Freedom Edition,2013,54500,Gasoline,285.0HP 3.6L V6 Cylinder Engine Gasoline Fuel,A/T,Green,Black,None reported,Yes,35000.0,13,3892.8571428571427,0,0,2500.0
Maserati,Quattroporte Base,2006,61840,Gasoline,394.0HP 4.2L 8 Cylinder Engine Gasoline Fuel,Transmission w/Dual Shift Mode,Gray,Beige,None reported,Yes,16500.0,20,2944.7619047619046,0,0,785.7142857142857
Mercedes-Benz,CLS-Class CLS500,2006,28950,Gasoline,302.0HP 5.0L 8 Cylinder Engine Gasoline Fuel,7-Speed A/T,Blue,Beige,Unknown,Unknown,16750.0,20,1378.5714285714287,1,1,797.6190476190476
GMC,Sierra 3500 SLE,2002,300000,Diesel,300.0HP 6.6L 8 Cylinder Engine Diesel Fuel,5-Speed A/T,Black,Gray,At least 1 accident or damage reported,Yes,5000.0,24,12000.0,0,1,200.0
Nissan,Frontier SL,2011,103400,Gasoline,261.0HP 4.0L V6 Cylinder Engine Gasoline Fuel,5-Speed A/T,Gray,Gray,At least 1 accident or damage reported,Yes,17000.0,15,6462.5,0,1,1062.5
BMW,M5 Base,2023,816,Gasoline,4.4L V8 32V GDI DOHC Twin Turbo,8-Speed Automatic,Alpine White,Black,None reported,Unknown,109900.0,3,204.0,1,0,27475.0
Porsche,911 R,2016,719,Gasoline,4.0L H6 24V GDI DOHC,6-Speed Manual,White,Black / Brown,None reported,Yes,489000.0,10,65.36363636363636,1,0,44454.545454545456
Land,Rover Defender X-Dynamic SE,2023,3678,Hybrid,3.0 Liter,Automatic,Fuji White,Black,None reported,Unknown,81998.0,3,919.5,1,0,20499.5
Ford,F-150 XL,2016,107000,E85 Flex Fuel,385.0HP 5.0L 8 Cylinder Engine Flex Fuel Capability,6-Speed A/T,White,Gray,At least 1 accident or damage reported,Yes,22000.0,10,9727.272727272728,0,1,2000.0
BMW,M8 Competition,2022,5018,Gasoline,4.4 Liter Twin Turbo,Automatic,–,Sakhir Orange/Black,None reported,Unknown,114998.0,4,1003.6,1,0,22999.6
Porsche,911 Carrera S,2010,13850,Gasoline,385.0HP 3.8L Flat 6 Cylinder Engine Gasoline Fuel,6-Speed M/T,Black,Black,None reported,Yes,71400.0,16,814.7058823529412,1,0,4200.0
Volvo,XC70 3.2,2008,46700,Gasoline,235.0HP 3.2L Straight 6 Cylinder Engine Gasoline Fuel,6-Speed A/T,White,Beige,Unknown,Unknown,11400.0,18,2457.8947368421054,0,1,600.0
Chrysler,300 Touring,2021,21478,Gasoline,3.6 Liter,Automatic,Silver Mist,Black,None reported,Unknown,27798.0,5,3579.6666666666665,0,0,4633.0
Honda,Insight EX,2020,64200,Hybrid,151.0HP 1.5L 4 Cylinder Engine Gas/Electric Hybrid,CVT Transmission,White,Black,At least 1 accident or damage reported,Yes,20499.0,6,9171.42857142857,0,1,2928.4285714285716
Porsche,Cayman S,2006,31075,Gasoline,3.4L H6 24V MPFI DOHC,5-Speed Automatic,Black,Black / Stone Grey,None reported,Yes,36250.0,20,1479.7619047619048,1,0,1726.1904761904761
Tesla,Model Y Performance,2022,25250,Gasoline,455.0HP Electric Motor Electric Fuel System,1-Speed A/T,White,White,None reported,Yes,47800.0,4,5050.0,1,0,9560.0
BMW,M5 Competition,2020,35400,Gasoline,617.0HP 4.4L 8 Cylinder Engine Gasoline Fuel,8-Speed A/T,Orange,Black,None reported,Yes,71950.0,6,5057.142857142857,1,0,10278.57142857143
Audi,S4 4.2 quattro,2004,74030,Gasoline,340.0HP 4.2L 8 Cylinder Engine Gasoline Fuel,6-Speed M/T,Silver,Gray,None reported,Yes,16000.0,22,3218.695652173913,1,0,695.6521739130435
Ford,F-250 Platinum,2021,48549,Diesel,6.7L V8 32V DDI OHV Turbo Diesel,Automatic,Antimatter Blue Metallic,Black,None reported,Unknown,69998.0,5,8091.5,0,0,11666.333333333334
Kia,Seltos S,2023,5182,Gasoline,146.0HP 2.0L 4 Cylinder Engine Gasoline Fuel,A/T,White,Black,None reported,Yes,32500.0,3,1295.5,0,0,8125.0
RAM,ProMaster 2500 High Roof,2019,31681,Gasoline,280.0HP 3.6L V6 Cylinder Engine Gasoline Fuel,A/T,White,Black,At least 1 accident or damage reported,Yes,33500.0,7,3960.125,0,1,4187.5
BMW,M760 M760i xDrive,2020,23430,Gasoline,6.6 Liter Twin Turbo,Automatic,White,Black,None reported,Unknown,80998.0,6,3347.1428571428573,1,0,11571.142857142857
Mercedes-Benz,E-Class E 400,2015,30300,Gasoline,329.0HP 3.0L V6 Cylinder Engine Gasoline Fuel,A/T,White,Black,At least 1 accident or damage reported,Yes,29000.0,11,2525.0,1,1,2416.6666666666665
Cadillac,XTS Luxury,2016,112000,Gasoline,304.0HP 3.6L V6 Cylinder Engine Gasoline Fuel,A/T,Blue,Beige,At least 1 accident or damage reported,Yes,14599.0,10,10181.818181818182,0,1,1327.1818181818182
INFINITI,Q50 Premium,2014,127356,Gasoline,328.0HP 3.7L V6 Cylinder Engine Gasoline Fuel,7-Speed A/T,Black,Black,At least 1 accident or damage reported,Yes,19990.0,12,9796.615384615385,0,1,1537.6923076923076
Volkswagen,Touareg V6 Executive,2017,50600,Gasoline,280.0HP 3.6L V6 Cylinder Engine Gasoline Fuel,8-Speed A/T,Red,Brown,At least 1 accident or damage reported,Yes,28890.0,9,5060.0,0,1,2889.0
Chevrolet,Suburban 1500 LTZ,2011,194000,E85 Flex Fuel,320.0HP 5.3L 8 Cylinder Engine Flex Fuel Capability,6-Speed A/T,Black,Black,None reported,Yes,9950.0,15,12125.0,0,0,621.875
Toyota,Tundra SR5,2021,33455,Gasoline,381.0HP 5.7L 8 Cylinder Engine Gasoline Fuel,6-Speed A/T,Green,Black,None reported,Yes,44750.0,5,5575.833333333333,0,0,7458.333333333333
BMW,X1 sDrive28i,2022,43000,Gasoline,228.0HP 2.0L 4 Cylinder Engine Gasoline Fuel,8-Speed A/T,Gray,Black,None reported,Yes,35750.0,4,8600.0,1,0,7150.0
Mercedes-Benz,GL-Class GL 550 4MATIC,2016,46102,Gasoline,429.0HP 4.7L 8 Cylinder Engine Gasoline Fuel,7-Speed A/T,Black,Beige,None reported,Yes,35300.0,10,4191.090909090909,1,0,3209.090909090909
Cadillac,XTS Luxury,2019,59000,Gasoline,304.0HP 3.6L V6 Cylinder Engine Gasoline Fuel,6-Speed A/T,Black,Black,None reported,Yes,21000.0,7,7375.0,0,0,2625.0
Jaguar,XJ8 Base,2004,134000,Gasoline,294.0HP 4.2L 8 Cylinder Engine Gasoline Fuel,6-Speed A/T,Black,Beige,At least 1 accident or damage reported,Yes,9500.0,22,5826.086956521739,1,1,413.04347826086956
Chevrolet,Camaro ZL1,2020,3715,Gasoline,650.0HP 6.2L 8 Cylinder Engine Gasoline Fuel,A/T,Black,Black,None reported,Yes,150000.0,6,530.7142857142857,0,0,21428.571428571428
Mercedes-Benz,Sprinter 2500,2012,100245,Diesel,188.0HP 3.0L V6 Cylinder Engine Diesel Fuel,A/T,White,–,At least 1 accident or damage reported,Yes,24000.0,14,6683.0,1,1,1600.0
Mercedes-Benz,C-Class C 300 4MATIC,2022,8583,Gasoline,2.0L I4 16V GDI DOHC Turbo,9-Speed Automatic,Cirrus Silver Metallic,AMG Black,None reported,Unknown,42999.0,4,1716.6,1,0,8599.8
Dodge,Dakota SLT,2003,141800,Gasoline,230.0HP 4.7L 8 Cylinder Engine Gasoline Fuel,A/T,Red,Gray,At least 1 accident or damage reported,Yes,5700.0,23,5908.333333333333,0,1,237.5
Audi,A5 2.0T Premium Plus,2012,77000,Gasoline,211.0HP 2.0L 4 Cylinder Engine Gasoline Fuel,8-Speed A/T,White,Black,None reported,Yes,13800.0,14,5133.333333333333,1,0,920.0
Audi,A5 2.0T Premium,2018,67035,Gasoline,252.0HP 2.0L 4 Cylinder Engine Gasoline Fuel,Transmission w/Dual Shift Mode,Pink,Brown,At least 1 accident or damage reported,Yes,31500.0,8,7448.333333333333,1,1,3500.0
Audi,S5 3.0 Premium Plus,2012,61450,Gasoline,333.0HP 3.0L V6 Cylinder Engine Gasoline Fuel,7-Speed A/T,White,Gray,None reported,Yes,19500.0,14,4096.666666666667,1,0,1300.0
Porsche,Panamera GTS,2015,39500,Gasoline,440.0HP 4.8L 8 Cylinder Engine Gasoline Fuel,Transmission w/Dual Shift Mode,Black,Black,None reported,Yes,52590.0,11,3291.6666666666665,1,0,4382.5
Mercedes-Benz,AMG GT C,2020,6600,Gasoline,550.0HP 4.0L 8 Cylinder Engine Gasoline Fuel,Transmission w/Dual Shift Mode,Black,Beige,None reported,Yes,128900.0,6,942.8571428571429,1,0,18414.285714285714
Chevrolet,Camaro 2SS,2023,2300,Gasoline,455.0HP 6.2L 8 Cylinder Engine Gasoline Fuel,6-Speed M/T,Red,Black,None reported,Yes,51500.0,3,575.0,0,0,12875.0
Audi,Q7 Premium Plus,2023,10601,Hybrid,3.0 Liter TFSI,Automatic,Mythos Black,Black,None reported,Unknown,61998.0,3,2650.25,1,0,15499.5
Maserati,GranTurismo MC,2018,18000,Gasoline,454.0HP 4.7L 8 Cylinder Engine Gasoline Fuel,Transmission w/Dual Shift Mode,Red,Black,None reported,Yes,67000.0,8,2000.0,0,0,7444.444444444444
GMC,Sierra 2500 AT4,2022,31681,Gasoline,6.6L V8 16V GDI OHV,Automatic,Cayenne Red Tintcoat,Jet Black,At least 1 accident or damage reported,Unknown,67963.0,4,6336.2,0,1,13592.6
Cadillac,XT6 Sport AWD,2020,24114,Gasoline,3.6L V6 24V GDI DOHC,9-Speed Automatic,Garnet Red Metallic,Jet Black,At least 1 accident or damage reported,Unknown,49427.0,6,3444.8571428571427,0,1,7061.0
Jeep,Grand Cherokee L Laredo,2022,22109,Gasoline,3.6L V6 24V MPFI DOHC,Automatic,Bright White Clearcoat,Global Black,Unknown,Unknown,43389.0,4,4421.8,0,1,8677.8
Chevrolet,Avalanche 1500 LT,2012,148000,E85 Flex Fuel,320.0HP 5.3L 8 Cylinder Engine Flex Fuel Capability,A/T,Black,Black,None reported,Yes,18000.0,14,9866.666666666666,0,0,1200.0
BMW,M5 Base,2018,41000,Gasoline,600.0HP 4.4L 8 Cylinder Engine Gasoline Fuel,Transmission w/Dual Shift Mode,White,White,None reported,Yes,60200.0,8,4555.555555555556,1,0,6688.888888888889
Nissan,Titan SE,2009,127600,E85 Flex Fuel,317.0HP 5.6L 8 Cylinder Engine Flex Fuel Capability,A/T,Brown,Gray,None reported,Yes,19500.0,17,7088.888888888889,0,0,1083.3333333333333
Dodge,Ram 1500 SRT-10 Quad Cab,2005,138450,Gasoline,500.0HP 8.3L 10 Cylinder Engine Gasoline Fuel,4-Speed A/T,Red,Black,At least 1 accident or damage reported,Yes,19000.0,21,6293.181818181818,0,1,863.6363636363636
GMC,Sierra 1500 SLT,2013,230000,E85 Flex Fuel,315.0HP 5.3L 8 Cylinder Engine Flex Fuel Capability,A/T,White,Black,None reported,Yes,15500.0,13,16428.571428571428,0,0,1107.142857142857
Lexus,RX 350 F Sport,2017,53649,Gasoline,295.0HP 3.5L V6 Cylinder Engine Gasoline Fuel,A/T,Black,Red,None reported,Yes,33000.0,9,5364.9,1,0,3300.0
Mercedes-Benz,GL-Class GL 450 4MATIC,2012,174000,Gasoline,335.0HP 4.6L 8 Cylinder Engine Gasoline Fuel,7-Speed A/T,Black,Black,At least 1 accident or damage reported,Yes,11999.0,14,11600.0,1,1,799.9333333333333
INFINITI,QX80 Luxe,2022,49860,Gasoline,5.6L V8 32V GDI DOHC,Automatic,Black Obsidian,Graphite,At least 1 accident or damage reported,Yes,47645.0,4,9972.0,0,1,9529.0
Mercedes-Benz,AMG C 63 S,2021,13650,Gasoline,503.0HP 4.0L 8 Cylinder Engine Gasoline Fuel,9-Speed A/T,Blue,Black,None reported,Yes,75000.0,5,2275.0,1,0,12500.0
BMW,528 i xDrive,2016,134000,Gasoline,240.0HP 2.0L 4 Cylinder Engine Gasoline Fuel,A/T,Brown,Brown,At least 1 accident or damage reported,Yes,13500.0,10,12181.818181818182,1,1,1227.2727272727273
Porsche,911 Carrera,2014,78000,Gasoline,350.0HP 3.4L Flat 6 Cylinder Engine Gasoline Fuel,Transmission w/Dual Shift Mode,Brown,Brown,None reported,Yes,68000.0,12,6000.0,1,0,5230.7692307692305
Porsche,Boxster S,2005,65750,Gasoline,280.0HP 3.2L Flat 6 Cylinder Engine Gasoline Fuel,A/T,Blue,Gray,None reported,Yes,21750.0,21,2988.6363636363635,1,0,988.6363636363636
BMW,X6 M Base,2021,18000,Gasoline,600.0HP 4.4L 8 Cylinder Engine Gasoline Fuel,8-Speed A/T,Black,Black,None reported,Yes,94000.0,5,3000.0,1,0,15666.666666666666
Ford,Mustang Premium,2007,121630,Gasoline,210.0HP 4.0L V6 Cylinder Engine Gasoline Fuel,A/T,White,Black,None reported,Yes,9450.0,19,6081.5,0,0,472.5
Rivian,R1S Launch Edition,2023,4500,Gasoline,835.0HP Electric Motor Electric Fuel System,1-Speed A/T,Silver,Gray,None reported,Yes,89999.0,3,1125.0,0,0,22499.75
Volvo,XC90 Recharge Plug-In Hybrid T8 Inscription 7 Passenger,2022,9408,Hybrid,2.0L I4 16V GDI DOHC Hybrid,8-Speed Automatic,Black,Gray,None reported,Unknown,61999.0,4,1881.6,0,0,12399.8
BMW,528 i xDrive,2016,120000,Gasoline,240.0HP 2.0L 4 Cylinder Engine Gasoline Fuel,A/T,White,White,None reported,Yes,16000.0,10,10909.09090909091,1,0,1454.5454545454545
Cadillac,Escalade ESV Platinum,2016,168600,Gasoline,420.0HP 6.2L 8 Cylinder Engine Gasoline Fuel,8-Speed A/T,White,Beige,None reported,Yes,29500.0,10,15327.272727272728,0,0,2681.818181818182
Chevrolet,Corvette Base,2004,43705,Gasoline,350.0HP 5.7L 8 Cylinder Engine Gasoline Fuel,6-Speed M/T,Gray,Black,None reported,Yes,25900.0,22,1900.2173913043478,0,0,1126.0869565217392
Audi,A5 2.0T Premium,2013,111000,Gasoline,211.0HP 2.0L 4 Cylinder Engine Gasoline Fuel,Transmission w/Dual Shift Mode,Blue,Beige,None reported,Yes,11500.0,13,7928.571428571428,1,0,821.4285714285714
Audi,TT 2.0T Premium,2012,64549,Gasoline,211.0HP 2.0L 4 Cylinder Engine Gasoline Fuel,Transmission w/Dual Shift Mode,Silver,Black,None reported,Yes,17000.0,14,4303.266666666666,1,0,1133.3333333333333
Buick,LaCrosse CX,2007,53000,Gasoline,200.0HP 3.8L V6 Cylinder Engine Gasoline Fuel,4-Speed A/T,Red,Gray,None reported,Yes,6500.0,19,2650.0,0,0,325.0
Chevrolet,Camaro 2SS,2017,13465,Gasoline,455.0HP 6.2L 8 Cylinder Engine Gasoline Fuel,8-Speed A/T,White,Black,None reported,Yes,44900.0,9,1346.5,0,0,4490.0
Tesla,Model Y Long Range,2023,5844,Gasoline,425.0HP Electric Motor Electric Fuel System,A/T,White,Black,None reported,Yes,52000.0,3,1461.0,1,0,13000.0
BMW,M3 Base,2015,74000,Gasoline,425.0HP 3.0L Straight 6 Cylinder Engine Gasoline Fuel,M/T,Gray,Black,None reported,Yes,40000.0,11,6166.666666666667,1,0,3333.3333333333335
Kia,Optima LX,2011,100331,Gasoline,200.0HP 2.4L 4 Cylinder Engine Gasoline Fuel,A/T,Red,–,At least 1 accident or damage reported,Yes,6900.0,15,6270.6875,0,1,431.25
Toyota,Supra 3.0 Premium,2022,24850,Gasoline,382.0HP 3.0L Straight 6 Cylinder Engine Gasoline Fuel,A/T,Black,Black,None reported,Yes,53568.0,4,4970.0,0,0,10713.6
Lincoln,Nautilus Reserve,2021,17467,Gasoline,2.0L I4 16V GDI DOHC Turbo,8-Speed Automatic,Pristine White,Slate,None reported,Unknown,43860.0,5,2911.1666666666665,0,0,7310.0
Nissan,Pathfinder SL,2015,115000,Gasoline,260.0HP 3.5L V6 Cylinder Engine Gasoline Fuel,A/T,Gray,Black,None reported,Yes,11995.0,11,9583.333333333334,0,0,999.5833333333334
BMW,X5 xDrive50i,2015,72000,Gasoline,445.0HP 4.4L 8 Cylinder Engine Gasoline Fuel,Transmission w/Dual Shift Mode,Black,Brown,At least 1 accident or damage reported,Yes,26500.0,11,6000.0,1,1,2208.3333333333335
Mazda,MazdaSpeed3 Grand Touring,2008,162000,Gasoline,263.0HP 2.3L 4 Cylinder Engine Gasoline Fuel,6-Speed M/T,Black,Black,At least 1 accident or damage reported,Yes,6500.0,18,8526.315789473685,0,1,342.10526315789474
GMC,Yukon XL SLT,2017,47589,Gasoline,355.0HP 5.3L 8 Cylinder Engine Gasoline Fuel,A/T,Black,Black,None reported,Yes,45500.0,9,4758.9,0,0,4550.0
Toyota,bZ4X Limited,2023,6548,Gasoline,Electric,Automatic,Wind Chill Pearl,Black,None reported,Unknown,41999.0,3,1637.0,0,0,10499.75
RAM,ProMaster 2500 High Roof,2018,10339,Gasoline,280.0HP 3.6L V6 Cylinder Engine Gasoline Fuel,6-Speed A/T,White,Gray,None reported,Yes,36990.0,8,1148.7777777777778,0,0,4110.0
RAM,1500 Classic SLT,2021,32092,Gasoline,3.6L V6 24V MPFI DOHC,8-Speed Automatic,Patriot Blue Pearlcoat,Black,None reported,Yes,35113.0,5,5348.666666666667,0,0,5852.166666666667
Lexus,GS 350 Base,2014,85275,Gasoline,3.5 Liter,Automatic,Nebula Gray Pearl,Black,At least 1 accident or damage reported,Unknown,23998.0,12,6559.615384615385,1,1,1846.0
Hyundai,Tucson Limited,2016,138000,Gasoline,175.0HP 1.6L 4 Cylinder Engine Gasoline Fuel,7-Speed A/T,Brown,Beige,None reported,Yes,10990.0,10,12545.454545454546,0,0,999.0909090909091
Chevrolet,SSR Base,2003,87500,Gasoline,300.0HP 5.3L 8 Cylinder Engine Gasoline Fuel,A/T,Red,Black,None reported,Yes,16999.0,23,3645.8333333333335,0,0,708.2916666666666
Maserati,GranTurismo Base,2013,34920,Gasoline,440.0HP 4.7L 8 Cylinder Engine Gasoline Fuel,6-Speed A/T,Gray,Brown,None reported,Yes,38900.0,13,2494.285714285714,0,0,2778.5714285714284
Tesla,Model X Performance,2020,27224,Gasoline,Electric,1-Speed Automatic,Black,Black,None reported,Unknown,65999.0,6,3889.1428571428573,1,0,9428.42857142857
BMW,M2 Base,2018,25000,Gasoline,365.0HP 3.0L Straight 6 Cylinder Engine Gasoline Fuel,7-Speed A/T,Black,Black,None reported,Yes,52000.0,8,2777.777777777778,1,0,5777.777777777777
Tesla,Model Y Long Range,2021,14642,Gasoline,425.0HP Electric Motor Electric Fuel System,A/T,Red,Black,None reported,Yes,48500.0,5,2440.3333333333335,1,0,8083.333333333333
Subaru,Outback 2.5i Limited,2015,162000,Gasoline,175.0HP 2.5L 4 Cylinder Engine Gasoline Fuel,CVT Transmission,Gray,Black,None reported,Yes,13999.0,11,13500.0,0,0,1166.5833333333333
Buick,Roadmaster Estate,1996,119500,Gasoline,260.0HP 5.7L 8 Cylinder Engine Gasoline Fuel,4-Speed A/T,White,Beige,At least 1 accident or damage reported,Yes,16999.0,30,3854.8387096774195,0,1,548.3548387096774
Land,Rover Range Rover 5.0L Supercharged,2017,101800,Gasoline,510.0HP 5.0L 8 Cylinder Engine Gasoline Fuel,A/T,Silver,Black,None reported,Yes,36500.0,9,10180.0,1,0,3650.0
Ford,Expedition Max XLT,2021,84351,Gasoline,3.5L V6 24V PDI DOHC Twin Turbo,10-Speed Automatic,Blue,Ebony,None reported,Yes,42691.0,5,14058.5,0,0,7115.166666666667
Nissan,Leaf SL,2012,26930,Gasoline,107.0HP Electric Motor Electric Fuel System,1-Speed A/T,White,Beige,None reported,Yes,6700.0,14,1795.3333333333333,0,0,446.6666666666667
Toyota,Tacoma TRD Pro,2019,40698,Gasoline,3.5L V6 24V PDI DOHC,6-Speed,Super White,Black,None reported,Unknown,42886.0,7,5087.25,0,0,5360.75
Mercedes-Benz,AMG GT 63 S 4-Door,2020,40000,Gasoline,630.0HP 4.0L 8 Cylinder Engine Gasoline Fuel,9-Speed A/T,Black,Red,None reported,Yes,112500.0,6,5714.285714285715,1,0,16071.42857142857
BMW,230 i,2019,30000,Gasoline,248.0HP 2.0L 4 Cylinder Engine Gasoline Fuel,8-Speed A/T,Blue,Beige,At least 1 accident or damage reported,Yes,29000.0,7,3750.0,1,1,3625.0
Lexus,ES 350 Base,2007,78980,Gasoline,272.0HP 3.5L V6 Cylinder Engine Gasoline Fuel,6-Speed A/T,Silver,Beige,At least 1 accident or damage reported,Yes,10600.0,19,3949.0,1,1,530.0
Porsche,911 Carrera S Cabriolet,2007,28844,Gasoline,3.8L H6 24V MPFI DOHC,6-Speed Manual,White,Beige,Unknown,Unknown,69995.0,19,1442.2,1,1,3499.75
Porsche,Taycan Turbo,2020,21028,Gasoline,Dual AC Electric Motors,Single-Speed Fixed Gear,BLACK,BEIGE,None reported,Unknown,96900.0,6,3004.0,1,0,13842.857142857143
Maserati,Levante Modena,2023,5409,Gasoline,3.0L V6 24V GDI DOHC Twin Turbo,8-Speed Automatic,Blu,Black,None reported,Yes,88950.0,3,1352.25,0,0,22237.5
Dodge,Challenger SRT Hellcat,2020,12700,Gasoline,717.0HP 6.2L 8 Cylinder Engine Gasoline Fuel,8-Speed A/T,Black,Black,At least 1 accident or damage reported,Yes,69900.0,6,1814.2857142857142,0,1,9985.714285714286
Mazda,Mazda6 Touring,2021,19000,Gasoline,187.0HP 2.5L 4 Cylinder Engine Gasoline Fuel,A/T,Blue,Black,Unknown,Unknown,25900.0,5,3166.6666666666665,0,1,4316.666666666667
Audi,S4 3.0T Premium,2019,12000,Gasoline,349.0HP 3.0L V6 Cylinder Engine Gasoline Fuel,A/T,Black,Black,None reported,Yes,48000.0,7,1500.0,1,0,6000.0
Ford,Mustang GT Premium,2016,25717,Gasoline,435.0HP 5.0L 8 Cylinder Engine Gasoline Fuel,6-Speed M/T,Black,Black,None reported,Yes,33900.0,10,2337.909090909091,0,0,3081.818181818182
Tesla,Model Y Long Range,2022,12055,Gasoline,425.0HP Electric Motor Electric Fuel System,A/T,Blue,Black,None reported,Yes,44400.0,4,2411.0,1,0,8880.0
Audi,TTS 2.0T Premium Plus,2011,69700,Gasoline,265.0HP 2.0L 4 Cylinder Engine Gasoline Fuel,6-Speed A/T,Orange,–,At least 1 accident or damage reported,Yes,23000.0,15,4356.25,1,1,1437.5
BMW,M2 Competition,2020,25013,Gasoline,405.0HP 3.0L Straight 6 Cylinder Engine Gasoline Fuel,7-Speed A/T,Black,Black,None reported,Yes,55000.0,6,3573.285714285714,1,0,7857.142857142857
Audi,Q4 e-tron Sportback Premium,2023,1156,Gasoline,295.0HP Electric Motor Electric Fuel System,A/T,Blue,Black,None reported,Yes,54900.0,3,289.0,1,0,13725.0
BMW,740 i,2016,57939,Gasoline,320.0HP 3.0L Straight 6 Cylinder Engine Gasoline Fuel,8-Speed A/T,Gray,Black,None reported,Yes,27500.0,10,5267.181818181818,1,0,2500.0
Mercedes-Benz,AMG GLE 43 Coupe 4MATIC,2018,52694,Gasoline,385.0HP 3.0L V6 Cylinder Engine Gasoline Fuel,Transmission w/Dual Shift Mode,Gray,Black,None reported,Yes,49999.0,8,5854.888888888889,1,0,5555.444444444444
Mercedes-Benz,S-Class S 550 4MATIC,2015,54000,Gasoline,449.0HP 4.7L 8 Cylinder Engine Gasoline Fuel,7-Speed A/T,White,Beige,None reported,Yes,37000.0,11,4500.0,1,0,3083.3333333333335
Honda,S2000 Base,2002,110500,Gasoline,240.0HP 2.0L 4 Cylinder Engine Gasoline Fuel,6-Speed M/T,Yellow,Red,None reported,Yes,27000.0,24,4420.0,0,0,1080.0
Chevrolet,Corvette Base,2000,97500,Gasoline,345.0HP 5.7L 8 Cylinder Engine Gasoline Fuel,6-Speed M/T,Yellow,Black,None reported,Yes,10000.0,26,3611.1111111111113,0,0,370.3703703703704
Chevrolet,Colorado Z71,2020,20909,Gasoline,3.6L V6 24V GDI DOHC,Automatic,Red,Jet Black,None reported,Yes,35387.0,6,2987.0,0,0,5055.285714285715
Mercedes-Benz,S-Class S 63 AMG,2013,77648,Gasoline,536.0HP 5.5L 8 Cylinder Engine Gasoline Fuel,7-Speed A/T,Silver,Black,None reported,Yes,40000.0,13,5546.285714285715,1,0,2857.1428571428573
Bentley,Continental GTC Base,2013,79422,Gasoline,616.0HP 6.0L 12 Cylinder Engine Gasoline Fuel,8-Speed A/T,Black,Black,None reported,Yes,64000.0,13,5673.0,0,0,4571.428571428572
GMC,Sierra 2500 SLE H/D Extended Cab,2002,53850,Gasoline,340.0HP 8.1L 8 Cylinder Engine Gasoline Fuel,A/T,Silver,Gray,At least 1 accident or damage reported,Yes,16900.0,24,2154.0,0,1,676.0
Audi,SQ5 3.0T Premium,2020,21832,Gasoline,349.0HP 3.0L V6 Cylinder Engine Gasoline Fuel,8-Speed A/T,Blue,Black,None reported,Yes,42000.0,6,3118.8571428571427,1,0,6000.0
Toyota,Corolla iM Base,2017,41932,Gasoline,137.0HP 1.8L 4 Cylinder Engine Gasoline Fuel,6-Speed M/T,Black,Black,None reported,Yes,18700.0,9,4193.2,0,0,1870.0
GMC,Yukon XL SLT,2017,110000,Gasoline,355.0HP 5.3L 8 Cylinder Engine Gasoline Fuel,A/T,Blue,Black,At least 1 accident or damage reported,Yes,34999.0,9,11000.0,0,1,3499.9
Toyota,Tundra 1794,2020,67400,Gasoline,381.0HP 5.7L 8 Cylinder Engine Gasoline Fuel,A/T,Black,Brown,None reported,Yes,47500.0,6,9628.57142857143,0,0,6785.714285714285
Subaru,WRX Premium,2017,62662,Gasoline,268.0HP 2.0L 4 Cylinder Engine Gasoline Fuel,M/T,Red,Black,At least 1 accident or damage reported,Yes,24000.0,9,6266.2,0,1,2400.0
Subaru,WRX Base,2015,102000,Gasoline,268.0HP 2.0L 4 Cylinder Engine Gasoline Fuel,M/T,White,Black,At least 1 accident or damage reported,Yes,18000.0,11,8500.0,0,1,1500.0
INFINITI,Q50 Premium,2014,79785,Gasoline,328.0HP 3.7L V6 Cylinder Engine Gasoline Fuel,7-Speed A/T,Red,White,At least 1 accident or damage reported,Yes,16488.0,12,6137.307692307692,0,1,1268.3076923076924
Chevrolet,Suburban Premier,2017,166549,Gasoline,355.0HP 5.3L 8 Cylinder Engine Gasoline Fuel,6-Speed A/T,White,Beige,At least 1 accident or damage reported,Yes,24950.0,9,16654.9,0,1,2495.0
Toyota,Sequoia Limited,2006,190656,Gasoline,273.0HP 4.7L 8 Cylinder Engine Gasoline Fuel,A/T,Black,Gray,At least 1 accident or damage reported,Yes,8900.0,20,9078.857142857143,0,1,423.8095238095238
Dodge,Challenger R/T Scat Pack,2016,7928,–,–,6-Speed M/T,Red,Red,None reported,Yes,37500.0,10,720.7272727272727,0,0,3409.090909090909
Porsche,Cayenne GTS,2009,135606,Gasoline,405.0HP 4.8L 8 Cylinder Engine Gasoline Fuel,Transmission w/Dual Shift Mode,Black,Black,None reported,Yes,15000.0,17,7533.666666666667,1,0,833.3333333333334
Kia,Telluride S,2023,14700,Gasoline,291.0HP 3.8L V6 Cylinder Engine Gasoline Fuel,8-Speed A/T,Blue,Black,None reported,Yes,39900.0,3,3675.0,0,0,9975.0
Mercedes-Benz,AMG E 63 S 4MATIC,2019,12985,Gasoline,603.0HP 4.0L 8 Cylinder Engine Gasoline Fuel,9-Speed A/T,Gray,Black,At least 1 accident or damage reported,Yes,96000.0,7,1623.125,1,1,12000.0
BMW,Z4 sDrive35is,2014,4200,Gasoline,335.0HP 3.0L Straight 6 Cylinder Engine Gasoline Fuel,Transmission w/Dual Shift Mode,White,Red,None reported,Yes,64995.0,12,323.0769230769231,1,0,4999.615384615385
Subaru,Impreza 2.0i Sport,2017,44000,Gasoline,152.0HP 2.0L 4 Cylinder Engine Gasoline Fuel,5-Speed M/T,Red,Black,None reported,Yes,23500.0,9,4400.0,0,0,2350.0
Dodge,Dart SE,2015,66000,Gasoline,160.0HP 2.0L 4 Cylinder Engine Gasoline Fuel,6-Speed M/T,Black,Black,None reported,Yes,12000.0,11,5500.0,0,0,1000.0
Land,Rover Range Rover P525 Westminster,2021,17945,Gasoline,5.0L V8 32V GDI DOHC Supercharged,8-Speed Automatic,Santorini Black Metallic,Ebony,None reported,Unknown,89900.0,5,2990.8333333333335,1,0,14983.333333333334
Nissan,370Z Base,2013,106700,Gasoline,332.0HP 3.7L V6 Cylinder Engine Gasoline Fuel,6-Speed M/T,Red,Black,None reported,Yes,17500.0,13,7621.428571428572,0,0,1250.0
Cadillac,Escalade ESV Luxury,2020,120000,Gasoline,420.0HP 6.2L 8 Cylinder Engine Gasoline Fuel,10-Speed A/T,Black,Black,None reported,Yes,55000.0,6,17142.85714285714,0,0,7857.142857142857
Mercedes-Benz,E-Class E 350,2012,59600,Gasoline,302.0HP 3.5L V6 Cylinder Engine Gasoline Fuel,Transmission w/Dual Shift Mode,White,Beige,None reported,Yes,19900.0,14,3973.3333333333335,1,0,1326.6666666666667
Kia,Optima Hybrid EX,2012,117220,Hybrid,206.0HP 2.4L 4 Cylinder Engine Gas/Electric Hybrid,A/T,Black,Black,None reported,Yes,8900.0,14,7814.666666666667,0,0,593.3333333333334
Chevrolet,Silverado 3500 LTZ,2022,85200,Diesel,445.0HP 6.6L 8 Cylinder Engine Diesel Fuel,10-Speed A/T,Silver,Gray,None reported,Yes,67500.0,4,17040.0,0,0,13500.0
Volkswagen,Golf GTI 2.0T SE 4-Door,2018,63450,Gasoline,220.0HP 2.0L 4 Cylinder Engine Gasoline Fuel,6-Speed M/T,White,Black,None reported,Yes,24325.0,8,7050.0,0,0,2702.777777777778
Dodge,Ram 1500 SRT-10,2004,73000,Gasoline,500.0HP 8.3L 10 Cylinder Engine Gasoline Fuel,6-Speed M/T,Black,Gray,None reported,Yes,22500.0,22,3173.913043478261,0,0,978.2608695652174
Scion,tC Anniversary Edition,2014,115000,Gasoline,179.0HP 2.5L 4 Cylinder Engine Gasoline Fuel,6-Speed M/T,Silver,Silver,None reported,Yes,11495.0,12,8846.153846153846,0,0,884.2307692307693
Land,Rover Range Rover 5.0L Supercharged Autobiography,2016,56000,Gasoline,510.0HP 5.0L 8 Cylinder Engine Gasoline Fuel,8-Speed A/T,Black,Brown,None reported,Yes,49900.0,10,5090.909090909091,1,0,4536.363636363636
Lexus,LS 500 Base,2018,67296,Gasoline,"3.5L V-6 port/direct injection, DOHC, VVT-iE/VVT-i variable valv","Automatic, 10-Spd",–,–,None reported,Unknown,40900.0,8,7477.333333333333,1,0,4544.444444444444
Chevrolet,Suburban 1500 LT,2015,179200,Gasoline,355.0HP 5.3L 8 Cylinder Engine Gasoline Fuel,6-Speed A/T,Black,–,At least 1 accident or damage reported,Yes,16000.0,11,14933.333333333334,0,1,1333.3333333333333
Maserati,GranTurismo Base,2015,28000,Gasoline,444.0HP 4.7L 8 Cylinder Engine Gasoline Fuel,6-Speed A/T,White,Red,None reported,Yes,44999.0,11,2333.3333333333335,0,0,3749.9166666666665
Porsche,911 Carrera Turbo,2003,155000,Gasoline,415.0HP 3.6L Flat 6 Cylinder Engine Gasoline Fuel,6-Speed M/T,Black,Black,None reported,Yes,55000.0,23,6458.333333333333,1,0,2291.6666666666665
Hyundai,Sonata Hybrid Base,2012,154000,Hybrid,206.0HP 2.4L 4 Cylinder Engine Gas/Electric Hybrid,A/T,Green,Gray,At least 1 accident or damage reported,Yes,8500.0,14,10266.666666666666,0,1,566.6666666666666
Cadillac,CTS Luxury,2012,62500,Gasoline,270.0HP 3.0L V6 Cylinder Engine Gasoline Fuel,6-Speed A/T,Red,Beige,At least 1 accident or damage reported,Yes,18955.0,14,4166.666666666667,0,1,1263.6666666666667
BMW,323 Ci,2000,177700,Gasoline,170.0HP 2.5L Straight 6 Cylinder Engine Gasoline Fuel,5-Speed A/T,Silver,Black,None reported,Yes,2500.0,26,6581.481481481482,1,0,92.5925925925926
Tesla,Model 3 Standard Range Plus,2019,83700,Gasoline,Electric Motor Electric Fuel System,A/T,Black,Black,At least 1 accident or damage reported,Yes,26000.0,7,10462.5,1,1,3250.0
Chevrolet,1500 Cheyenne Extended Cab,1995,120000,–,–,4-Speed A/T,White,Brown,At least 1 accident or damage reported,Yes,6500.0,31,3750.0,0,1,203.125
Nissan,370Z Touring,2012,65000,Gasoline,332.0HP 3.7L V6 Cylinder Engine Gasoline Fuel,6-Speed M/T,Gray,Black,None reported,Yes,21500.0,14,4333.333333333333,0,0,1433.3333333333333
Mercedes-Benz,GLS 450 Base 4MATIC,2018,62808,Gasoline,3.0 Liter DOHC Twin Turbo,Automatic,Black,–,At least 1 accident or damage reported,Unknown,38598.0,8,6978.666666666667,1,1,4288.666666666667
Ford,Mustang GT Premium,2021,3000,Gasoline,460.0HP 5.0L 8 Cylinder Engine Gasoline Fuel,6-Speed M/T,Red,Black,None reported,Yes,49500.0,5,500.0,0,0,8250.0
Audi,Q5 2.0T Premium,2012,119000,Gasoline,211.0HP 2.0L 4 Cylinder Engine Gasoline Fuel,A/T,Gray,–,None reported,Yes,12000.0,14,7933.333333333333,1,0,800.0
RAM,2500 Big Horn,2013,198868,Diesel,350.0HP 6.7L Straight 6 Cylinder Engine Diesel Fuel,6-Speed A/T,Brown,Beige,None reported,Yes,25000.0,13,14204.857142857143,0,0,1785.7142857142858
Dodge,Ram 1500 ST,2011,188000,Gasoline,210.0HP 3.7L V6 Cylinder Engine Gasoline Fuel,A/T,Silver,Black,At least 1 accident or damage reported,Yes,8500.0,15,11750.0,0,1,531.25
Mercedes-Benz,C-Class C 300 4MATIC Sport,2013,157405,Gasoline,248.0HP 3.5L V6 Cylinder Engine Gasoline Fuel,A/T,Black,Black,None reported,Yes,10750.0,13,11243.214285714286,1,0,767.8571428571429
Dodge,Challenger SRT Hellcat,2016,8228,Gasoline,707.0HP 6.2L 8 Cylinder Engine Gasoline Fuel,8-Speed A/T,Blue,Black,None reported,Yes,62500.0,10,748.0,0,0,5681.818181818182
Land,Rover Range Rover 3.0L Supercharged HSE,2018,73101,Gasoline,380.0HP 3.0L V6 Cylinder Engine Gasoline Fuel,A/T,Blue,Beige,None reported,Yes,42950.0,8,8122.333333333333,1,0,4772.222222222223
BMW,M4 Base,2018,10950,Gasoline,425.0HP 3.0L Straight 6 Cylinder Engine Gasoline Fuel,6-Speed M/T,White,White,None reported,Yes,60995.0,8,1216.6666666666667,1,0,6777.222222222223
Mercedes-Benz,S-Class S 560 4MATIC,2018,63160,Gasoline,463.0HP 4.0L 8 Cylinder Engine Gasoline Fuel,A/T,Black,–,At least 1 accident or damage reported,Yes,47000.0,8,7017.777777777777,1,1,5222.222222222223
Land,Rover Range Rover 5.0L V8 Supercharged,2019,31866,Gasoline,"5L V-8 gasoline direct injection, DOHC, variable valve control,","Automatic, 8-Spd",–,–,None reported,Unknown,68900.0,7,3983.25,1,0,8612.5
Chevrolet,Express 3500 Base,2009,75000,Gasoline,319.0HP 6.0L 8 Cylinder Engine Gasoline Fuel,A/T,White,Gray,None reported,Yes,18900.0,17,4166.666666666667,0,0,1050.0
Toyota,4Runner TRD Pro,2016,98000,Gasoline,270.0HP 4.0L V6 Cylinder Engine Gasoline Fuel,A/T,Black,Black,At least 1 accident or damage reported,Yes,36000.0,10,8909.09090909091,0,1,3272.7272727272725
Mazda,MX-5 Miata Grand Touring,2012,33576,Gasoline,167.0HP 2.0L 4 Cylinder Engine Gasoline Fuel,6-Speed M/T,Red,Beige,None reported,Yes,18900.0,14,2238.4,0,0,1260.0
Volkswagen,Touareg VR6 Lux,2012,123200,Gasoline,280.0HP 3.6L V6 Cylinder Engine Gasoline Fuel,A/T,Gray,Beige,At least 1 accident or damage reported,Yes,12449.0,14,8213.333333333334,0,1,829.9333333333333
Jaguar,XJ Base,2013,112000,Gasoline,340.0HP 3.0L V6 Cylinder Engine Gasoline Fuel,A/T,Blue,White,None reported,Yes,8800.0,13,8000.0,1,0,628.5714285714286
Chevrolet,Camaro 2SS,2010,68000,Gasoline,426.0HP 6.2L 8 Cylinder Engine Gasoline Fuel,6-Speed A/T,Gray,Gray,At least 1 accident or damage reported,Yes,19500.0,16,4000.0,0,1,1147.0588235294117
INFINITI,G37 x,2012,120000,Gasoline,328.0HP 3.7L V6 Cylinder Engine Gasoline Fuel,Transmission w/Dual Shift Mode,Red,Black,At least 1 accident or damage reported,Yes,14500.0,14,8000.0,0,1,966.6666666666666
BMW,X6 xDrive50i,2019,45000,Gasoline,445.0HP 4.4L 8 Cylinder Engine Gasoline Fuel,8-Speed A/T,Silver,Black,At least 1 accident or damage reported,Yes,46999.0,7,5625.0,1,1,5874.875
Chevrolet,Camaro LT1,2022,6700,Gasoline,455.0HP 6.2L 8 Cylinder Engine Gasoline Fuel,10-Speed A/T,Gray,Black,None reported,Yes,39500.0,4,1340.0,0,0,7900.0
Porsche,Taycan Base,2021,6785,Gasoline,Electric,2-Speed Automatic,Gentian Blue Metallic,Black,None reported,Unknown,108900.0,5,1130.8333333333333,1,0,18150.0
Mercedes-Benz,S-Class S 63 AMG,2015,40900,Gasoline,577.0HP 5.5L 8 Cylinder Engine Gasoline Fuel,7-Speed A/T,White,–,None reported,Yes,59750.0,11,3408.3333333333335,1,0,4979.166666666667
Cadillac,Escalade ESV Premium Luxury,2018,74150,Gasoline,420.0HP 6.2L 8 Cylinder Engine Gasoline Fuel,10-Speed A/T,Gold,Brown,None reported,Yes,45000.0,8,8238.888888888889,0,0,5000.0
Toyota,Camry Hybrid XLE,2014,94448,Hybrid,200.0HP 2.5L 4 Cylinder Engine Gas/Electric Hybrid,A/T,Silver,Gray,None reported,Yes,15999.0,12,7265.2307692307695,0,0,1230.6923076923076
Audi,A6 3.0T Prestige,2015,108000,Gasoline,310.0HP 3.0L V6 Cylinder Engine Gasoline Fuel,Transmission w/Dual Shift Mode,Black,Brown,None reported,Yes,19998.0,11,9000.0,1,0,1666.5
BMW,X5 M Base,2012,118000,Gasoline,555.0HP 4.4L 8 Cylinder Engine Gasoline Fuel,Transmission w/Dual Shift Mode,White,Orange,At least 1 accident or damage reported,Yes,17000.0,14,7866.666666666667,1,1,1133.3333333333333
Jaguar,F-PACE SVR,2020,38800,Gasoline,550.0HP 5.0L 8 Cylinder Engine Gasoline Fuel,Transmission w/Dual Shift Mode,Black,Black,None reported,Yes,57500.0,6,5542.857142857143,1,0,8214.285714285714
BMW,740 i,2017,55000,Gasoline,320.0HP 3.0L Straight 6 Cylinder Engine Gasoline Fuel,Transmission w/Dual Shift Mode,White,Black,None reported,Yes,40000.0,9,5500.0,1,0,4000.0
BMW,M340 i xDrive,2021,34967,Hybrid,382.0HP 3.0L Straight 6 Cylinder Engine Gasoline/Mild Electric Hybrid,8-Speed A/T,Blue,Beige,At least 1 accident or damage reported,Yes,49999.0,5,5827.833333333333,1,1,8333.166666666666
Jeep,Wrangler Unlimited Sport,2016,85325,Gasoline,285.0HP 3.6L V6 Cylinder Engine Gasoline Fuel,5-Speed A/T,Black,Black,None reported,Yes,30000.0,10,7756.818181818182,0,0,2727.2727272727275
RAM,2500 Tradesman,2018,63750,Gasoline,410.0HP 6.4L 8 Cylinder Engine Gasoline Fuel,6-Speed A/T,Gray,Gray,None reported,Yes,36000.0,8,7083.333333333333,0,0,4000.0
Ford,Mustang V6,2016,87248,Gasoline,300.0HP 3.7L V6 Cylinder Engine Gasoline Fuel,6-Speed A/T,Black,Black,None reported,Yes,19999.0,10,7931.636363636364,0,0,1818.090909090909
BMW,328 i,1997,206000,Gasoline,190.0HP 2.8L Straight 6 Cylinder Engine Gasoline Fuel,5-Speed M/T,Red,Black,At least 1 accident or damage reported,Yes,15900.0,29,6866.666666666667,1,1,530.0
Mercedes-Benz,GL-Class GL 450,2011,112854,Gasoline,335.0HP 4.7L 8 Cylinder Engine Gasoline Fuel,7-Speed A/T,White,Black,None reported,Yes,11999.0,15,7053.375,1,0,749.9375
Rivian,R1S Adventure Package,2023,1150,Gasoline,835.0HP Electric Motor Electric Fuel System,A/T,Green,Black,None reported,Yes,96850.0,3,287.5,0,0,24212.5
Tesla,Model Y Long Range,2023,10000,Gasoline,425.0HP Electric Motor Electric Fuel System,A/T,Blue,Black,None reported,Yes,48000.0,3,2500.0,1,0,12000.0
Mercedes-Benz,E-Class E 350,2022,14100,Gasoline,255.0HP 2.0L 4 Cylinder Engine Gasoline Fuel,9-Speed A/T,Gray,Black,None reported,Yes,53000.0,4,2820.0,1,0,10600.0
BMW,X7 xDrive40i,2023,14360,Hybrid,375.0HP 3.0L Straight 6 Cylinder Engine Gasoline/Mild Electric Hybrid,8-Speed A/T,Black,Black,None reported,Yes,85495.0,3,3590.0,1,0,21373.75
Chevrolet,Trailblazer RS,2023,10000,Gasoline,155.0HP 1.3L 3 Cylinder Engine Gasoline Fuel,9-Speed A/T,Blue,Black,None reported,Yes,32000.0,3,2500.0,0,0,8000.0
Chevrolet,Suburban 1500 LTZ,2015,217500,Gasoline,355.0HP 5.3L 8 Cylinder Engine Gasoline Fuel,A/T,Black,Black,None reported,Yes,20000.0,11,18125.0,0,0,1666.6666666666667
Chevrolet,Suburban Premier,2021,73846,Gasoline,5.3L V8 16V GDI OHV,10-Speed Automatic,Midnight Blue Metallic,Jet Black,None reported,Yes,60995.0,5,12307.666666666666,0,0,10165.833333333334
Jeep,Gladiator Overland,2020,40000,Gasoline,285.0HP 3.6L V6 Cylinder Engine Gasoline Fuel,Transmission w/Dual Shift Mode,Gray,Black,None reported,Yes,45000.0,6,5714.285714285715,0,0,6428.571428571428
GMC,Yukon XL AT4,2023,9980,Gasoline,355.0HP 5.3L 8 Cylinder Engine Gasoline Fuel,10-Speed A/T,Black,Black,None reported,Yes,82000.0,3,2495.0,0,0,20500.0
Mazda,Mazda6 Grand Touring Reserve,2019,41997,Gasoline,227.0HP 2.5L 4 Cylinder Engine Gasoline Fuel,6-Speed A/T,Black,Black,None reported,Yes,24995.0,7,5249.625,0,0,3124.375
Alfa,Romeo Giulia Ti,2021,2000,Gasoline,280.0HP 2.0L 4 Cylinder Engine Gasoline Fuel,8-Speed A/T,Blue,Brown,None reported,Yes,39000.0,5,333.3333333333333,0,0,6500.0
Mercedes-Benz,CLA-Class CLA 250,2016,42750,Gasoline,208.0HP 2.0L 4 Cylinder Engine Gasoline Fuel,Transmission w/Dual Shift Mode,Black,Black,At least 1 accident or damage reported,Yes,22999.0,10,3886.3636363636365,1,1,2090.818181818182
BMW,330 330i xDrive,2019,19473,Gasoline,Intercooled Turbo Premium Unleaded I-4 2.0 L/122,Automatic,Alpine White,Canberra Beige,None reported,Unknown,31698.0,7,2434.125,1,0,3962.25
Volkswagen,Beetle 2.0T S,2019,35340,Gasoline,174.0HP 2.0L 4 Cylinder Engine Gasoline Fuel,A/T,Black,Gray,None reported,Yes,23000.0,7,4417.5,0,0,2875.0
Mercedes-Benz,CLK-Class CLK 350,2008,93000,Gasoline,268.0HP 3.5L V6 Cylinder Engine Gasoline Fuel,7-Speed A/T,White,Beige,At least 1 accident or damage reported,Yes,12000.0,18,4894.736842105263,1,1,631.578947368421
Audi,RS 7 4.0T Prestige,2014,66150,Gasoline,560.0HP 4.0L 8 Cylinder Engine Gasoline Fuel,8-Speed A/T,White,Black,At least 1 accident or damage reported,Yes,47995.0,12,5088.461538461538,1,1,3691.923076923077
Volvo,XC60 Recharge Plug-In Hybrid T8 Inscription,2022,19352,Plug-In Hybrid,455.0HP 2.0L 4 Cylinder Engine Plug-In Electric/Gas,8-Speed A/T,Blue,Beige,None reported,Yes,54599.0,4,3870.4,0,0,10919.8
Land,Rover Range Rover Supercharged LWB,2020,81000,Gasoline,518.0HP 5.0L 8 Cylinder Engine Gasoline Fuel,A/T,Black,Black,None reported,Yes,64800.0,6,11571.42857142857,1,0,9257.142857142857
Toyota,Sequoia Limited,2011,183000,Gasoline,381.0HP 5.7L 8 Cylinder Engine Gasoline Fuel,6-Speed A/T,Gold,Beige,None reported,Yes,16000.0,15,11437.5,0,0,1000.0
Jeep,Wrangler X,2004,44000,Gasoline,190.0HP 4.0L Straight 6 Cylinder Engine Gasoline Fuel,M/T,Green,Green,At least 1 accident or damage reported,Yes,24999.0,22,1913.0434782608695,0,1,1086.9130434782608
Audi,S5 3.0T Premium,2021,18100,Gasoline,349.0HP 3.0L V6 Cylinder Engine Gasoline Fuel,8-Speed A/T,Gray,Gray,None reported,Yes,51800.0,5,3016.6666666666665,1,0,8633.333333333334
Land,Rover Range Rover Sport Supercharged,2011,40000,Gasoline,510.0HP 5.0L 8 Cylinder Engine Gasoline Fuel,Transmission w/Dual Shift Mode,Blue,Brown,At least 1 accident or damage reported,Yes,20000.0,15,2500.0,1,1,1250.0
Mercedes-Benz,Sprinter 2500,2011,120000,Diesel,188.0HP 3.0L V6 Cylinder Engine Diesel Fuel,5-Speed A/T,Black,Gray,None reported,Yes,31999.0,15,7500.0,1,0,1999.9375
Toyota,Sequoia Platinum,2023,325,Hybrid,437.0HP 3.4L V6 Cylinder Engine Gas/Electric Hybrid,10-Speed A/T,Blue,Gray,None reported,Yes,84997.0,3,81.25,0,0,21249.25
Maserati,Quattroporte S GranLusso,2017,55000,Gasoline,405.0HP 3.0L V6 Cylinder Engine Gasoline Fuel,A/T,Blue,Black,None reported,Yes,39100.0,9,5500.0,0,0,3910.0
Toyota,Land Cruiser Base,1996,233000,–,–,A/T,Blue,Gray,None reported,Yes,7500.0,30,7516.129032258064,0,0,241.93548387096774
Lamborghini,Aventador SVJ Base,2021,6987,Gasoline,6.5L V12 48V MPFI DOHC,7-Speed,–,Nero Ade,None reported,Yes,749950.0,5,1164.5,0,0,124991.66666666667
Ford,Mustang Bullitt,2019,48500,Gasoline,480.0HP 5.0L 8 Cylinder Engine Gasoline Fuel,6-Speed M/T,Black,Black,At least 1 accident or damage reported,Yes,44999.0,7,6062.5,0,1,5624.875
RAM,2500 Tradesman,2018,52000,Diesel,350.0HP 6.7L Straight 6 Cylinder Engine Diesel Fuel,6-Speed A/T,Gray,Black,None reported,Yes,50000.0,8,5777.777777777777,0,0,5555.555555555556
Toyota,FJ Cruiser Base,2007,179000,Gasoline,239.0HP 4.0L V6 Cylinder Engine Gasoline Fuel,A/T,Silver,Black,At least 1 accident or damage reported,Yes,17900.0,19,8950.0,0,1,895.0
Dodge,Charger Scat Pack,2019,42626,Gasoline,485.0HP 6.4L 8 Cylinder Engine Gasoline Fuel,8-Speed A/T,Silver,Red,None reported,Yes,42000.0,7,5328.25,0,0,5250.0
Lexus,GX 460 Base,2018,65900,Gasoline,301.0HP 4.6L 8 Cylinder Engine Gasoline Fuel,Transmission w/Dual Shift Mode,Gray,Black,At least 1 accident or damage reported,Yes,34700.0,8,7322.222222222223,1,1,3855.5555555555557
Genesis,GV80 2.5T,2022,7523,Gasoline,2.5L I4 16V PDI DOHC Turbo,8-Speed Automatic,Black,Black,None reported,Unknown,54543.0,4,1504.6,0,0,10908.6
Jaguar,F-PACE 30t R-Sport,2019,34365,Gasoline,2.0 Liter,Automatic,Yulong,Ebony,None reported,Unknown,59598.0,7,4295.625,1,0,7449.75
Kia,Sportage S,2021,16949,Gasoline,2.4L I4 16V GDI DOHC,6-Speed Automatic,Hyper Red,Black,None reported,Yes,24995.0,5,2824.8333333333335,0,0,4165.833333333333
Mercedes-Benz,S-Class S 580 4MATIC,2022,7968,Hybrid,496.0HP 4.0L 8 Cylinder Engine Gasoline/Mild Electric Hybrid,9-Speed A/T,White,White,None reported,Yes,104999.0,4,1593.6,1,0,20999.8
Porsche,Panamera Base,2018,61000,Gasoline,330.0HP 3.0L V6 Cylinder Engine Gasoline Fuel,Transmission w/Dual Shift Mode,Gray,Gray,None reported,Yes,57500.0,8,6777.777777777777,1,0,6388.888888888889
INFINITI,QX80 Base,2018,100564,Gasoline,5.6L V8 32V GDI DOHC,7-Speed Automatic,Black,Graphite,None reported,Unknown,23105.0,8,11173.777777777777,0,0,2567.222222222222
Ford,Maverick Lariat,2022,13700,Hybrid,191.0HP 2.5L 4 Cylinder Engine Gas/Electric Hybrid,CVT Transmission,Blue,Brown,None reported,Yes,39500.0,4,2740.0,0,0,7900.0
Kia,Telluride SX,2021,38612,Gasoline,3.8L V6 24V GDI DOHC,8-Speed Automatic,Ebony Black,Black,None reported,Unknown,42242.0,5,6435.333333333333,0,0,7040.333333333333
Chevrolet,Colorado Z85,2005,155000,Gasoline,220.0HP 3.5L 5 Cylinder Engine Gasoline Fuel,A/T,Blue,Gray,At least 1 accident or damage reported,Yes,7995.0,21,7045.454545454545,0,1,363.40909090909093
Mercedes-Benz,E-Class E 550,2017,56000,Gasoline,402.0HP 4.7L 8 Cylinder Engine Gasoline Fuel,Transmission w/Dual Shift Mode,Gray,White,None reported,Yes,35750.0,9,5600.0,1,0,3575.0
Land,Rover Range Rover Sport SVR,2022,15107,Gasoline,5.0L V8 32V GDI DOHC Supercharged,8-Speed Automatic,Santorini Black Metallic,Ebony,None reported,Unknown,114900.0,4,3021.4,1,0,22980.0
Toyota,Corolla Hybrid LE,2022,44459,Hybrid,121.0HP 1.8L 4 Cylinder Engine Gas/Electric Hybrid,A/T,Silver,Gray,None reported,Yes,22945.0,4,8891.8,0,0,4589.0
Mercedes-Benz,E-Class E 300 4MATIC,2017,31000,Gasoline,241.0HP 2.0L 4 Cylinder Engine Gasoline Fuel,A/T,Blue,White,At least 1 accident or damage reported,Yes,38000.0,9,3100.0,1,1,3800.0
Mercedes-Benz,SLK-Class SLK 350,2012,44000,Gasoline,302.0HP 3.5L V6 Cylinder Engine Gasoline Fuel,Transmission w/Dual Shift Mode,Gray,White,At least 1 accident or damage reported,Yes,22222.0,14,2933.3333333333335,1,1,1481.4666666666667
Mercedes-Benz,E-Class E 400 4MATIC,2018,22558,Gasoline,3.0L V6 24V GDI DOHC Twin Turbo,9-Speed Automatic,Black,Black,None reported,Yes,47645.0,8,2506.4444444444443,1,0,5293.888888888889
Jeep,Wrangler X,2003,116157,Gasoline,210.0HP 4.0L Straight 6 Cylinder Engine Gasoline Fuel,4-Speed A/T,Beige,Beige,None reported,Yes,14250.0,23,4839.875,0,0,593.75
Lincoln,Navigator Premiere,2018,23500,Gasoline,450.0HP 3.5L V6 Cylinder Engine Gasoline Fuel,10-Speed A/T,Black,Black,At least 1 accident or damage reported,Yes,50000.0,8,2611.1111111111113,0,1,5555.555555555556
Chevrolet,Corvette Base,2008,28150,Gasoline,430.0HP 6.2L 8 Cylinder Engine Gasoline Fuel,Transmission w/Dual Shift Mode,Red,Beige,None reported,Yes,31000.0,18,1481.578947368421,0,0,1631.578947368421
GMC,Yukon XL Denali,2016,137500,Gasoline,420.0HP 6.2L 8 Cylinder Engine Gasoline Fuel,A/T,Black,Black,At least 1 accident or damage reported,Yes,29500.0,10,12500.0,0,1,2681.818181818182
Mercedes-Benz,Metris Base,2021,2284,Gasoline,2.0L I4 16V GDI DOHC Turbo,9-Speed Automatic,Black,Tan,None reported,Yes,157500.0,5,380.6666666666667,1,0,26250.0
Land,Rover Range Rover P530 SE LWB 7 Seat,2023,350,Gasoline,523.0HP 4.4L 8 Cylinder Engine Gasoline Fuel,Transmission w/Dual Shift Mode,Black,Beige,None reported,Yes,195000.0,3,87.5,1,0,48750.0
Ford,Explorer XLT,2017,169000,E85 Flex Fuel,290.0HP 3.5L V6 Cylinder Engine Flex Fuel Capability,A/T,White,Beige,None reported,Yes,13000.0,9,16900.0,0,0,1300.0
Ferrari,488 GTB Base,2018,17761,Gasoline,3.9L V8 32V GDI DOHC Twin Turbo,7-Speed Automatic with Auto-Shift,Rosso Corsa,Nero,None reported,Unknown,243900.0,8,1973.4444444444443,0,0,27100.0
Chevrolet,Camaro 2SS,2010,8949,Gasoline,426.0HP 6.2L 8 Cylinder Engine Gasoline Fuel,M/T,Yellow,Black,None reported,Yes,30000.0,16,526.4117647058823,0,0,1764.7058823529412
BMW,750 i xDrive,2020,25108,Gasoline,523.0HP 4.4L 8 Cylinder Engine Gasoline Fuel,8-Speed A/T,Black,Black,Unknown,Unknown,66000.0,6,3586.8571428571427,1,1,9428.57142857143
Land,Rover Range Rover 3.0L Supercharged HSE,2016,103000,Gasoline,380.0HP 3.0L V6 Cylinder Engine Gasoline Fuel,Transmission w/Dual Shift Mode,Black,Black,None reported,Yes,33999.0,10,9363.636363636364,1,0,3090.818181818182
Porsche,911 Carrera 4 Cabriolet,2003,87600,Gasoline,315.0HP 3.6L Flat 6 Cylinder Engine Gasoline Fuel,Transmission w/Dual Shift Mode,Black,Black,At least 1 accident or damage reported,Yes,32000.0,23,3650.0,1,1,1333.3333333333333
Maserati,MC20 Base,2022,1087,Gasoline,3.0L V6 24V PDI DOHC Twin Turbo,8-Speed Automatic with Auto-Shift,Matte White,Black,None reported,Yes,279000.0,4,217.4,0,0,55800.0
Mercedes-Benz,CLA-Class CLA 250,2015,76753,Gasoline,208.0HP 2.0L 4 Cylinder Engine Gasoline Fuel,A/T,Red,Black,At least 1 accident or damage reported,Yes,15999.0,11,6396.083333333333,1,1,1333.25
Mercedes-Benz,Metris Base,2019,10500,Gasoline,208.0HP 2.0L 4 Cylinder Engine Gasoline Fuel,A/T,Black,Brown,None reported,Yes,79500.0,7,1312.5,1,0,9937.5
Mercedes-Benz,E-Class E 350 4MATIC,2011,199000,Gasoline,268.0HP 3.5L V6 Cylinder Engine Gasoline Fuel,7-Speed A/T,Silver,Black,None reported,Yes,9250.0,15,12437.5,1,0,578.125
Lexus,LS 460 L,2007,127980,Gasoline,380.0HP 4.6L 8 Cylinder Engine Gasoline Fuel,8-Speed A/T,Blue,Beige,None reported,Yes,9999.0,19,6399.0,1,0,499.95
BMW,X6 xDrive40i,2023,16307,Hybrid,335.0HP 3.0L Straight 6 Cylinder Engine Gasoline/Mild Electric Hybrid,A/T,Red,White,None reported,Yes,71400.0,3,4076.75,1,0,17850.0
Audi,S5 3.0T Prestige,2021,13566,Gasoline,3.0L,1-Speed Automatic,Daytona Gray Pearl Effect,Magma Red,None reported,Unknown,57900.0,5,2261.0,1,0,9650.0
Audi,Q7 Premium Plus,2022,22588,Hybrid,3.0 Liter TFSI,Automatic,Navarra Blue,Saiga Beige,None reported,Unknown,52598.0,4,4517.6,1,0,10519.6
Jaguar,XE 25t,2019,41452,Gasoline,247.0HP 2.0L 4 Cylinder Engine Gasoline Fuel,Transmission w/Dual Shift Mode,White,Black,At least 1 accident or damage reported,Yes,22500.0,7,5181.5,1,1,2812.5
Genesis,G80 3.3T Sport,2019,57500,Gasoline,365.0HP 3.3L V6 Cylinder Engine Gasoline Fuel,A/T,Red,Black,None reported,Yes,32990.0,7,7187.5,0,0,4123.75
BMW,M2 Competition,2020,500,Gasoline,405.0HP 3.0L Straight 6 Cylinder Engine Gasoline Fuel,7-Speed A/T,Black,Black,None reported,Yes,70000.0,6,71.42857142857143,1,0,10000.0
Subaru,Impreza WRX Premium,2014,55000,Gasoline,265.0HP 2.5L 4 Cylinder Engine Gasoline Fuel,5-Speed M/T,White,Black,None reported,Yes,30000.0,12,4230.7692307692305,0,0,2307.6923076923076
GMC,Sierra 2500 Base,2021,8210,Gasoline,401.0HP 6.6L 8 Cylinder Engine Gasoline Fuel,A/T,White,Black,None reported,Yes,55000.0,5,1368.3333333333333,0,0,9166.666666666666
Lincoln,Nautilus Reserve,2021,18160,Gasoline,2.7L V6 24V GDI DOHC Twin Turbo,8-Speed Automatic,Silver Radiance,Slate,None reported,Unknown,46850.0,5,3026.6666666666665,0,0,7808.333333333333
Jaguar,XF XFR-S,2013,4279,Gasoline,550.0HP 5.0L 8 Cylinder Engine Gasoline Fuel,8-Speed A/T,White,Black,Unknown,Unknown,70000.0,13,305.64285714285717,1,1,5000.0
Mercedes-Benz,Sprinter Normal Roof,2013,39748,Diesel,188.0HP 3.0L V6 Cylinder Engine Diesel Fuel,A/T,Silver,Black,At least 1 accident or damage reported,Yes,54995.0,13,2839.1428571428573,1,1,3928.214285714286
Toyota,Land Cruiser Base,1998,160000,Gasoline,230.0HP 4.7L 8 Cylinder Engine Gasoline Fuel,4-Speed A/T,White,Beige,At least 1 accident or damage reported,Yes,12490.0,28,5517.241379310345,0,1,430.6896551724138
Toyota,Tacoma PreRunner,2013,65000,Gasoline,159.0HP 2.7L 4 Cylinder Engine Gasoline Fuel,A/T,Silver,Gray,None reported,Yes,20500.0,13,4642.857142857143,0,0,1464.2857142857142
BMW,Z4 sDrive28i,2016,59000,Gasoline,240.0HP 2.0L 4 Cylinder Engine Gasoline Fuel,8-Speed A/T,Black,Beige,None reported,Yes,25000.0,10,5363.636363636364,1,0,2272.7272727272725
BMW,530e Base,2022,22700,Plug-In Hybrid,288.0HP 2.0L 4 Cylinder Engine Plug-In Electric/Gas,A/T,White,Black,None reported,Yes,47000.0,4,4540.0,1,0,9400.0
Mercedes-Benz,GLA 250 Base 4MATIC,2018,56578,E85 Flex Fuel,208.0HP 2.0L 4 Cylinder Engine Flex Fuel Capability,7-Speed A/T,White,Black,None reported,Yes,20900.0,8,6286.444444444444,1,0,2322.222222222222
Hyundai,Genesis 4.6,2010,153332,Gasoline,378.0HP 4.6L 8 Cylinder Engine Gasoline Fuel,Transmission w/Dual Shift Mode,Silver,Black,At least 1 accident or damage reported,Yes,10000.0,16,9019.529411764706,0,1,588.2352941176471
Cadillac,ATS 3.6L Luxury,2013,89700,Gasoline,321.0HP 3.6L V6 Cylinder Engine Gasoline Fuel,6-Speed A/T,Black,Red,None reported,Yes,17999.0,13,6407.142857142857,0,0,1285.642857142857
Lincoln,Town Car Signature,2002,118600,Gasoline,220.0HP 4.6L 8 Cylinder Engine Gasoline Fuel,A/T,Black,Gray,At least 1 accident or damage reported,Yes,5230.0,24,4744.0,0,1,209.2
GMC,Sierra 1500 SLT,2021,23400,Gasoline,420.0HP 6.2L 8 Cylinder Engine Gasoline Fuel,A/T,Black,Black,None reported,Yes,52000.0,5,3900.0,0,0,8666.666666666666
Mercedes-Benz,Sprinter High Roof,2015,110000,Diesel,188.0HP 3.0L V6 Cylinder Engine Diesel Fuel,A/T,White,Gray,None reported,Yes,29000.0,11,9166.666666666666,1,0,2416.6666666666665
Jaguar,XJ Vanden Plas,2008,87888,Gasoline,300.0HP 4.2L 8 Cylinder Engine Gasoline Fuel,6-Speed A/T,Black,Black,None reported,Yes,11990.0,18,4625.684210526316,1,0,631.0526315789474
Lexus,RC 350 Base,2015,73800,Gasoline,3.5L V6 24V PDI DOHC,6-Speed Automatic,Black,Black,None reported,Unknown,26999.0,11,6150.0,1,0,2249.9166666666665
Audi,S3 2.0T Premium Plus,2015,78124,Gasoline,292.0HP 2.0L 4 Cylinder Engine Gasoline Fuel,6-Speed A/T,Blue,Black,None reported,Yes,21500.0,11,6510.333333333333,1,0,1791.6666666666667
Subaru,WRX Limited,2015,91000,Gasoline,268.0HP 2.0L 4 Cylinder Engine Gasoline Fuel,6-Speed M/T,Red,Black,At least 1 accident or damage reported,Yes,19000.0,11,7583.333333333333,0,1,1583.3333333333333
Dodge,Ram 2500 SLT Quad Cab,2003,114000,Gasoline,345.0HP 5.7L 8 Cylinder Engine Gasoline Fuel,5-Speed A/T,White,Beige,At least 1 accident or damage reported,Yes,10700.0,23,4750.0,0,1,445.8333333333333
Subaru,WRX Limited,2015,76000,Gasoline,268.0HP 2.0L 4 Cylinder Engine Gasoline Fuel,6-Speed M/T,Blue,Black,None reported,Yes,21000.0,11,6333.333333333333,0,0,1750.0
Audi,RS 4 4.2 quattro L,2008,146500,Gasoline,420.0HP 4.2L 8 Cylinder Engine Gasoline Fuel,6-Speed M/T,Red,Black,At least 1 accident or damage reported,Yes,30000.0,18,7710.526315789473,1,1,1578.9473684210527
Porsche,911 Carrera,2007,26021,Gasoline,325.0HP 3.6L Flat 6 Cylinder Engine Gasoline Fuel,6-Speed M/T,Silver,Gray,None reported,Yes,53999.0,19,1301.05,1,0,2699.95
Audi,A4 2.0T Premium Plus,2015,73000,E85 Flex Fuel,220.0HP 2.0L 4 Cylinder Engine Flex Fuel Capability,A/T,Black,Black,At least 1 accident or damage reported,Yes,17200.0,11,6083.333333333333,1,1,1433.3333333333333
Audi,A4 3.2 Premium Plus quattro,2009,153000,Gasoline,265.0HP 3.2L V6 Cylinder Engine Gasoline Fuel,6-Speed A/T,Gray,Beige,None reported,Yes,8700.0,17,8500.0,1,0,483.3333333333333
Ford,Excursion Limited,2003,67550,Diesel,325.0HP 6.0L 8 Cylinder Engine Diesel Fuel,5-Speed A/T,Gold,Beige,None reported,Yes,30000.0,23,2814.5833333333335,0,0,1250.0
Ford,Excursion Limited,2004,170000,Gasoline,310.0HP 6.8L 10 Cylinder Engine Gasoline Fuel,A/T,Gold,Gold,None reported,Yes,8500.0,22,7391.304347826087,0,0,369.5652173913044
Land,Rover Range Rover Sport 5.0L Supercharged Dynamic,2017,53000,Gasoline,510.0HP 5.0L 8 Cylinder Engine Gasoline Fuel,Transmission w/Dual Shift Mode,Black,Beige,None reported,Yes,47500.0,9,5300.0,1,0,4750.0
Audi,Q8 3.0T Prestige,2019,54900,Hybrid,335.0HP 3.0L V6 Cylinder Engine Gasoline/Mild Electric Hybrid,A/T,Gold,Black,At least 1 accident or damage reported,Yes,48500.0,7,6862.5,1,1,6062.5
BMW,X5 xDrive35i,2016,89000,Gasoline,300.0HP 3.0L Straight 6 Cylinder Engine Gasoline Fuel,8-Speed A/T,Black,Black,None reported,Yes,24000.0,10,8090.909090909091,1,0,2181.818181818182
Ford,Bronco Base,2022,6200,Gasoline,275.0HP 2.3L 4 Cylinder Engine Gasoline Fuel,7-Speed M/T,Black,Black,None reported,Yes,49000.0,4,1240.0,0,0,9800.0
Ford,F-150 XLT,2021,51808,Gasoline,5.0L V8 32V PDI DOHC,10-Speed Automatic,Silver,Black,None reported,Yes,42388.0,5,8634.666666666666,0,0,7064.666666666667
Hyundai,Genesis Coupe 3.8 Track,2013,89000,Gasoline,344.0HP 3.8L V6 Cylinder Engine Gasoline Fuel,6-Speed M/T,White,Black,At least 1 accident or damage reported,Yes,12500.0,13,6357.142857142857,0,1,892.8571428571429
Toyota,Camry LE,1999,86111,Gasoline,133.0HP 2.2L 4 Cylinder Engine Gasoline Fuel,A/T,Gold,Beige,At least 1 accident or damage reported,Yes,3500.0,27,3075.3928571428573,0,1,125.0
Mercedes-Benz,E-Class E 400 4MATIC,2018,45203,Gasoline,3.0L V6 24V GDI DOHC Twin Turbo,9-Speed Automatic,White,Saddle Brown,None reported,Yes,39853.0,8,5022.555555555556,1,0,4428.111111111111
Audi,S5 3.0T Prestige,2022,14739,Gasoline,3.0L,1-Speed Automatic,Daytona Gray Pearl Effect,Black,None reported,Unknown,61900.0,4,2947.8,1,0,12380.0
Buick,Enclave Premium,2017,139105,Gasoline,3.6L V6 24V GDI DOHC,6-Speed Automatic,Iridium Metallic,Light Titanium,At least 1 accident or damage reported,Yes,17550.0,9,13910.5,0,1,1755.0
Lamborghini,Gallardo LP560-4,2010,45014,Gasoline,560.0HP 5.2L 10 Cylinder Engine Gasoline Fuel,6-Speed A/T,Gray,Black,None reported,Yes,109499.0,16,2647.8823529411766,0,0,6441.117647058823
Ford,Mustang GT Premium,2011,101000,Gasoline,412.0HP 5.0L 8 Cylinder Engine Gasoline Fuel,6-Speed M/T,Red,Black,None reported,Yes,18500.0,15,6312.5,0,0,1156.25
GMC,Yukon XL SLT,2016,93000,Gasoline,355.0HP 5.3L 8 Cylinder Engine Gasoline Fuel,A/T,Black,Black,At least 1 accident or damage reported,Yes,30000.0,10,8454.545454545454,0,1,2727.2727272727275
Ford,Mustang V6 Premium,2013,62500,Gasoline,305.0HP 3.7L V6 Cylinder Engine Gasoline Fuel,6-Speed M/T,Black,Black,None reported,Yes,16000.0,13,4464.285714285715,0,0,1142.857142857143
Lexus,IS-F Base,2008,75000,Gasoline,416.0HP 5.0L 8 Cylinder Engine Gasoline Fuel,8-Speed A/T,Blue,Black,At least 1 accident or damage reported,Yes,29000.0,18,3947.3684210526317,1,1,1526.3157894736842
BMW,435 i,2015,34455,Gasoline,300.0HP 3.0L Straight 6 Cylinder Engine Gasoline Fuel,8-Speed A/T,Gray,Beige,None reported,Yes,28000.0,11,2871.25,1,0,2333.3333333333335
Land,Rover Range Rover Supercharged,2010,130000,Gasoline,510.0HP 5.0L 8 Cylinder Engine Gasoline Fuel,A/T,White,Black,None reported,Yes,15500.0,16,7647.058823529412,1,0,911.7647058823529
Mercedes-Benz,CLA-Class CLA 250,2014,76170,Gasoline,208.0HP 2.0L 4 Cylinder Engine Gasoline Fuel,Transmission w/Dual Shift Mode,Gray,Black,At least 1 accident or damage reported,Yes,16500.0,12,5859.2307692307695,1,1,1269.2307692307693
GMC,Yukon SLT,2010,194500,E85 Flex Fuel,320.0HP 5.3L 8 Cylinder Engine Flex Fuel Capability,6-Speed A/T,White,Beige,At least 1 accident or damage reported,Yes,9500.0,16,11441.176470588236,0,1,558.8235294117648
BMW,535 i,2008,135000,Gasoline,300.0HP 3.0L Straight 6 Cylinder Engine Gasoline Fuel,A/T,Silver,Black,None reported,Yes,5699.0,18,7105.263157894737,1,0,299.94736842105266
Dodge,Charger GT,2021,33000,Gasoline,300.0HP 3.6L V6 Cylinder Engine Gasoline Fuel,Transmission w/Dual Shift Mode,White,Gray,At least 1 accident or damage reported,Yes,26999.0,5,5500.0,0,1,4499.833333333333
Hyundai,Genesis 3.8,2010,98700,Gasoline,290.0HP 3.8L V6 Cylinder Engine Gasoline Fuel,Transmission w/Dual Shift Mode,Beige,Beige,None reported,Yes,10340.0,16,5805.882352941177,0,0,608.2352941176471
Honda,Civic Type R Touring,2018,72900,Gasoline,306.0HP 2.0L 4 Cylinder Engine Gasoline Fuel,6-Speed M/T,Black,Black,At least 1 accident or damage reported,Yes,35500.0,8,8100.0,0,1,3944.4444444444443
Dodge,Durango R/T,2016,135000,Gasoline,360.0HP 5.7L 8 Cylinder Engine Gasoline Fuel,A/T,Black,Black,None reported,Yes,20000.0,10,12272.727272727272,0,0,1818.1818181818182
Chevrolet,Silverado 1500 Limited High Country,2022,2550,Gasoline,355.0HP 5.3L 8 Cylinder Engine Gasoline Fuel,10-Speed A/T,Red,Black,None reported,Yes,60000.0,4,510.0,0,0,12000.0
Jeep,Grand Cherokee Altitude,2020,35289,Gasoline,3.6L V6 24V MPFI DOHC,8-Speed Automatic,Granite Crystal Clearcoat Metallic,Black,Unknown,Unknown,35470.0,6,5041.285714285715,0,1,5067.142857142857
RAM,1500 Laramie,2022,14636,Gasoline,5.7L V8 16V MPFI OHV,8-Speed Automatic,Diamond Black,Black,None reported,Unknown,46599.0,4,2927.2,0,0,9319.8
Chrysler,Crossfire Limited,2005,24847,Gasoline,3.2L V6 18V MPFI SOHC,5-Speed Automatic,White,Dark Gray,None reported,Yes,13046.0,21,1129.409090909091,0,0,593.0
Nissan,Rogue SL,2019,29558,Gasoline,2.5L I4 16V MPFI DOHC,Automatic CVT,Magnetic Black,Charcoal,None reported,Yes,25884.0,7,3694.75,0,0,3235.5
Audi,A6 55 Premium Plus,2023,6581,Gasoline,"3L V-6 gasoline direct injection, DOHC, variable valve control,","Automatic, 7-Spd S tronic Dual-Clutch",Chronos Gray Metallic,Black,None reported,Unknown,59900.0,3,1645.25,1,0,14975.0
Mercedes-Benz,AMG GT 53 Base,2020,22000,Hybrid,429.0HP 3.0L Straight 6 Cylinder Engine Gasoline/Mild Electric Hybrid,9-Speed A/T,Gray,Black,None reported,Yes,83999.0,6,3142.8571428571427,1,0,11999.857142857143
Acura,ILX Technology Plus Package,2017,68200,Gasoline,201.0HP 2.4L 4 Cylinder Engine Gasoline Fuel,Transmission w/Dual Shift Mode,Black,–,At least 1 accident or damage reported,Yes,15750.0,9,6820.0,0,1,1575.0
Land,Rover Range Rover P530 SE SWB,2023,2800,Gasoline,523.0HP 4.4L 8 Cylinder Engine Gasoline Fuel,8-Speed A/T,White,Red,None reported,Yes,175000.0,3,700.0,1,0,43750.0
Ford,Expedition Platinum,2019,51300,Gasoline,3.5L V6 24V GDI DOHC Twin Turbo,10-Speed Automatic,White,Platinum,None reported,Yes,48295.0,7,6412.5,0,0,6036.875
BMW,M3 Base,2008,133500,Gasoline,414.0HP 4.0L 8 Cylinder Engine Gasoline Fuel,6-Speed M/T,Gray,Black,None reported,Yes,18500.0,18,7026.315789473684,1,0,973.6842105263158
INFINITI,M37 x,2012,49000,Gasoline,330.0HP 3.7L V6 Cylinder Engine Gasoline Fuel,7-Speed A/T,Gray,Black,None reported,Yes,19900.0,14,3266.6666666666665,0,0,1326.6666666666667
BMW,650 i,2008,125470,Gasoline,360.0HP 4.8L 8 Cylinder Engine Gasoline Fuel,A/T,Black,Beige,None reported,Yes,8000.0,18,6603.684210526316,1,0,421.05263157894734
Mazda,RX-8 Grand Touring,2008,81219,Gasoline,232.0HP 1.3L Rotary engine Gasoline Fuel,6-Speed M/T,Red,Black,None reported,Yes,8500.0,18,4274.684210526316,0,0,447.36842105263156
Porsche,Boxster Base,1999,72000,Gasoline,201.0HP 2.5L Flat 6 Cylinder Engine Gasoline Fuel,5-Speed M/T,Blue,Gray,None reported,Yes,12250.0,27,2571.4285714285716,1,0,437.5
Acura,ILX Premium & A-SPEC Packages,2019,19500,Gasoline,201.0HP 2.4L 4 Cylinder Engine Gasoline Fuel,8-Speed A/T,Gray,Black,None reported,Yes,25000.0,7,2437.5,0,0,3125.0
Porsche,911 Carrera S,2017,20561,Gasoline,420.0HP 3.0L Flat 6 Cylinder Engine Gasoline Fuel,7-Speed M/T,Red,Black,None reported,Yes,105000.0,9,2056.1,1,0,10500.0
Lexus,LX 570 Base,2016,33655,Gasoline,383.0HP 5.7L 8 Cylinder Engine Gasoline Fuel,8-Speed A/T,White,Brown,None reported,Yes,62900.0,10,3059.5454545454545,1,0,5718.181818181818
Toyota,Highlander Limited Platinum,2015,135140,Gasoline,270.0HP 3.5L V6 Cylinder Engine Gasoline Fuel,A/T,White,Beige,None reported,Yes,23500.0,11,11261.666666666666,0,0,1958.3333333333333
Maserati,Ghibli Base,2015,73000,Gasoline,345.0HP 3.0L V6 Cylinder Engine Gasoline Fuel,8-Speed A/T,Black,Brown,None reported,Yes,17999.0,11,6083.333333333333,0,0,1499.9166666666667
Land,Rover Range Rover 3.0L Supercharged HSE,2017,55000,Gasoline,380.0HP 3.0L V6 Cylinder Engine Gasoline Fuel,A/T,White,Beige,At least 1 accident or damage reported,Yes,58000.0,9,5500.0,1,1,5800.0
Chevrolet,Cruze LTZ,2013,87000,Gasoline,138.0HP 1.4L 4 Cylinder Engine Gasoline Fuel,A/T,Blue,Black,At least 1 accident or damage reported,Yes,10000.0,13,6214.285714285715,0,1,714.2857142857143
BMW,325 xi,2006,137825,Gasoline,215.0HP 3.0L Straight 6 Cylinder Engine Gasoline Fuel,6-Speed A/T,Silver,Black,None reported,Yes,4000.0,20,6563.0952380952385,1,0,190.47619047619048
Acura,MDX Technology,2008,184421,Gasoline,300.0HP 3.7L V6 Cylinder Engine Gasoline Fuel,A/T,Gray,Black,None reported,Yes,5000.0,18,9706.368421052632,0,0,263.1578947368421
Lincoln,MKC Base,2015,95000,Gasoline,240.0HP 2.0L 4 Cylinder Engine Gasoline Fuel,6-Speed A/T,White,Black,At least 1 accident or damage reported,Yes,14900.0,11,7916.666666666667,0,1,1241.6666666666667
Kia,Sportage Nightfall,2022,26468,Gasoline,2.4L I4 16V GDI DOHC,6-Speed Automatic,Pacific Blue,Black,At least 1 accident or damage reported,Yes,27875.0,4,5293.6,0,1,5575.0
Bentley,Arnage R,2003,55050,Gasoline,400.0HP 6.75L 8 Cylinder Engine Gasoline Fuel,4-Speed A/T,Gray,Gray,None reported,Yes,34995.0,23,2293.75,0,0,1458.125
Kia,Sorento LX,2021,54200,Gasoline,191.0HP 2.5L 4 Cylinder Engine Gasoline Fuel,A/T,White,Black,None reported,Yes,23800.0,5,9033.333333333334,0,0,3966.6666666666665
Lexus,SC 430 Base,2002,109762,Gasoline,300.0HP 4.3L 8 Cylinder Engine Gasoline Fuel,5-Speed A/T,Blue,Brown,None reported,Yes,15000.0,24,4390.48,1,0,600.0
Land,Rover Range Rover Evoque Base,2012,92080,Gasoline,240.0HP 2.0L 4 Cylinder Engine Gasoline Fuel,6-Speed A/T,Gray,Black,None reported,Yes,14500.0,14,6138.666666666667,1,0,966.6666666666666
Acura,TLX Type S w/Performance Tire,2023,1798,Gasoline,355.0HP 3.0L V6 Cylinder Engine Gasoline Fuel,10-Speed A/T,Black,Black,None reported,Yes,53000.0,3,449.5,0,0,13250.0
GMC,Sierra 1500 SLE Crew Cab,2006,167500,Gasoline,295.0HP 5.3L 8 Cylinder Engine Gasoline Fuel,A/T,Silver,Black,None reported,Yes,14500.0,20,7976.190476190476,0,0,690.4761904761905
GMC,Sierra 1500 Denali Ultimate,2023,2500,Gasoline,420.0HP 6.2L 8 Cylinder Engine Gasoline Fuel,10-Speed A/T,White,Brown,None reported,Yes,84000.0,3,625.0,0,0,21000.0
Mercedes-Benz,E-Class E 400,2016,77000,Gasoline,329.0HP 3.0L V6 Cylinder Engine Gasoline Fuel,7-Speed A/T,White,Beige,At least 1 accident or damage reported,Yes,24000.0,10,7000.0,1,1,2181.818181818182
MINI,Hardtop Cooper,2019,19850,Gasoline,134.0HP 1.5L 3 Cylinder Engine Gasoline Fuel,6-Speed A/T,Black,Black,None reported,Yes,24000.0,7,2481.25,0,0,3000.0
Ford,Bronco Outer Banks Advanced,2023,3400,Gasoline,275.0HP 2.3L 4 Cylinder Engine Gasoline Fuel,10-Speed A/T,Gray,Gray,None reported,Yes,57000.0,3,850.0,0,0,14250.0
Ford,Bronco,2021,3596,Gasoline,2.7L V6 24V PDI DOHC Twin Turbo,10-Speed Automatic,Blue,Black Onyx,None reported,Unknown,56900.0,5,599.3333333333334,0,0,9483.333333333334
Ford,F-350 Lariat Super Duty Crew Cab,2009,130200,Diesel,350.0HP 6.4L 8 Cylinder Engine Diesel Fuel,5-Speed A/T,White,Beige,None reported,Yes,28900.0,17,7233.333333333333,0,0,1605.5555555555557
Land,Rover Discovery Sport SE,2017,48200,Gasoline,240.0HP 2.0L 4 Cylinder Engine Gasoline Fuel,9-Speed A/T,White,Gray,None reported,Yes,24998.0,9,4820.0,1,0,2499.8
GMC,Yukon XL SLT,2016,183544,Gasoline,355.0HP 5.3L 8 Cylinder Engine Gasoline Fuel,6-Speed A/T,Black,Black,At least 1 accident or damage reported,Yes,22000.0,10,16685.81818181818,0,1,2000.0
Ford,Focus RS Base,2016,14900,Gasoline,350.0HP 2.3L 4 Cylinder Engine Gasoline Fuel,6-Speed M/T,Blue,Black,None reported,Yes,39000.0,10,1354.5454545454545,0,0,3545.4545454545455
Ford,Bronco Badlands Advanced,2022,4200,Gasoline,315.0HP 2.7L V6 Cylinder Engine Gasoline Fuel,10-Speed A/T,Blue,Black,None reported,Yes,65994.0,4,840.0,0,0,13198.8
Hyundai,Genesis 5,2012,15698,Gasoline,429.0HP 5.0L 8 Cylinder Engine Gasoline Fuel,Transmission w/Dual Shift Mode,Black,Black,None reported,Yes,19000.0,14,1046.5333333333333,0,0,1266.6666666666667
Jeep,Wrangler Unlimited Rubicon,2022,1750,Gasoline,285.0HP 3.6L V6 Cylinder Engine Gasoline Fuel,8-Speed A/T,Gray,Brown,None reported,Yes,65500.0,4,350.0,0,0,13100.0
BMW,X4 xDrive30i,2022,34800,Gasoline,248.0HP 2.0L 4 Cylinder Engine Gasoline Fuel,A/T,Blue,Brown,None reported,Yes,46000.0,4,6960.0,1,0,9200.0
Jaguar,F-PACE S,2020,35580,Gasoline,3.0 Liter,Automatic,Eiger Grey Metallic,Ebony/Light Oyster Stitch,None reported,Unknown,46998.0,6,5082.857142857143,1,0,6714.0
Acura,RSX Type S,2006,71400,Gasoline,201.0HP 2.0L 4 Cylinder Engine Gasoline Fuel,6-Speed M/T,Black,Gray,Unknown,Unknown,14990.0,20,3400.0,0,1,713.8095238095239
Mazda,MX-5 Miata Base,2003,9260,Gasoline,142.0HP 1.8L 4 Cylinder Engine Gasoline Fuel,5-Speed M/T,White,Beige,None reported,Yes,22000.0,23,385.8333333333333,0,0,916.6666666666666
GMC,Yukon XL SLT,2023,28500,Gasoline,355.0HP 5.3L 8 Cylinder Engine Gasoline Fuel,A/T,Black,Black,None reported,Yes,67800.0,3,7125.0,0,0,16950.0
Mercedes-Benz,E-Class E 350 4MATIC,2008,91900,Gasoline,268.0HP 3.5L V6 Cylinder Engine Gasoline Fuel,5-Speed A/T,Black,Black,None reported,Yes,8900.0,18,4836.8421052631575,1,0,468.42105263157896
INFINITI,G35 Base,2004,130000,Gasoline,260.0HP 3.5L V6 Cylinder Engine Gasoline Fuel,5-Speed A/T,Beige,Beige,None reported,Yes,7500.0,22,5652.173913043478,0,0,326.0869565217391
Cadillac,XTS Premium,2013,56860,Gasoline,3.6L V6 24V GDI DOHC,6-Speed Automatic,White Diamond Tri-Coat,Shale,At least 1 accident or damage reported,Yes,21995.0,13,4061.4285714285716,0,1,1571.0714285714287
MINI,Hardtop Cooper S,2017,44300,Gasoline,189.0HP 2.0L 4 Cylinder Engine Gasoline Fuel,6-Speed M/T,Silver,Black,None reported,Yes,20784.0,9,4430.0,0,0,2078.4
BMW,X5 xDrive35i,2014,120000,Gasoline,300.0HP 3.0L Straight 6 Cylinder Engine Gasoline Fuel,Transmission w/Dual Shift Mode,Black,Black,Unknown,Unknown,20000.0,12,9230.76923076923,1,1,1538.4615384615386
Mercedes-Benz,SL-Class SL 550,2013,72500,Gasoline,429.0HP 4.6L 8 Cylinder Engine Gasoline Fuel,7-Speed A/T,Black,Beige,None reported,Yes,31450.0,13,5178.571428571428,1,0,2246.4285714285716
RAM,1500 Tradesman/Express,2017,72000,Gasoline,395.0HP 5.7L 8 Cylinder Engine Gasoline Fuel,8-Speed A/T,Blue,Beige,At least 1 accident or damage reported,Yes,24200.0,9,7200.0,0,1,2420.0
BMW,135 i,2011,132000,Gasoline,300.0HP 3.0L Straight 6 Cylinder Engine Gasoline Fuel,7-Speed A/T,Black,Beige,None reported,Yes,11000.0,15,8250.0,1,0,687.5
Rolls-Royce,Phantom,2018,7585,Gasoline,6.8L V12 48V GDI DOHC Twin Turbo,8-Speed Automatic,–,–,None reported,Yes,599000.0,8,842.7777777777778,0,0,66555.55555555556
Hyundai,IONIQ 5 SE,2022,18500,Gasoline,320.0HP Electric Motor Electric Fuel System,A/T,White,Black,None reported,Yes,42000.0,4,3700.0,0,0,8400.0
Lexus,LS 430 Base,2002,42000,Gasoline,290.0HP 4.3L 8 Cylinder Engine Gasoline Fuel,A/T,Silver,Gray,At least 1 accident or damage reported,Yes,15999.0,24,1680.0,1,1,639.96
Jaguar,F-PACE S,2023,4624,Gasoline,2.0 Liter,Automatic,Santorin Black,Black,None reported,Unknown,56998.0,3,1156.0,1,0,14249.5
BMW,M5 Base,2006,106000,Gasoline,500.0HP 5.0L 10 Cylinder Engine Gasoline Fuel,Transmission w/Dual Shift Mode,Black,Black,None reported,Yes,19500.0,20,5047.619047619048,1,0,928.5714285714286
Hyundai,Santa Fe SE,2022,13610,Gasoline,2.5L I4 16V PDI DOHC,8-Speed Automatic,Stormy Sea,Black,None reported,Unknown,27450.0,4,2722.0,0,0,5490.0
Lamborghini,Urus Base,2019,16876,Gasoline,4.0L V8 32V GDI DOHC Twin Turbo,8-Speed Automatic,Gray,Brown,None reported,Unknown,209900.0,7,2109.5,0,0,26237.5
Ford,Expedition Timberline,2023,8911,Gasoline,3.5L V6 24V PDI DOHC Twin Turbo,10-Speed Automatic,Dark Matter Metallic,Black Onyx,At least 1 accident or damage reported,Yes,77430.0,3,2227.75,0,1,19357.5
Chevrolet,Silverado 1500 LT Trail Boss,2021,48641,Gasoline,5.3L V8 16V GDI OHV,10-Speed Automatic,Silver Ice Metallic,Jet Black,None reported,Unknown,43666.0,5,8106.833333333333,0,0,7277.666666666667
GMC,Sierra 1500 SLT,2021,11250,Gasoline,420.0HP 6.2L 8 Cylinder Engine Gasoline Fuel,A/T,White,Black,None reported,Yes,70250.0,5,1875.0,0,0,11708.333333333334
Ford,Mustang Premium,2007,126000,Gasoline,210.0HP 4.0L V6 Cylinder Engine Gasoline Fuel,A/T,Red,Black,None reported,Yes,9000.0,19,6300.0,0,0,450.0
BMW,M5 Base,2008,77750,Gasoline,500.0HP 5.0L 10 Cylinder Engine Gasoline Fuel,7-Speed A/T,Silver,Silver,None reported,Yes,21000.0,18,4092.1052631578946,1,0,1105.2631578947369
Toyota,Tacoma SR,2020,27363,Gasoline,278.0HP 3.5L V6 Cylinder Engine Gasoline Fuel,6-Speed A/T,Gray,Gray,None reported,Yes,35000.0,6,3909.0,0,0,5000.0
Porsche,Cayenne Base,2019,30951,Gasoline,3.0L V6 24V GDI DOHC Turbo,8-Speed Automatic,White,Black,None reported,Yes,80140.0,7,3868.875,1,0,10017.5
Ford,F-150 Lightning XLT,2023,208,Gasoline,563.0HP Electric Motor Electric Fuel System,A/T,Gray,Gold,None reported,Yes,89000.0,3,52.0,0,0,22250.0
Dodge,Durango GT,2021,20386,Gasoline,3.6L V6 24V MPFI DOHC,8-Speed Automatic,Billet Clearcoat Metallic,Black,None reported,Unknown,32999.0,5,3397.6666666666665,0,0,5499.833333333333
BMW,330e iPerformance,2018,45253,Plug-In Hybrid,247.0HP 2.0L 4 Cylinder Engine Plug-In Electric/Gas,Transmission w/Dual Shift Mode,Black,Black,None reported,Yes,24995.0,8,5028.111111111111,1,0,2777.222222222222
GMC,Terrain Denali,2016,144000,Gasoline,301.0HP 3.6L V6 Cylinder Engine Gasoline Fuel,6-Speed A/T,White,Black,None reported,Yes,18400.0,10,13090.90909090909,0,0,1672.7272727272727
Ford,Excursion Limited,2004,76163,Diesel,325.0HP 6.0L 8 Cylinder Engine Diesel Fuel,5-Speed A/T,Gold,Gold,None reported,Yes,20500.0,22,3311.4347826086955,0,0,891.304347826087
Hyundai,Genesis 3.8,2015,61300,Gasoline,311.0HP 3.8L V6 Cylinder Engine Gasoline Fuel,8-Speed A/T,Silver,Gray,Unknown,Unknown,20150.0,11,5108.333333333333,0,1,1679.1666666666667
Mitsubishi,Mirage ES,2017,35698,Gasoline,78.0HP 1.2L 3 Cylinder Engine Gasoline Fuel,A/T,Blue,Black,None reported,Yes,8750.0,9,3569.8,0,0,875.0
Mercedes-Benz,E-Class E 350 4MATIC,2010,27000,Gasoline,268.0HP 3.5L V6 Cylinder Engine Gasoline Fuel,7-Speed A/T,Black,Black,None reported,Yes,22500.0,16,1588.235294117647,1,0,1323.5294117647059
Mazda,Mazda3 i Sport,2015,162000,Gasoline,155.0HP 2.0L 4 Cylinder Engine Gasoline Fuel,Transmission w/Dual Shift Mode,Red,Black,None reported,Yes,11500.0,11,13500.0,0,0,958.3333333333334
BMW,M3 Base,2008,77800,Gasoline,414.0HP 4.0L 8 Cylinder Engine Gasoline Fuel,M/T,Red,Black,None reported,Yes,28500.0,18,4094.7368421052633,1,0,1500.0
Mercedes-Benz,E-Class E 350,2014,55000,Gasoline,302.0HP 3.5L V6 Cylinder Engine Gasoline Fuel,A/T,Black,Black,None reported,Yes,19250.0,12,4230.7692307692305,1,0,1480.7692307692307
Ford,Bronco Outer Banks Advanced,2022,12000,Gasoline,315.0HP 2.7L V6 Cylinder Engine Gasoline Fuel,10-Speed A/T,Gray,Brown,At least 1 accident or damage reported,Yes,65999.0,4,2400.0,0,1,13199.8
Tesla,Model X 75D,2017,70579,Gasoline,518.0HP Electric Motor Electric Fuel System,A/T,Black,White,None reported,Yes,42250.0,9,7057.9,1,0,4225.0
Jeep,Wrangler Unlimited Sport,2010,107000,Gasoline,205.0HP 3.8L V6 Cylinder Engine Gasoline Fuel,A/T,White,Gray,At least 1 accident or damage reported,Yes,17500.0,16,6294.117647058823,0,1,1029.4117647058824
Honda,Pilot Elite,2021,42653,Gasoline,3.5L V6 24V GDI SOHC,9-Speed Automatic,Gray,Black,None reported,Unknown,38998.0,5,7108.833333333333,0,0,6499.666666666667
Acura,TL 3.2,2008,193783,Gasoline,258.0HP 3.2L V6 Cylinder Engine Gasoline Fuel,A/T,Black,Black,At least 1 accident or damage reported,Yes,10000.0,18,10199.105263157895,0,1,526.3157894736842
Lexus,IS 350 Base,2014,123000,Gasoline,306.0HP 3.5L V6 Cylinder Engine Gasoline Fuel,6-Speed A/T,Red,Black,At least 1 accident or damage reported,Yes,18000.0,12,9461.538461538461,1,1,1384.6153846153845
Chevrolet,Equinox LT,2011,130000,Gasoline,264.0HP 3.0L V6 Cylinder Engine Gasoline Fuel,6-Speed A/T,Brown,Black,At least 1 accident or damage reported,Yes,7000.0,15,8125.0,0,1,437.5
Mitsubishi,Lancer DE,2009,143346,Gasoline,152.0HP 2.0L 4 Cylinder Engine Gasoline Fuel,5-Speed M/T,Black,Black,At least 1 accident or damage reported,Yes,3000.0,17,7963.666666666667,0,1,166.66666666666666
Land,Rover LR2 Base,2015,112465,Gasoline,240.0HP 2.0L 4 Cylinder Engine Gasoline Fuel,6-Speed A/T,White,Beige,None reported,Yes,11995.0,11,9372.083333333334,1,0,999.5833333333334
Nissan,Leaf SV PLUS,2023,5121,Gasoline,Electric,1-Speed Automatic,Brilliant Silver Metallic,Black,None reported,Yes,28196.0,3,1280.25,0,0,7049.0
Audi,A5 2.0T Premium,2012,137273,Gasoline,211.0HP 2.0L 4 Cylinder Engine Gasoline Fuel,A/T,White,Beige,None reported,Yes,11000.0,14,9151.533333333333,1,0,733.3333333333334
Rivian,R1S Launch Edition,2023,299,Gasoline,835.0HP Electric Motor Electric Fuel System,1-Speed A/T,Blue,Gray,None reported,Yes,92500.0,3,74.75,0,0,23125.0
Lexus,RX 450h Base,2018,70780,Hybrid,308.0HP 3.5L V6 Cylinder Engine Gas/Electric Hybrid,CVT Transmission,Silver,Gray,None reported,Yes,35700.0,8,7864.444444444444,1,0,3966.6666666666665
Chevrolet,Tahoe LT,2018,55000,Gasoline,355.0HP 5.3L 8 Cylinder Engine Gasoline Fuel,6-Speed A/T,Black,Black,None reported,Yes,37900.0,8,6111.111111111111,0,0,4211.111111111111
Mercedes-Benz,G-Class G 550 4MATIC,2017,23151,Gasoline,416.0HP 4.0L 8 Cylinder Engine Gasoline Fuel,7-Speed A/T,Gray,Black,None reported,Yes,84500.0,9,2315.1,1,0,8450.0
Cadillac,XTS Luxury,2013,152000,Gasoline,304.0HP 3.6L V6 Cylinder Engine Gasoline Fuel,A/T,Black,Gray,At least 1 accident or damage reported,Yes,8500.0,13,10857.142857142857,0,1,607.1428571428571
INFINITI,Q50 3.0t Red Sport 400,2020,23344,Gasoline,3.0L V6 24V GDI DOHC Twin Turbo,7-Speed Automatic,Liquid Platinum,White,None reported,Unknown,36999.0,6,3334.8571428571427,0,0,5285.571428571428
Subaru,Outback 3.6R Limited,2016,87092,Gasoline,256.0HP 3.6L Flat 6 Cylinder Engine Gasoline Fuel,A/T,Blue,Black,At least 1 accident or damage reported,Yes,19500.0,10,7917.454545454545,0,1,1772.7272727272727
Toyota,Avalon XLS,2004,90625,Gasoline,210.0HP 3.0L V6 Cylinder Engine Gasoline Fuel,A/T,Gray,Gray,None reported,Yes,5500.0,22,3940.217391304348,0,0,239.1304347826087
Chevrolet,Traverse RS,2021,44373,Gasoline,310.0HP 3.6L V6 Cylinder Engine Gasoline Fuel,9-Speed A/T,Silver,Black,None reported,Yes,36000.0,5,7395.5,0,0,6000.0
BMW,330 i,2021,26000,Gasoline,255.0HP 2.0L 4 Cylinder Engine Gasoline Fuel,Transmission w/Dual Shift Mode,Black,Black,None reported,Yes,37000.0,5,4333.333333333333,1,0,6166.666666666667
Karma,Revero Base,2018,20760,Gasoline,403.0HP 2.0L Electric Motor Electric Fuel System,A/T,White,Black,None reported,Yes,55500.0,8,2306.6666666666665,0,0,6166.666666666667
Lexus,GX 460 Base,2021,39102,Gasoline,4.6 Liter,Automatic,Silver,Rioja Red,None reported,Unknown,51798.0,5,6517.0,1,0,8633.0
Alfa,Romeo Stelvio Ti Sport,2019,39615,Gasoline,"2L I-4 gasoline direct injection, MultiAir2 variable valve contr","Automatic, 8-Spd",Vulcano Black Metallic,Red/Black,None reported,Unknown,28900.0,7,4951.875,0,0,3612.5
GMC,Sierra 2500 Base,2019,58000,E85 Flex Fuel,360.0HP 6.0L 8 Cylinder Engine Flex Fuel Capability,A/T,Silver,Beige,None reported,Yes,36500.0,7,7250.0,0,0,4562.5
Lexus,IS 250 Base,2013,148000,Gasoline,204.0HP 2.5L V6 Cylinder Engine Gasoline Fuel,6-Speed A/T,Gray,Black,At least 1 accident or damage reported,Yes,10000.0,13,10571.42857142857,1,1,714.2857142857143
Porsche,Panamera 2,2011,104000,Gasoline,300.0HP 3.6L V6 Cylinder Engine Gasoline Fuel,7-Speed A/T,White,Black,None reported,Yes,20900.0,15,6500.0,1,0,1306.25
BMW,535 i xDrive,2013,46150,Gasoline,306.0HP 3.0L Straight 6 Cylinder Engine Gasoline Fuel,Transmission w/Dual Shift Mode,Silver,Black,At least 1 accident or damage reported,Yes,17000.0,13,3296.4285714285716,1,1,1214.2857142857142
Chevrolet,Silverado 2500 High Country,2022,18860,Diesel,445.0HP 6.6L 8 Cylinder Engine Diesel Fuel,10-Speed A/T,Blue,Gray,None reported,Yes,74500.0,4,3772.0,0,0,14900.0
Mercedes-Benz,AMG C 63 Base,2017,28399,Gasoline,469.0HP 4.0L 8 Cylinder Engine Gasoline Fuel,7-Speed A/T,Gray,Black,None reported,Yes,55600.0,9,2839.9,1,0,5560.0
Jeep,Wrangler Sahara,1998,136500,Gasoline,181.0HP 4.0L Straight 6 Cylinder Engine Gasoline Fuel,5-Speed M/T,Black,Black,None reported,Yes,6999.0,28,4706.896551724138,0,0,241.3448275862069
Porsche,Boxster S,2005,95170,Gasoline,280.0HP 3.2L Flat 6 Cylinder Engine Gasoline Fuel,6-Speed M/T,Blue,Gray,None reported,Yes,24900.0,21,4325.909090909091,1,0,1131.8181818181818
BMW,M3 Base,2006,95450,Gasoline,333.0HP 3.2L Straight 6 Cylinder Engine Gasoline Fuel,6-Speed M/T,Gray,Gray,At least 1 accident or damage reported,Yes,42000.0,20,4545.238095238095,1,1,2000.0
Chevrolet,Camaro LT1,2022,7652,Gasoline,6.2 Liter,Automatic,Blue,Jet Black,None reported,Unknown,39998.0,4,1530.4,0,0,7999.6
BMW,535 i xDrive,2011,169000,Gasoline,300.0HP 3.0L Straight 6 Cylinder Engine Gasoline Fuel,Transmission w/Dual Shift Mode,Black,White,At least 1 accident or damage reported,Yes,10999.0,15,10562.5,1,1,687.4375
RAM,1500 Laramie,2022,16744,Gasoline,5.7L V8 16V MPFI OHV,8-Speed Automatic,Delmonico Red Pearlcoat,Black,None reported,Unknown,46999.0,4,3348.8,0,0,9399.8
Mercedes-Benz,Metris Base,2020,1025,Gasoline,2.0L I4 16V GDI DOHC Turbo,7-Speed Automatic,Black,Beige,None reported,Yes,299000.0,6,146.42857142857142,1,0,42714.28571428572
Chevrolet,Express 1500 Cargo,2004,152000,Gasoline,195.0HP 4.3L V6 Cylinder Engine Gasoline Fuel,A/T,White,Gray,At least 1 accident or damage reported,Yes,7999.0,22,6608.695652173913,0,1,347.7826086956522
BMW,X7 xDrive40i,2020,46000,Gasoline,335.0HP 3.0L Straight 6 Cylinder Engine Gasoline Fuel,Transmission w/Dual Shift Mode,Black,Black,None reported,Yes,54999.0,6,6571.428571428572,1,0,7857.0
BMW,X7 xDrive40i,2022,8000,Hybrid,335.0HP 3.0L Straight 6 Cylinder Engine Gasoline/Mild Electric Hybrid,A/T,Blue,Brown,None reported,Yes,85000.0,4,1600.0,1,0,17000.0
Ferrari,F12berlinetta Base,2016,14770,Gasoline,6.3L V12 48V GDI DOHC,7-Speed Automatic with Auto-Shift,Gray,–,None reported,Unknown,254900.0,10,1342.7272727272727,0,0,23172.727272727272
Chevrolet,Silverado 2500 LT,2016,84421,E85 Flex Fuel,360.0HP 6.0L 8 Cylinder Engine Flex Fuel Capability,6-Speed A/T,White,Black,None reported,Yes,36800.0,10,7674.636363636364,0,0,3345.4545454545455
Mercedes-Benz,Maybach S 580 4MATIC,2022,4760,Gasoline,4.0L V8 32V GDI DOHC Twin Turbo,9-Speed Automatic,Diamond White,Black,None reported,Yes,229000.0,4,952.0,1,0,45800.0
GMC,Sierra 1500 Denali,2021,44691,Gasoline,6.2L V8 16V GDI OHV,10-Speed Automatic,White Frost Tri-Coat,Walnut,At least 1 accident or damage reported,Unknown,56900.0,5,7448.5,0,1,9483.333333333334
Mitsubishi,Outlander SEL,2022,11700,Gasoline,181.0HP 2.5L 4 Cylinder Engine Gasoline Fuel,A/T,White,Black,None reported,Yes,33000.0,4,2340.0,0,0,6600.0
Ford,Shelby GT350 Base,2019,2800,Gasoline,526.0HP 5.2L 8 Cylinder Engine Gasoline Fuel,6-Speed M/T,Black,Black,None reported,Yes,91000.0,7,350.0,0,0,11375.0
MINI,Cooper Base,2010,58000,Gasoline,118.0HP 1.6L 4 Cylinder Engine Gasoline Fuel,6-Speed A/T,Gold,Black,None reported,Yes,8000.0,16,3411.764705882353,0,0,470.5882352941176
Toyota,Prius Touring,2009,142500,Hybrid,76.0HP 1.5L 4 Cylinder Engine Gas/Electric Hybrid,A/T,Blue,Beige,None reported,Yes,6999.0,17,7916.666666666667,0,0,388.8333333333333
Cadillac,Escalade ESV Base,2007,191900,Gasoline,403.0HP 6.2L 8 Cylinder Engine Gasoline Fuel,A/T,Black,Black,At least 1 accident or damage reported,Yes,9750.0,19,9595.0,0,1,487.5
Audi,A6 2.0T Premium Plus,2016,63398,Gasoline,252.0HP 2.0L 4 Cylinder Engine Gasoline Fuel,A/T,White,Gray,At least 1 accident or damage reported,Yes,19500.0,10,5763.454545454545,1,1,1772.7272727272727
Chevrolet,Suburban 1500 LT,2008,162750,Gasoline,320.0HP 5.3L 8 Cylinder Engine Gasoline Fuel,Transmission Overdrive Switch,White,Black,At least 1 accident or damage reported,Yes,7200.0,18,8565.78947368421,0,1,378.94736842105266
Jaguar,XK R,2012,38383,Gasoline,510.0HP 5.0L 8 Cylinder Engine Gasoline Fuel,6-Speed A/T,White,Black,None reported,Yes,36949.0,14,2558.866666666667,1,0,2463.266666666667
Porsche,911 Carrera GTS,2022,1837,Gasoline,3.0L H6 24V GDI DOHC Twin Turbo,8-Speed Automatic with Auto-Shift,Aventurine Green Metallic,Agave Green,None reported,Unknown,179900.0,4,367.4,1,0,35980.0
Ford,F-250 XLT,2022,36294,Diesel,6.7L V8 32V DDI OHV Turbo Diesel,Automatic,Oxford White,Medium Earth Gray,Unknown,Unknown,77535.0,4,7258.8,0,1,15507.0
Audi,A4 2.0T Premium,2011,90818,Gasoline,211.0HP 2.0L 4 Cylinder Engine Gasoline Fuel,A/T,White,Black,At least 1 accident or damage reported,Yes,8300.0,15,5676.125,1,1,518.75
Cadillac,ATS 2.0L Turbo,2018,32000,Gasoline,272.0HP 2.0L 4 Cylinder Engine Gasoline Fuel,A/T,Gray,Black,None reported,Yes,22999.0,8,3555.5555555555557,0,0,2555.4444444444443
Ford,Transit-350 Base,2019,94650,Gasoline,275.0HP 3.7L V6 Cylinder Engine Gasoline Fuel,6-Speed A/T,White,–,None reported,Yes,37000.0,7,11831.25,0,0,4625.0
Mercedes-Benz,G-Class G 63 AMG,2014,49899,Gasoline,536.0HP 5.5L 8 Cylinder Engine Gasoline Fuel,A/T,White,Black,None reported,Yes,72999.0,12,3838.3846153846152,1,0,5615.307692307692
Jeep,Wrangler Sahara,2011,55000,Gasoline,202.0HP 3.8L V6 Cylinder Engine Gasoline Fuel,4-Speed A/T,Red,Black,At least 1 accident or damage reported,Yes,35000.0,15,3437.5,0,1,2187.5
BMW,M4 Base,2015,23700,Gasoline,425.0HP 3.0L Straight 6 Cylinder Engine Gasoline Fuel,Transmission w/Dual Shift Mode,Black,Black,None reported,Yes,42800.0,11,1975.0,1,0,3566.6666666666665
Tesla,Model S P100D,2018,46000,Gasoline,518.0HP Electric Motor Electric Fuel System,A/T,White,Black,None reported,Yes,59500.0,8,5111.111111111111,1,0,6611.111111111111
Maserati,Ghibli S GranLusso,2020,12118,Gasoline,424.0HP 3.0L V6 Cylinder Engine Gasoline Fuel,8-Speed A/T,Blue,Brown,None reported,Yes,52900.0,6,1731.142857142857,0,0,7557.142857142857
Pontiac,Firebird Trans Am,2001,64000,Gasoline,310.0HP 5.7L 8 Cylinder Engine Gasoline Fuel,6-Speed M/T,Blue,Beige,None reported,Yes,21000.0,25,2461.5384615384614,0,0,807.6923076923077
Ford,Expedition XLT,2022,22169,Gasoline,3.5L V6 24V PDI DOHC Twin Turbo,10-Speed Automatic,Black,Sandstone,None reported,Yes,57352.0,4,4433.8,0,0,11470.4
Ferrari,812 Superfast Base,2020,1575,Gasoline,788.0HP 6.5L 12 Cylinder Engine Gasoline Fuel,Transmission w/Dual Shift Mode,Red,Black,None reported,Yes,469900.0,6,225.0,0,0,67128.57142857143
Tesla,Model X Long Range Plus,2021,46897,Gasoline,557.0HP Electric Motor Electric Fuel System,A/T,Blue,Black,None reported,Yes,69000.0,5,7816.166666666667,1,0,11500.0
Land,Rover Range Rover P400 SE SWB,2022,3369,Hybrid,395.0HP 3.0L Straight 6 Cylinder Engine Gasoline/Mild Electric Hybrid,A/T,White,Black,None reported,Yes,139500.0,4,673.8,1,0,27900.0
BMW,535 i xDrive,2011,135000,Gasoline,300.0HP 3.0L Straight 6 Cylinder Engine Gasoline Fuel,8-Speed A/T,Blue,Beige,None reported,Yes,9999.0,15,8437.5,1,0,624.9375
BMW,428 i xDrive,2015,125000,Gasoline,240.0HP 2.0L 4 Cylinder Engine Gasoline Fuel,A/T,White,Black,None reported,Yes,15000.0,11,10416.666666666666,1,0,1250.0
Cadillac,Escalade ESV Platinum,2017,134000,Gasoline,420.0HP 6.2L 8 Cylinder Engine Gasoline Fuel,8-Speed A/T,Gold,Brown,None reported,Yes,32999.0,9,13400.0,0,0,3299.9
BMW,X5 xDrive35i,2014,143250,Gasoline,300.0HP 3.0L Straight 6 Cylinder Engine Gasoline Fuel,8-Speed A/T,Black,White,None reported,Yes,12999.0,12,11019.23076923077,1,0,999.9230769230769
Lexus,GX 460 Premium,2017,82975,Gasoline,301.0HP 4.6L 8 Cylinder Engine Gasoline Fuel,A/T,White,Beige,None reported,Yes,31000.0,9,8297.5,1,0,3100.0
MINI,Countryman Cooper S ALL4,2016,91700,Gasoline,181.0HP 1.6L 4 Cylinder Engine Gasoline Fuel,6-Speed M/T,White,Black,None reported,Yes,13999.0,10,8336.363636363636,0,0,1272.6363636363637
Ford,F-150 XLT,2018,72393,Gasoline,325.0HP 2.7L V6 Cylinder Engine Gasoline Fuel,10-Speed A/T,Black,Black,None reported,Yes,35000.0,8,8043.666666666667,0,0,3888.8888888888887
INFINITI,QX60 Base,2016,71000,Gasoline,265.0HP 3.5L V6 Cylinder Engine Gasoline Fuel,A/T,Black,Black,None reported,Yes,21500.0,10,6454.545454545455,0,0,1954.5454545454545
Lexus,RX 350 Base,2012,160900,Gasoline,270.0HP 3.5L V6 Cylinder Engine Gasoline Fuel,6-Speed A/T,Silver,Gray,None reported,Yes,15000.0,14,10726.666666666666,1,0,1000.0
Dodge,Charger Scat Pack,2020,40208,Gasoline,485.0HP 6.4L 8 Cylinder Engine Gasoline Fuel,8-Speed A/T,Red,Black,At least 1 accident or damage reported,Yes,38000.0,6,5744.0,0,1,5428.571428571428
Lexus,IS 350 Base,2017,77300,Gasoline,306.0HP 3.5L V6 Cylinder Engine Gasoline Fuel,6-Speed A/T,White,Black,None reported,Yes,30000.0,9,7730.0,1,0,3000.0
Nissan,NV200 SV,2017,16700,Gasoline,131.0HP 2.0L 4 Cylinder Engine Gasoline Fuel,A/T,White,Black,None reported,Yes,26500.0,9,1670.0,0,0,2650.0
Subaru,Impreza 2.0i Premium,2013,112000,Gasoline,148.0HP 2.0L 4 Cylinder Engine Gasoline Fuel,CVT Transmission,Black,Beige,None reported,Yes,9999.0,13,8000.0,0,0,714.2142857142857
BMW,M3 Base,2016,55250,Gasoline,425.0HP 3.0L Straight 6 Cylinder Engine Gasoline Fuel,6-Speed M/T,Blue,White,None reported,Yes,49999.0,10,5022.727272727273,1,0,4545.363636363636
INFINITI,QX80 Luxe,2020,69000,Gasoline,400.0HP 5.6L 8 Cylinder Engine Gasoline Fuel,A/T,Gray,Black,None reported,Yes,31450.0,6,9857.142857142857,0,0,4492.857142857143
Rolls-Royce,Phantom,2023,1560,–,–,–,Tempest,Cobalt Blue,None reported,Yes,599995.0,3,390.0,0,0,149998.75
Ford,Mustang GT Premium,2016,40570,Gasoline,435.0HP 5.0L 8 Cylinder Engine Gasoline Fuel,6-Speed M/T,Gray,Black,At least 1 accident or damage reported,Yes,30490.0,10,3688.181818181818,0,1,2771.818181818182
Toyota,RAV4 TRD Off Road,2020,46500,Gasoline,203.0HP 2.5L 4 Cylinder Engine Gasoline Fuel,8-Speed A/T,White,Black,None reported,Yes,35200.0,6,6642.857142857143,0,0,5028.571428571428
Honda,S2000 Base,2000,26900,Gasoline,240.0HP 2.0L 4 Cylinder Engine Gasoline Fuel,M/T,Silver,Red,None reported,Yes,35000.0,26,996.2962962962963,0,0,1296.2962962962963
Jeep,Gladiator Sport,2021,5779,Gasoline,3.6L V6 24V MPFI DOHC,8-Speed Automatic,Firecracker Red Clearcoat,Black,Unknown,Unknown,41329.0,5,963.1666666666666,0,1,6888.166666666667
Ford,Bronco Big Bend Advanced,2023,12000,Gasoline,275.0HP 2.3L 4 Cylinder Engine Gasoline Fuel,10-Speed A/T,Black,–,None reported,Yes,54000.0,3,3000.0,0,0,13500.0
Ford,Expedition Timberline,2022,30301,Gasoline,3.5L V6 24V PDI DOHC Twin Turbo,10-Speed Automatic,Dark Matter Metallic,Deep Cypress,None reported,Yes,68420.0,4,6060.2,0,0,13684.0
Toyota,Sequoia TRD Pro,2023,600,Hybrid,437.0HP 3.4L V6 Cylinder Engine Gas/Electric Hybrid,10-Speed A/T,Orange,Black,None reported,Yes,91995.0,3,150.0,0,0,22998.75
Plymouth,Prowler Base,2001,22300,Gasoline,253.0HP 3.5L V6 Cylinder Engine Gasoline Fuel,4-Speed A/T,Blue,Gray,None reported,Yes,28500.0,25,857.6923076923077,0,0,1096.1538461538462
Alfa,Romeo Giulia Ti,2023,9275,Gasoline,2.0L I4 16V GDI SOHC Turbo,8-Speed Automatic,Alfa White,Black,None reported,Unknown,43900.0,3,2318.75,0,0,10975.0
Chevrolet,Suburban 1500 LS,2004,171750,E85 Flex Fuel,295.0HP 5.3L 8 Cylinder Engine Flex Fuel Capability,4-Speed A/T,White,Beige,At least 1 accident or damage reported,Yes,12998.0,22,7467.391304347826,0,1,565.1304347826087
Mitsubishi,Lancer Evolution GSR,2013,76500,Gasoline,291.0HP 2.0L 4 Cylinder Engine Gasoline Fuel,5-Speed M/T,Black,Black,None reported,Yes,28000.0,13,5464.285714285715,0,0,2000.0
Mercedes-Benz,AMG GLE 43 Coupe 4MATIC,2018,49000,Gasoline,385.0HP 3.0L V6 Cylinder Engine Gasoline Fuel,9-Speed A/T,Blue,Brown,At least 1 accident or damage reported,Yes,42995.0,8,5444.444444444444,1,1,4777.222222222223
Audi,R8 5.2 quattro Spyder,2011,75000,Gasoline,525.0HP 5.2L 10 Cylinder Engine Gasoline Fuel,Transmission w/Dual Shift Mode,White,Brown,At least 1 accident or damage reported,Yes,74000.0,15,4687.5,1,1,4625.0
Ford,Escape XLT,2007,133300,Gasoline,153.0HP 2.3L 4 Cylinder Engine Gasoline Fuel,4-Speed A/T,Silver,Silver,None reported,Yes,3000.0,19,6665.0,0,0,150.0
BMW,X5 3.0si,2007,99700,Gasoline,260.0HP 3.0L Straight 6 Cylinder Engine Gasoline Fuel,6-Speed A/T,Black,Black,None reported,Yes,8500.0,19,4985.0,1,0,425.0
Chevrolet,Camaro 2LT,2011,126700,Gasoline,312.0HP 3.6L V6 Cylinder Engine Gasoline Fuel,Transmission w/Dual Shift Mode,White,Beige,At least 1 accident or damage reported,Yes,14000.0,15,7918.75,0,1,875.0
BMW,340 i,2016,28000,Gasoline,320.0HP 3.0L Straight 6 Cylinder Engine Gasoline Fuel,6-Speed M/T,Black,Red,None reported,Yes,36995.0,10,2545.4545454545455,1,0,3363.181818181818
Mercedes-Benz,SL-Class SL 550,2012,21300,Gasoline,382.0HP 5.5L 8 Cylinder Engine Gasoline Fuel,7-Speed A/T,Silver,Red,At least 1 accident or damage reported,Yes,38500.0,14,1420.0,1,1,2566.6666666666665
Cadillac,Escalade Platinum,2019,92000,Gasoline,420.0HP 6.2L 8 Cylinder Engine Gasoline Fuel,A/T,Black,Black,None reported,Yes,51900.0,7,11500.0,0,0,6487.5
Chevrolet,Silverado 3500 LTZ,2018,92149,Diesel,6.6L V8 32V DDI OHV Turbo Diesel,6-Speed Automatic,Black,Jet Black,Unknown,Unknown,52889.0,8,10238.777777777777,0,1,5876.555555555556
Lexus,RC F Base,2015,25756,Gasoline,467.0HP 5.0L 8 Cylinder Engine Gasoline Fuel,8-Speed A/T,Black,Black,None reported,Yes,49995.0,11,2146.3333333333335,1,0,4166.25
Kia,Forte GT-Line,2021,24534,Gasoline,147.0HP 2.0L 4 Cylinder Engine Gasoline Fuel,CVT Transmission,White,Black,None reported,Yes,21900.0,5,4089.0,0,0,3650.0
Land,Rover Range Rover Sport Supercharged Dynamic,2018,58100,Gasoline,518.0HP 5.0L 8 Cylinder Engine Gasoline Fuel,8-Speed A/T,Red,Black,None reported,Yes,53499.0,8,6455.555555555556,1,0,5944.333333333333
Nissan,Titan S,2017,20220,Gasoline,390.0HP 5.6L 8 Cylinder Engine Gasoline Fuel,7-Speed A/T,White,Gray,None reported,Yes,32324.0,9,2022.0,0,0,3232.4
Honda,Accord EX-L 2.0T,2019,40069,Gasoline,252.0HP 2.0L 4 Cylinder Engine Gasoline Fuel,A/T,White,Black,At least 1 accident or damage reported,Yes,27500.0,7,5008.625,0,1,3437.5
Subaru,WRX Base,2017,60930,Gasoline,268.0HP 2.0L 4 Cylinder Engine Gasoline Fuel,6-Speed M/T,Blue,Black,None reported,Yes,23750.0,9,6093.0,0,0,2375.0
Audi,A4 2.0T Titanium Premium,2019,7300,Gasoline,188.0HP 2.0L 4 Cylinder Engine Gasoline Fuel,7-Speed A/T,White,Gray,None reported,Yes,27900.0,7,912.5,1,0,3487.5
Ford,Mustang EcoBoost Premium,2018,34000,–,–,A/T,Blue,Gray,At least 1 accident or damage reported,Yes,25000.0,8,3777.777777777778,0,1,2777.777777777778
Chevrolet,Avalanche 1500 LS,2012,56000,E85 Flex Fuel,320.0HP 5.3L 8 Cylinder Engine Flex Fuel Capability,A/T,Red,Black,At least 1 accident or damage reported,Yes,18000.0,14,3733.3333333333335,0,1,1200.0
Mercedes-Benz,CLA-Class CLA 250,2014,136000,Gasoline,208.0HP 2.0L 4 Cylinder Engine Gasoline Fuel,Transmission w/Dual Shift Mode,Gray,Black,At least 1 accident or damage reported,Yes,12000.0,12,10461.538461538461,1,1,923.0769230769231
BMW,228 Gran Coupe i xDrive,2020,31100,Gasoline,228.0HP 2.0L 4 Cylinder Engine Gasoline Fuel,8-Speed A/T,Blue,White,None reported,Yes,26999.0,6,4442.857142857143,1,0,3857.0
Maserati,GranTurismo Base,2012,12100,Gasoline,440.0HP 4.7L 8 Cylinder Engine Gasoline Fuel,Transmission w/Dual Shift Mode,Blue,Beige,None reported,Yes,37900.0,14,806.6666666666666,0,0,2526.6666666666665
Ford,Expedition Platinum,2021,51902,Gasoline,3.5L V6 24V PDI DOHC Twin Turbo,10-Speed Automatic,Red,Ceramic,None reported,Yes,57480.0,5,8650.333333333334,0,0,9580.0
Audi,S4 Base,2007,93000,Gasoline,340.0HP 4.2L 8 Cylinder Engine Gasoline Fuel,6-Speed M/T,Black,Black,At least 1 accident or damage reported,Yes,10995.0,19,4650.0,1,1,549.75
Land,Rover Range Rover Sport Supercharged HSE,2016,99915,Gasoline,340.0HP 3.0L V6 Cylinder Engine Gasoline Fuel,A/T,Blue,White,At least 1 accident or damage reported,Yes,26500.0,10,9083.181818181818,1,1,2409.090909090909
Ford,Mustang Mach-E GT,2022,7661,Gasoline,Electric,1-Speed Automatic,Star White,Black Onyx,None reported,Unknown,49599.0,4,1532.2,0,0,9919.8
Chevrolet,Tahoe LTZ,2007,177000,E85 Flex Fuel,320.0HP 5.3L 8 Cylinder Engine Flex Fuel Capability,4-Speed A/T,Gold,Beige,At least 1 accident or damage reported,Yes,10750.0,19,8850.0,0,1,537.5
Nissan,Xterra S,2008,100900,Gasoline,261.0HP 4.0L V6 Cylinder Engine Gasoline Fuel,A/T,Black,Gray,None reported,Yes,6999.0,18,5310.526315789473,0,0,368.36842105263156
INFINITI,Q60 3.0T Premium,2017,107380,Gasoline,300.0HP 3.0L V6 Cylinder Engine Gasoline Fuel,7-Speed A/T,Black,Gray,At least 1 accident or damage reported,Yes,17500.0,9,10738.0,0,1,1750.0
Ford,F-150 Raptor,2021,32957,Gasoline,3.5L V6 24V PDI DOHC Twin Turbo,10-Speed Automatic,Oxford White,Black,None reported,Unknown,77900.0,5,5492.833333333333,0,0,12983.333333333334
Acura,TLX Base,2016,45000,Gasoline,206.0HP 2.4L 4 Cylinder Engine Gasoline Fuel,A/T,Gray,Blue,None reported,Yes,16500.0,10,4090.909090909091,0,0,1500.0
Nissan,Frontier SV,2013,67000,Gasoline,261.0HP 4.0L V6 Cylinder Engine Gasoline Fuel,5-Speed A/T,Blue,Gray,None reported,Yes,15500.0,13,4785.714285714285,0,0,1107.142857142857
Chevrolet,Camaro 1SS,2021,12600,Gasoline,455.0HP 6.2L 8 Cylinder Engine Gasoline Fuel,6-Speed M/T,Gray,Black,None reported,Yes,47000.0,5,2100.0,0,0,7833.333333333333
Porsche,Panamera 4,2018,24882,Gasoline,330.0HP 3.0L V6 Cylinder Engine Gasoline Fuel,Transmission w/Dual Shift Mode,White,Black,None reported,Yes,59800.0,8,2764.6666666666665,1,0,6644.444444444444
Acura,TLX PMC Edition,2020,6900,Gasoline,290.0HP 3.5L V6 Cylinder Engine Gasoline Fuel,9-Speed A/T,Red,Black,None reported,Yes,43500.0,6,985.7142857142857,0,0,6214.285714285715
Kia,Sorento EX V6,2019,66075,Gasoline,3.3L V6 24V GDI DOHC,8-Speed Automatic,Titanium Silver,Satin Black,None reported,Unknown,23754.0,7,8259.375,0,0,2969.25
Hyundai,Palisade SEL,2021,68050,Gasoline,291.0HP 3.8L V6 Cylinder Engine Gasoline Fuel,8-Speed A/T,Black,Black,None reported,Yes,29600.0,5,11341.666666666666,0,0,4933.333333333333
Ford,F-250 Lariat,2017,128000,Diesel,440.0HP 6.7L 8 Cylinder Engine Diesel Fuel,6-Speed A/T,Gray,Black,None reported,Yes,50000.0,9,12800.0,0,0,5000.0
BMW,430 i,2021,9472,Gasoline,255.0HP 2.0L 4 Cylinder Engine Gasoline Fuel,A/T,White,Blue,None reported,Yes,51000.0,5,1578.6666666666667,1,0,8500.0
Mitsubishi,Lancer GTS,2009,185963,Gasoline,168.0HP 2.4L 4 Cylinder Engine Gasoline Fuel,CVT Transmission,Orange,Gray,At least 1 accident or damage reported,Yes,5100.0,17,10331.277777777777,0,1,283.3333333333333
Nissan,NV200 S,2019,52000,Gasoline,131.0HP 2.0L 4 Cylinder Engine Gasoline Fuel,CVT Transmission,Black,Gray,At least 1 accident or damage reported,Yes,19500.0,7,6500.0,0,1,2437.5
Buick,Enclave Leather,2015,68653,Gasoline,288.0HP 3.6L V6 Cylinder Engine Gasoline Fuel,6-Speed A/T,Blue,Black,At least 1 accident or damage reported,Yes,18950.0,11,5721.083333333333,0,1,1579.1666666666667
Lexus,RX 330 Base,2004,151896,Gasoline,230.0HP 3.3L V6 Cylinder Engine Gasoline Fuel,A/T,Silver,Gray,None reported,Yes,7900.0,22,6604.173913043478,1,0,343.4782608695652
Lexus,RX 450h F Sport,2019,43671,Hybrid,3.5L V6 24V PDI DOHC Hybrid,Automatic CVT,Caviar,Rioja Red,None reported,Unknown,44950.0,7,5458.875,1,0,5618.75
Ford,F-250 Lariat,2017,72128,E85 Flex Fuel,6.2L V8 16V MPFI SOHC Flexible Fuel,6-Speed Automatic,White,Camel,Unknown,Unknown,45985.0,9,7212.8,0,1,4598.5
Kia,Forte Koup EX,2013,134207,Gasoline,156.0HP 2.0L 4 Cylinder Engine Gasoline Fuel,A/T,Black,–,At least 1 accident or damage reported,Yes,5500.0,13,9586.214285714286,0,1,392.85714285714283
GMC,Terrain SLE,2020,26470,Gasoline,1.5L I4 16V GDI DOHC Turbo,9-Speed Automatic,Summit White,Jet Black,None reported,Yes,29900.0,6,3781.4285714285716,0,0,4271.428571428572
Porsche,Macan Base,2018,82300,Gasoline,252.0HP 2.0L 4 Cylinder Engine Gasoline Fuel,7-Speed A/T,Black,Black,None reported,Yes,35000.0,8,9144.444444444445,1,0,3888.8888888888887
Lexus,RC 350 Base,2015,124000,Gasoline,306.0HP 3.5L V6 Cylinder Engine Gasoline Fuel,Transmission w/Dual Shift Mode,Blue,Blue,None reported,Yes,24000.0,11,10333.333333333334,1,0,2000.0
Audi,S4 3.0T Premium Plus,2020,23823,Gasoline,3.0L V6 24V GDI DOHC Turbo,8-Speed Automatic,Tango Red Metallic,Black,None reported,Yes,49995.0,6,3403.285714285714,1,0,7142.142857142857
GMC,Yukon SLT,2002,222600,Gasoline,275.0HP 4.8L 8 Cylinder Engine Gasoline Fuel,4-Speed A/T,Gray,Beige,None reported,Yes,4999.0,24,8904.0,0,0,199.96
Lamborghini,Urus Base,2021,9500,Gasoline,641.0HP 4.0L 8 Cylinder Engine Gasoline Fuel,A/T,White,Black,None reported,Yes,279900.0,5,1583.3333333333333,0,0,46650.0
INFINITI,QX60 Base,2014,154247,Gasoline,265.0HP 3.5L V6 Cylinder Engine Gasoline Fuel,A/T,Black,Black,At least 1 accident or damage reported,Yes,12500.0,12,11865.153846153846,0,1,961.5384615384615
Chevrolet,Silverado 2500 LTZ H/D Extended Cab,2008,128000,Gasoline,353.0HP 6.0L 8 Cylinder Engine Gasoline Fuel,6-Speed A/T,Beige,Black,None reported,Yes,23500.0,18,6736.8421052631575,0,0,1236.842105263158
Maserati,GranTurismo Base,2008,70000,Gasoline,405.0HP 4.2L 8 Cylinder Engine Gasoline Fuel,A/T,Blue,Brown,At least 1 accident or damage reported,Yes,13000.0,18,3684.2105263157896,0,1,684.2105263157895
Acura,Integra GS-R,1995,123000,–,–,5-Speed M/T,White,Blue,None reported,Yes,10999.0,31,3843.75,0,0,343.71875
BMW,X6 M Base,2016,52375,Gasoline,567.0HP 4.4L 8 Cylinder Engine Gasoline Fuel,8-Speed A/T,White,Brown,At least 1 accident or damage reported,Yes,48600.0,10,4761.363636363636,1,1,4418.181818181818
Chrysler,300 S,2016,100574,Gasoline,300.0HP 3.6L V6 Cylinder Engine Gasoline Fuel,8-Speed A/T,Black,Black,At least 1 accident or damage reported,Yes,17500.0,10,9143.09090909091,0,1,1590.909090909091
Chrysler,300 Base,2014,85000,Gasoline,292.0HP 3.6L V6 Cylinder Engine Gasoline Fuel,8-Speed A/T,White,–,At least 1 accident or damage reported,Yes,11250.0,12,6538.461538461538,0,1,865.3846153846154
Acura,RDX w/A-Spec Package,2023,3959,Gasoline,2.0 Liter DOHC Turbo,Automatic,White,Black,None reported,Unknown,48998.0,3,989.75,0,0,12249.5
Chevrolet,Corvette Stingray w/1LT,2021,10400,Gasoline,490.0HP 6.2L 8 Cylinder Engine Gasoline Fuel,8-Speed A/T,Silver,Black,None reported,Yes,72900.0,5,1733.3333333333333,0,0,12150.0
Chevrolet,Camaro 1SS,2019,19200,Gasoline,455.0HP 6.2L 8 Cylinder Engine Gasoline Fuel,6-Speed M/T,Orange,Black,None reported,Yes,41500.0,7,2400.0,0,0,5187.5
Mercedes-Benz,E-Class E 350 4MATIC,2013,81000,Gasoline,302.0HP 3.5L V6 Cylinder Engine Gasoline Fuel,A/T,Gray,Beige,At least 1 accident or damage reported,Yes,13000.0,13,5785.714285714285,1,1,928.5714285714286
Ford,F-150 Raptor,2022,17451,Gasoline,3.5L V6 24V PDI DOHC Twin Turbo,10-Speed Automatic,Oxford White,Rhapsody Blue,None reported,Unknown,77900.0,4,3490.2,0,0,15580.0
Nissan,Versa 1.8 S,2011,165000,Gasoline,122.0HP 1.8L 4 Cylinder Engine Gasoline Fuel,A/T,Black,–,None reported,Yes,4000.0,15,10312.5,0,0,250.0
BMW,M3 CS,2024,124,Gasoline,543.0HP 3.0L Straight 6 Cylinder Engine Gasoline Fuel,Transmission w/Dual Shift Mode,Green,Black,None reported,Yes,145000.0,2,41.333333333333336,1,0,48333.333333333336
Hyundai,Accent GLS,2013,117500,Gasoline,138.0HP 1.6L 4 Cylinder Engine Gasoline Fuel,6-Speed A/T,Silver,Gray,At least 1 accident or damage reported,Yes,6500.0,13,8392.857142857143,0,1,464.2857142857143
Mercedes-Benz,S-Class S 450 4MATIC,2018,72500,Gasoline,362.0HP 3.0L V6 Cylinder Engine Gasoline Fuel,A/T,Black,Black,None reported,Yes,60000.0,8,8055.555555555556,1,0,6666.666666666667
Porsche,911 GT3,2023,265,Gasoline,4.0L H6 24V GDI DOHC,6-Speed Manual,Black,Gray,None reported,Yes,279950.0,3,66.25,1,0,69987.5
Mercedes-Benz,AMG GT 63 S 4-Door,2020,21214,Gasoline,4.0L V8 32V GDI DOHC Twin Turbo,9-Speed Automatic,Obsidian Black Metallic,Black,None reported,Unknown,117900.0,6,3030.5714285714284,1,0,16842.85714285714
Audi,Q5 3.0 TDI Premium Plus,2014,55564,Diesel,240.0HP 3.0L V6 Cylinder Engine Diesel Fuel,8-Speed A/T,Black,Black,At least 1 accident or damage reported,Yes,22500.0,12,4274.153846153846,1,1,1730.7692307692307
Cadillac,LYRIQ Luxury,2023,1090,Gasoline,500.0HP Electric Motor Electric Fuel System,A/T,Gray,Silver,None reported,Yes,68750.0,3,272.5,0,0,17187.5
Volvo,XC60 T5 R-Design,2019,43500,Gasoline,250.0HP 2.0L 4 Cylinder Engine Gasoline Fuel,Transmission w/Dual Shift Mode,Gray,Black,None reported,Yes,30000.0,7,5437.5,0,0,3750.0
Mercedes-Benz,AMG GT 53 Base,2019,35000,Hybrid,429.0HP 3.0L Straight 6 Cylinder Engine Gasoline/Mild Electric Hybrid,Transmission w/Dual Shift Mode,Black,Black,None reported,Yes,83000.0,7,4375.0,1,0,10375.0
GMC,Yukon SLT,2017,92031,Gasoline,355.0HP 5.3L 8 Cylinder Engine Gasoline Fuel,A/T,White,Beige,At least 1 accident or damage reported,Yes,30000.0,9,9203.1,0,1,3000.0
Lexus,GS 350 Base,2016,128032,Gasoline,311.0HP 3.5L V6 Cylinder Engine Gasoline Fuel,Transmission w/Dual Shift Mode,Silver,Black,None reported,Yes,18000.0,10,11639.272727272728,1,0,1636.3636363636363
Jaguar,XF 25t Premium,2018,18800,Gasoline,247.0HP 2.0L 4 Cylinder Engine Gasoline Fuel,8-Speed A/T,White,White,None reported,Yes,26000.0,8,2088.8888888888887,1,0,2888.8888888888887
BMW,M8 Gran Coupe Competition,2023,2900,Gasoline,617.0HP 4.4L 8 Cylinder Engine Gasoline Fuel,8-Speed A/T,Green,Gray,None reported,Yes,117500.0,3,725.0,1,0,29375.0
Honda,Ridgeline Black Edition,2017,91600,Gasoline,280.0HP 3.5L V6 Cylinder Engine Gasoline Fuel,6-Speed A/T,Black,Black,None reported,Yes,26000.0,9,9160.0,0,0,2600.0
Toyota,4Runner SR5,2019,91843,Gasoline,270.0HP 4.0L V6 Cylinder Engine Gasoline Fuel,5-Speed A/T,Blue,Black,At least 1 accident or damage reported,Yes,30500.0,7,11480.375,0,1,3812.5
Ford,Bronco Sport Outer Banks,2021,28105,Gasoline,1.5L I3 12V PDI DOHC Turbo,8-Speed Automatic,Kodiak Brown Metallic,Ebony,Unknown,Unknown,32455.0,5,4684.166666666667,0,1,5409.166666666667
Dodge,Charger R/T 392,2017,73350,Gasoline,485.0HP 6.4L 8 Cylinder Engine Gasoline Fuel,8-Speed A/T,Gray,Red,None reported,Yes,37000.0,9,7335.0,0,0,3700.0
Mercedes-Benz,GLC 300 GLC 300,2022,11875,Gasoline,2.0 Liter Turbo,Automatic,Black,Black,None reported,Unknown,41598.0,4,2375.0,1,0,8319.6
Tesla,Model S P100D,2018,47000,Gasoline,518.0HP Electric Motor Electric Fuel System,A/T,Black,Black,None reported,Yes,49900.0,8,5222.222222222223,1,0,5544.444444444444
INFINITI,Q50 3.0t Signature Edition,2017,67000,Gasoline,300.0HP 3.0L V6 Cylinder Engine Gasoline Fuel,Transmission w/Dual Shift Mode,Black,Black,None reported,Yes,23000.0,9,6700.0,0,0,2300.0
BMW,340 i,2016,117660,Gasoline,320.0HP 3.0L Straight 6 Cylinder Engine Gasoline Fuel,8-Speed A/T,White,Black,At least 1 accident or damage reported,Yes,19500.0,10,10696.363636363636,1,1,1772.7272727272727
Pontiac,Firebird Trans Am,2001,71448,Gasoline,200.0HP 3.8L V6 Cylinder Engine Gasoline Fuel,4-Speed A/T,Gray,Black,None reported,Yes,10500.0,25,2748.0,0,0,403.84615384615387
Nissan,NV Passenger NV3500 HD SV V8,2015,86000,Gasoline,317.0HP 5.6L 8 Cylinder Engine Gasoline Fuel,A/T,Silver,Gray,None reported,Yes,29500.0,11,7166.666666666667,0,0,2458.3333333333335
Lexus,ES 350 Base,2020,15324,Gasoline,3.5L V6 24V PDI DOHC,8-Speed Automatic,Black,Black,At least 1 accident or damage reported,Unknown,33364.0,6,2189.1428571428573,1,1,4766.285714285715
BMW,135 is,2013,29400,Gasoline,320.0HP 3.0L Straight 6 Cylinder Engine Gasoline Fuel,6-Speed M/T,White,Beige,None reported,Yes,29000.0,13,2100.0,1,0,2071.4285714285716
Lexus,IS 300 Base,2017,68871,Gasoline,255.0HP 3.5L V6 Cylinder Engine Gasoline Fuel,6-Speed A/T,Silver,Red,None reported,Yes,28450.0,9,6887.1,1,0,2845.0
Porsche,Cayenne S,2012,126000,Gasoline,400.0HP 4.8L 8 Cylinder Engine Gasoline Fuel,Transmission w/Dual Shift Mode,Silver,Gray,None reported,Yes,17999.0,14,8400.0,1,0,1199.9333333333334
Pontiac,Solstice GXP,2007,25718,Gasoline,260.0HP 2.0L 4 Cylinder Engine Gasoline Fuel,M/T,Yellow,Black,None reported,Yes,17900.0,19,1285.9,0,0,895.0
Porsche,Panamera Turbo,2015,67210,Gasoline,520.0HP 4.8L 8 Cylinder Engine Gasoline Fuel,Transmission w/Dual Shift Mode,Blue,Beige,At least 1 accident or damage reported,Yes,51950.0,11,5600.833333333333,1,1,4329.166666666667
BMW,X6 xDrive35i,2018,27214,Gasoline,300.0HP 3.0L Straight 6 Cylinder Engine Gasoline Fuel,Transmission w/Dual Shift Mode,Black,Black,At least 1 accident or damage reported,Yes,40950.0,8,3023.777777777778,1,1,4550.0
Ford,F-150 Limited,2019,42728,Gasoline,450.0HP 3.5L V6 Cylinder Engine Gasoline Fuel,Transmission w/Dual Shift Mode,Black,Brown,None reported,Yes,45950.0,7,5341.0,0,0,5743.75
MINI,Cooper S Base,2010,97395,Gasoline,172.0HP 1.6L 4 Cylinder Engine Gasoline Fuel,6-Speed M/T,Yellow,Black,None reported,Yes,6699.0,16,5729.117647058823,0,0,394.05882352941177
Mazda,Mazda3 i SV,2015,91700,Gasoline,155.0HP 2.0L 4 Cylinder Engine Gasoline Fuel,A/T,Red,Black,None reported,Yes,12000.0,11,7641.666666666667,0,0,1000.0
Mitsubishi,Lancer Evolution MR,2011,94500,Gasoline,291.0HP 2.0L 4 Cylinder Engine Gasoline Fuel,Transmission w/Dual Shift Mode,White,Black,None reported,Yes,27000.0,15,5906.25,0,0,1687.5
Chevrolet,Tahoe LTZ,2014,196300,E85 Flex Fuel,320.0HP 5.3L 8 Cylinder Engine Flex Fuel Capability,6-Speed A/T,Black,Black,None reported,Yes,10995.0,12,15100.0,0,0,845.7692307692307
Cadillac,CTS 3.6L Luxury,2015,54259,Gasoline,3.6L V6 24V GDI DOHC,8-Speed Automatic,Majestic Plum Metallic,Light Platinum / Jet Black,None reported,Yes,19425.0,11,4521.583333333333,0,0,1618.75
Acura,RDX w/Advance Package,2021,36267,Gasoline,2.0 Liter Turbo,Automatic,White,Parchment,None reported,Unknown,39798.0,5,6044.5,0,0,6633.0
Land,Rover Range Rover Sport Supercharged HSE,2015,175000,Gasoline,340.0HP 3.0L V6 Cylinder Engine Gasoline Fuel,A/T,Black,Black,None reported,Yes,19500.0,11,14583.333333333334,1,0,1625.0
Chevrolet,Suburban 1500 LTZ,2015,159000,Gasoline,355.0HP 5.3L 8 Cylinder Engine Gasoline Fuel,6-Speed A/T,White,Beige,At least 1 accident or damage reported,Yes,26900.0,11,13250.0,0,1,2241.6666666666665
Chevrolet,Camaro 2SS,2016,74000,Gasoline,455.0HP 6.2L 8 Cylinder Engine Gasoline Fuel,8-Speed A/T,Black,Black,None reported,Yes,32000.0,10,6727.272727272727,0,0,2909.090909090909
Chevrolet,Silverado 1500 Hybrid 1HY,2011,82963,Hybrid,332.0HP 6.0L 8 Cylinder Engine Gas/Electric Hybrid,4-Speed A/T,White,Black,None reported,Yes,20995.0,15,5185.1875,0,0,1312.1875
Cadillac,XT5 Luxury,2019,54323,Gasoline,3.6 Liter DOHC,Automatic,Red,Beige,None reported,Unknown,27998.0,7,6790.375,0,0,3499.75
Nissan,Armada SL,2019,59980,Gasoline,390.0HP 5.6L 8 Cylinder Engine Gasoline Fuel,7-Speed A/T,Silver,Black,None reported,Yes,29000.0,7,7497.5,0,0,3625.0
Audi,Q5 S line Premium,2022,10120,Hybrid,2.0 Liter TFSI,Automatic,Navarre Blue,Gray,None reported,Unknown,39998.0,4,2024.0,1,0,7999.6
BMW,X6 M Base,2017,25000,Gasoline,567.0HP 4.4L 8 Cylinder Engine Gasoline Fuel,Transmission w/Dual Shift Mode,White,Red,At least 1 accident or damage reported,Yes,65000.0,9,2500.0,1,1,6500.0
BMW,740 i,2012,126000,Gasoline,326.0HP 3.0L Straight 6 Cylinder Engine Gasoline Fuel,A/T,Black,Black,At least 1 accident or damage reported,Yes,12700.0,14,8400.0,1,1,846.6666666666666
Toyota,Sequoia TRD Pro,2020,37428,Gasoline,381.0HP 5.7L 8 Cylinder Engine Gasoline Fuel,6-Speed A/T,White,Black,None reported,Yes,61599.0,6,5346.857142857143,0,0,8799.857142857143
Volkswagen,Jetta GLI,2014,99499,Gasoline,210.0HP 2.0L 4 Cylinder Engine Gasoline Fuel,Transmission w/Dual Shift Mode,Black,Black,At least 1 accident or damage reported,Yes,15000.0,12,7653.7692307692305,0,1,1153.8461538461538
Honda,Crosstour EX-L,2012,90742,Gasoline,192.0HP 2.4L 4 Cylinder Engine Gasoline Fuel,A/T,Gray,Gray,None reported,Yes,12980.0,14,6049.466666666666,0,0,865.3333333333334
Land,Rover Range Rover Sport Supercharged,2014,125000,E85 Flex Fuel,510.0HP 5.0L 8 Cylinder Engine Flex Fuel Capability,8-Speed A/T,White,Brown,At least 1 accident or damage reported,Yes,22500.0,12,9615.384615384615,1,1,1730.7692307692307
Hyundai,Santa Fe Sport 2.0L Turbo Ultimate,2018,71669,Gasoline,240.0HP 2.0L 4 Cylinder Engine Gasoline Fuel,A/T,Blue,Black,None reported,Yes,20000.0,8,7963.222222222223,0,0,2222.222222222222
Cadillac,XT5 Luxury,2019,44692,Gasoline,3.6L V6 24V GDI DOHC,8-Speed Automatic,Bronze Dune Metallic,Shara Beige,None reported,Unknown,32368.0,7,5586.5,0,0,4046.0
Jaguar,F-TYPE R,2018,16002,Gasoline,550.0HP 5.0L 8 Cylinder Engine Gasoline Fuel,8-Speed A/T,Black,Red,None reported,Yes,74900.0,8,1778.0,1,0,8322.222222222223
Toyota,FJ Cruiser Base,2014,86000,Gasoline,260.0HP 4.0L V6 Cylinder Engine Gasoline Fuel,5-Speed A/T,Blue,Black,None reported,Yes,41500.0,12,6615.384615384615,0,0,3192.3076923076924
Toyota,Tundra SR5,2019,56000,Gasoline,381.0HP 5.7L 8 Cylinder Engine Gasoline Fuel,6-Speed A/T,Blue,Black,None reported,Yes,42000.0,7,7000.0,0,0,5250.0
Nissan,300ZX Base,1993,168000,–,–,5-Speed M/T,White,Black,None reported,Yes,7000.0,33,4941.176470588235,0,0,205.88235294117646
RAM,1500 Sport,2017,41789,Gasoline,395.0HP 5.7L 8 Cylinder Engine Gasoline Fuel,A/T,Green,Black,At least 1 accident or damage reported,Yes,42500.0,9,4178.9,0,1,4250.0
Ford,Focus SE,2014,60109,E85 Flex Fuel,160.0HP 2.0L 4 Cylinder Engine Flex Fuel Capability,6-Speed A/T,Gray,Black,None reported,Yes,9499.0,12,4623.7692307692305,0,0,730.6923076923077
Mercedes-Benz,GLE 350 Base 4MATIC,2020,48000,Gasoline,255.0HP 2.0L 4 Cylinder Engine Gasoline Fuel,A/T,Black,Black,None reported,Yes,49995.0,6,6857.142857142857,1,0,7142.142857142857
Acura,TL Type S,2008,122000,Gasoline,286.0HP 3.5L V6 Cylinder Engine Gasoline Fuel,Transmission w/Dual Shift Mode,Gray,Beige,None reported,Yes,11500.0,18,6421.0526315789475,0,0,605.2631578947369
Land,Rover Range Rover HSE,2012,102800,Gasoline,385.0HP 5.0L 8 Cylinder Engine Gasoline Fuel,A/T,Gold,Brown,None reported,Yes,16000.0,14,6853.333333333333,1,0,1066.6666666666667
MINI,Convertible Cooper,2022,15544,Gasoline,134.0HP 1.5L 3 Cylinder Engine Gasoline Fuel,A/T,Blue,Brown,Unknown,Unknown,28000.0,4,3108.8,0,1,5600.0
Mazda,CX-9 Signature,2019,69771,Gasoline,227.0HP 2.5L 4 Cylinder Engine Gasoline Fuel,A/T,Black,Red,None reported,Yes,27500.0,7,8721.375,0,0,3437.5
Acura,TLX Tech,2023,2118,Gasoline,2.0 Liter DOHC Turbo,Automatic,Red,Black,None reported,Unknown,41998.0,3,529.5,0,0,10499.5
Ford,F-150 Raptor,2021,28260,Gasoline,450.0HP 3.5L V6 Cylinder Engine Gasoline Fuel,10-Speed A/T,Blue,Blue,None reported,Yes,72950.0,5,4710.0,0,0,12158.333333333334
Honda,Civic Si Base,2020,6025,Gasoline,205.0HP 1.5L 4 Cylinder Engine Gasoline Fuel,6-Speed M/T,Gray,Gray,None reported,Yes,27500.0,6,860.7142857142857,0,0,3928.5714285714284
Hyundai,Elantra SE,2018,32697,Gasoline,147.0HP 2.0L 4 Cylinder Engine Gasoline Fuel,6-Speed A/T,Gray,Gray,At least 1 accident or damage reported,Yes,15900.0,8,3633.0,0,1,1766.6666666666667
Ford,Excursion Limited,2001,239000,Gasoline,310.0HP 6.8L 10 Cylinder Engine Gasoline Fuel,A/T,White,–,None reported,Yes,8000.0,25,9192.307692307691,0,0,307.6923076923077
Jaguar,F-TYPE S British Design Edition,2017,34150,Gasoline,380.0HP 3.0L V6 Cylinder Engine Gasoline Fuel,8-Speed A/T,Black,Black,None reported,Yes,45999.0,9,3415.0,1,0,4599.9
Honda,Ridgeline RTL-E,2022,9642,Gasoline,3.5L V6 24V GDI SOHC,9-Speed Automatic,Radiant Red Metallic II,Black,None reported,Unknown,38999.0,4,1928.4,0,0,7799.8
Pontiac,G6 GTP,2006,100545,Gasoline,201.0HP 3.5L V6 Cylinder Engine Gasoline Fuel,4-Speed A/T,Gray,Black,None reported,Yes,5995.0,20,4787.857142857143,0,0,285.4761904761905
Mercedes-Benz,C-Class C300 4MATIC,2021,11111,Gasoline,2.0 Liter Turbo,Automatic,Gray,Black,None reported,Unknown,38998.0,5,1851.8333333333333,1,0,6499.666666666667
Toyota,FJ Cruiser Base,2007,162000,Gasoline,239.0HP 4.0L V6 Cylinder Engine Gasoline Fuel,5-Speed A/T,Black,Black,None reported,Yes,23977.0,19,8100.0,0,0,1198.85
Buick,Enclave Premium,2020,87555,Gasoline,3.6L V6 24V GDI DOHC,9-Speed Automatic,Dark Moon Blue Metallic,Dark Galvanized,At least 1 accident or damage reported,Yes,31650.0,6,12507.857142857143,0,1,4521.428571428572
Chevrolet,Tahoe LTZ,2015,102200,Gasoline,355.0HP 5.3L 8 Cylinder Engine Gasoline Fuel,A/T,Silver,Black,None reported,Yes,25000.0,11,8516.666666666666,0,0,2083.3333333333335
Bentley,Continental GTC V8,2013,18950,Gasoline,500.0HP 4.0L 8 Cylinder Engine Gasoline Fuel,Transmission w/Dual Shift Mode,White,Black,None reported,Yes,77999.0,13,1353.5714285714287,0,0,5571.357142857143
Mercedes-Benz,SLK-Class SLK 350,2015,16000,Gasoline,302.0HP 3.5L V6 Cylinder Engine Gasoline Fuel,7-Speed A/T,White,Red,At least 1 accident or damage reported,Yes,30500.0,11,1333.3333333333333,1,1,2541.6666666666665
Cadillac,Escalade Premium Luxury,2022,19250,Gasoline,420.0HP 6.2L 8 Cylinder Engine Gasoline Fuel,10-Speed A/T,Black,Black,None reported,Yes,86999.0,4,3850.0,0,0,17399.8
BMW,535 i xDrive,2015,65000,Gasoline,300.0HP 3.0L Straight 6 Cylinder Engine Gasoline Fuel,Transmission w/Dual Shift Mode,Silver,Black,None reported,Yes,24995.0,11,5416.666666666667,1,0,2082.9166666666665
MINI,Cooper S Base,2007,110022,Gasoline,172.0HP 1.6L 4 Cylinder Engine Gasoline Fuel,6-Speed M/T,Silver,Black,None reported,Yes,6250.0,19,5501.1,0,0,312.5
Bentley,Continental GT Base,2012,79089,E85 Flex Fuel,567.0HP 6.0L 12 Cylinder Engine Flex Fuel Capability,A/T,White,Beige,None reported,Yes,46999.0,14,5272.6,0,0,3133.266666666667
Lexus,GX 460 Premium,2023,2533,Gasoline,301.0HP 4.6L 8 Cylinder Engine Gasoline Fuel,A/T,Black,Black,None reported,Yes,64900.0,3,633.25,1,0,16225.0
Audi,Q7 3.0T Premium Plus,2014,96273,Gasoline,280.0HP 3.0L V6 Cylinder Engine Gasoline Fuel,8-Speed A/T,Silver,Black,At least 1 accident or damage reported,Yes,15495.0,12,7405.615384615385,1,1,1191.923076923077
Cadillac,CT6 Luxury,2020,22187,Gasoline,3.6L V6 24V GDI DOHC,10-Speed Automatic,Manhattan Noir Metallic,Shara Beige,At least 1 accident or damage reported,Yes,45480.0,6,3169.5714285714284,0,1,6497.142857142857
GMC,Sierra 1500 SL Crew Cab,2009,137000,Gasoline,295.0HP 4.8L 8 Cylinder Engine Gasoline Fuel,A/T,Red,–,None reported,Yes,20000.0,17,7611.111111111111,0,0,1111.111111111111
Nissan,GT-R Premium,2009,60747,Gasoline,480.0HP 3.8L V6 Cylinder Engine Gasoline Fuel,6-Speed A/T,White,–,At least 1 accident or damage reported,Yes,71999.0,17,3374.8333333333335,0,1,3999.9444444444443
Dodge,Ram 1500 ST,2007,36500,Gasoline,210.0HP 3.7L V6 Cylinder Engine Gasoline Fuel,A/T,Blue,Gray,None reported,Yes,16000.0,19,1825.0,0,0,800.0
Ford,Bronco Outer Banks,2021,19590,Gasoline,315.0HP 2.7L V6 Cylinder Engine Gasoline Fuel,10-Speed A/T,Blue,Gray,None reported,Yes,54999.0,5,3265.0,0,0,9166.5
Nissan,GT-R Black Edition,2015,16850,Gasoline,545.0HP 3.8L V6 Cylinder Engine Gasoline Fuel,Transmission w/Dual Shift Mode,White,Black,None reported,Yes,95000.0,11,1404.1666666666667,0,0,7916.666666666667
Cadillac,Escalade ESV Sport,2021,4500,Gasoline,420.0HP 6.2L 8 Cylinder Engine Gasoline Fuel,10-Speed A/T,White,Beige,Unknown,Unknown,105000.0,5,750.0,0,1,17500.0
Chevrolet,Cruze LT,2012,194000,Gasoline,138.0HP 1.4L 4 Cylinder Engine Gasoline Fuel,6-Speed A/T,Gray,White,At least 1 accident or damage reported,Yes,4900.0,14,12933.333333333334,0,1,326.6666666666667
Lexus,GX 460 Base,2020,48210,Gasoline,4.6L V8 32V MPFI DOHC,6-Speed Automatic,Nebula Gray Pearl,Rioja Red,At least 1 accident or damage reported,Yes,47449.0,6,6887.142857142857,1,1,6778.428571428572
BMW,750 i,2018,81500,Gasoline,445.0HP 4.4L 8 Cylinder Engine Gasoline Fuel,8-Speed A/T,White,White,None reported,Yes,41250.0,8,9055.555555555555,1,0,4583.333333333333
Ford,F-150 XLT,2021,77107,Gasoline,3.5L V6 24V PDI DOHC Twin Turbo,10-Speed Automatic,Agate Black Metallic,Black,Unknown,Unknown,39995.0,5,12851.166666666666,0,1,6665.833333333333
BMW,535 i xDrive,2015,58664,Gasoline,300.0HP 3.0L Straight 6 Cylinder Engine Gasoline Fuel,8-Speed A/T,Blue,Gray,At least 1 accident or damage reported,Yes,20950.0,11,4888.666666666667,1,1,1745.8333333333333
Mitsubishi,Montero Limited,2004,145000,Gasoline,215.0HP 3.8L V6 Cylinder Engine Gasoline Fuel,A/T,Silver,Black,None reported,Yes,8950.0,22,6304.347826086957,0,0,389.1304347826087
Lexus,LS 500 F Sport,2018,15055,Gasoline,416.0HP 3.5L V6 Cylinder Engine Gasoline Fuel,A/T,White,Black,None reported,Yes,59000.0,8,1672.7777777777778,1,0,6555.555555555556
Tesla,Model S 85D,2015,67647,Gasoline,422.0HP Electric Motor Electric Fuel System,1-Speed A/T,Blue,Beige,None reported,Yes,28000.0,11,5637.25,1,0,2333.3333333333335
Lexus,LC 500 Base,2021,915,Gasoline,471.0HP 5.0L 8 Cylinder Engine Gasoline Fuel,10-Speed A/T,Blue,White,None reported,Yes,159000.0,5,152.5,1,0,26500.0
Mazda,MX-5 Miata Shinsen,2003,46873,Gasoline,142.0HP 1.8L 4 Cylinder Engine Gasoline Fuel,5-Speed M/T,Gray,Blue,None reported,Yes,11500.0,23,1953.0416666666667,0,0,479.1666666666667
Cadillac,Escalade ESV Premium Luxury,2021,53169,Gasoline,420.0HP 6.2L 8 Cylinder Engine Gasoline Fuel,A/T,Black,Black,None reported,Yes,81500.0,5,8861.5,0,0,13583.333333333334
Lexus,GX 460 Premium,2022,35700,Gasoline,301.0HP 4.6L 8 Cylinder Engine Gasoline Fuel,A/T,Silver,Gray,At least 1 accident or damage reported,Yes,51900.0,4,7140.0,1,1,10380.0
Nissan,Pathfinder Platinum,2014,112600,Gasoline,260.0HP 3.5L V6 Cylinder Engine Gasoline Fuel,CVT Transmission,Black,Black,At least 1 accident or damage reported,Yes,13000.0,12,8661.538461538461,0,1,1000.0
GMC,Yukon SLE,2015,112552,Gasoline,5.3L V8 16V GDI OHV,6-Speed Automatic,Onyx Black,Jet Black,At least 1 accident or damage reported,Yes,24440.0,11,9379.333333333334,0,1,2036.6666666666667
BMW,M3 Base,2003,127273,Gasoline,333.0HP 3.2L Straight 6 Cylinder Engine Gasoline Fuel,6-Speed M/T,Silver,Black,None reported,Yes,15000.0,23,5303.041666666667,1,0,625.0
Lexus,IS 250 Base,2007,189887,Gasoline,204.0HP 2.5L V6 Cylinder Engine Gasoline Fuel,A/T,White,–,At least 1 accident or damage reported,Yes,3995.0,19,9494.35,1,1,199.75
BMW,640 i,2012,76465,Gasoline,315.0HP 3.0L Straight 6 Cylinder Engine Gasoline Fuel,8-Speed A/T,White,Beige,At least 1 accident or damage reported,Yes,22500.0,14,5097.666666666667,1,1,1500.0
Mitsubishi,Eclipse Spyder GT,2007,136400,Gasoline,260.0HP 3.8L V6 Cylinder Engine Gasoline Fuel,5-Speed A/T,Red,Gray,At least 1 accident or damage reported,Yes,6750.0,19,6820.0,0,1,337.5
Ford,Thunderbird Deluxe,2004,79635,Gasoline,280.0HP 3.9L 8 Cylinder Engine Gasoline Fuel,A/T,Gray,Black,None reported,Yes,13500.0,22,3462.391304347826,0,0,586.9565217391304
Tesla,Model Y Long Range,2022,4665,Gasoline,Dual Motor - Standard,Automatic,Silver,Black,None reported,Unknown,46598.0,4,933.0,1,0,9319.6
Buick,Enclave 1XL,2011,170000,Gasoline,288.0HP 3.6L V6 Cylinder Engine Gasoline Fuel,6-Speed A/T,Gold,Beige,At least 1 accident or damage reported,Yes,4000.0,15,10625.0,0,1,250.0
Ford,F-150 XLT,2018,67650,Gasoline,375.0HP 3.5L V6 Cylinder Engine Gasoline Fuel,A/T,Blue,Gray,None reported,Yes,30000.0,8,7516.666666666667,0,0,3333.3333333333335
Lexus,ES 350 Base,2016,119850,Gasoline,268.0HP 3.5L V6 Cylinder Engine Gasoline Fuel,A/T,White,Beige,None reported,Yes,19000.0,10,10895.454545454546,1,0,1727.2727272727273
Acura,TL Type S,2008,116500,Gasoline,286.0HP 3.5L V6 Cylinder Engine Gasoline Fuel,6-Speed M/T,Red,Black,None reported,Yes,15999.0,18,6131.578947368421,0,0,842.0526315789474
Mercury,Capri XR2,1993,120644,–,–,5-Speed M/T,Green,Gray,None reported,Yes,4200.0,33,3548.3529411764707,0,0,123.52941176470588
Ford,Transit Connect XLT,2010,169802,Gasoline,2.0L I4 16V MPFI DOHC,4-Speed Automatic,Frozen White,Dark Gray,None reported,Yes,9985.0,16,9988.35294117647,0,0,587.3529411764706
BMW,X3 M40i,2021,36905,Gasoline,382.0HP 3.0L Straight 6 Cylinder Engine Gasoline Fuel,Transmission w/Dual Shift Mode,Blue,Beige,None reported,Yes,50000.0,5,6150.833333333333,1,0,8333.333333333334
Jeep,Gladiator Willys,2022,8400,Gasoline,285.0HP 3.6L V6 Cylinder Engine Gasoline Fuel,8-Speed A/T,Black,Black,At least 1 accident or damage reported,Yes,47000.0,4,1680.0,0,1,9400.0
Hummer,H2 Base,2003,149961,Gasoline,316.0HP 6.0L 8 Cylinder Engine Gasoline Fuel,A/T,Beige,Beige,At least 1 accident or damage reported,Yes,12500.0,23,6248.375,0,1,520.8333333333334
Mercedes-Benz,C-Class C 63 AMG,2014,84500,Gasoline,451.0HP 6.2L 8 Cylinder Engine Gasoline Fuel,7-Speed A/T,White,Black,None reported,Yes,41500.0,12,6500.0,1,0,3192.3076923076924
Lamborghini,Aventador LP700-4,2016,3254,Gasoline,6.5L V12 48V MPFI DOHC,7-Speed Automatic with Auto-Shift,Bianco Isis,Giallo Taurus / Nero Ade,None reported,Unknown,399900.0,10,295.8181818181818,0,0,36354.545454545456
Mercedes-Benz,G-Class G 550 4MATIC,2016,96000,Gasoline,416.0HP 4.0L 8 Cylinder Engine Gasoline Fuel,A/T,Blue,Brown,None reported,Yes,65000.0,10,8727.272727272728,1,0,5909.090909090909
Nissan,GT-R Premium,2009,88000,Gasoline,480.0HP 3.8L V6 Cylinder Engine Gasoline Fuel,Transmission w/Dual Shift Mode,White,White,At least 1 accident or damage reported,Yes,57000.0,17,4888.888888888889,0,1,3166.6666666666665
Audi,R8 4.2 quattro Spyder,2011,35322,Gasoline,4.2L V8 32V GDI DOHC,6-Speed Manual,Phantom Black Pearl Effect / Black Roof,Red,None reported,Unknown,94900.0,15,2207.625,1,0,5931.25
Acura,TLX A-Spec,2020,32500,Gasoline,206.0HP 2.4L 4 Cylinder Engine Gasoline Fuel,A/T,White,Red,None reported,Yes,32000.0,6,4642.857142857143,0,0,4571.428571428572
Audi,A6 3.0T Premium Plus,2016,71280,Gasoline,333.0HP 3.0L V6 Cylinder Engine Gasoline Fuel,A/T,Silver,Black,None reported,Yes,22000.0,10,6480.0,1,0,2000.0
Porsche,Panamera 2,2011,37200,Gasoline,300.0HP 3.6L V6 Cylinder Engine Gasoline Fuel,7-Speed A/T,Black,Beige,None reported,Yes,27500.0,15,2325.0,1,0,1718.75
Saturn,Sky Red Line,2008,94291,Gasoline,260.0HP 2.0L 4 Cylinder Engine Gasoline Fuel,A/T,White,–,None reported,Yes,14500.0,18,4962.684210526316,0,0,763.1578947368421
Maserati,Coupe Cambiocorsa,2006,54082,Gasoline,390.0HP 4.2L 8 Cylinder Engine Gasoline Fuel,Transmission w/Dual Shift Mode,Blue,Beige,None reported,Yes,17000.0,20,2575.3333333333335,0,0,809.5238095238095
Volvo,XC90 Recharge Plug-In Hybrid T8 Inscription 7 Passenger,2022,7800,Plug-In Hybrid,455.0HP 2.0L 4 Cylinder Engine Plug-In Electric/Gas,8-Speed A/T,Black,Beige,None reported,Yes,66000.0,4,1560.0,0,0,13200.0
Jeep,Wrangler Sport,2016,86250,Gasoline,285.0HP 3.6L V6 Cylinder Engine Gasoline Fuel,5-Speed A/T,White,Black,None reported,Yes,22000.0,10,7840.909090909091,0,0,2000.0
BMW,X5 xDrive50i,2016,75479,Gasoline,445.0HP 4.4L 8 Cylinder Engine Gasoline Fuel,Transmission w/Dual Shift Mode,Silver,Black,None reported,Yes,27899.0,10,6861.727272727273,1,0,2536.2727272727275
BMW,750 i,2017,24650,Gasoline,445.0HP 4.4L 8 Cylinder Engine Gasoline Fuel,A/T,Silver,Black,None reported,Yes,50000.0,9,2465.0,1,0,5000.0
Volkswagen,Golf R 4-Door,2013,102750,Gasoline,256.0HP 2.0L 4 Cylinder Engine Gasoline Fuel,6-Speed M/T,Black,Black,None reported,Yes,20000.0,13,7339.285714285715,0,0,1428.5714285714287
Alfa,Romeo Stelvio Base,2018,50000,Gasoline,280.0HP 2.0L 4 Cylinder Engine Gasoline Fuel,A/T,Brown,Brown,None reported,Yes,27500.0,8,5555.555555555556,0,0,3055.5555555555557
BMW,X5 xDrive35i,2017,72700,Gasoline,300.0HP 3.0L Straight 6 Cylinder Engine Gasoline Fuel,A/T,Gray,Black,None reported,Yes,27499.0,9,7270.0,1,0,2749.9
BMW,X6 M Base,2018,54293,Gasoline,567.0HP 4.4L 8 Cylinder Engine Gasoline Fuel,8-Speed A/T,Black,Beige,At least 1 accident or damage reported,Yes,49000.0,8,6032.555555555556,1,1,5444.444444444444
Lexus,IS 300 Base,2018,16000,Gasoline,260.0HP 3.5L V6 Cylinder Engine Gasoline Fuel,6-Speed A/T,Blue,Brown,At least 1 accident or damage reported,Yes,30500.0,8,1777.7777777777778,1,1,3388.8888888888887
Lamborghini,Gallardo SE,2006,19500,Gasoline,493.0HP 5.0L 10 Cylinder Engine Gasoline Fuel,6-Speed A/T,Green,Yellow,None reported,Yes,129000.0,20,928.5714285714286,0,0,6142.857142857143
BMW,428 i,2014,71000,Gasoline,240.0HP 2.0L 4 Cylinder Engine Gasoline Fuel,Transmission w/Dual Shift Mode,White,Black,At least 1 accident or damage reported,Yes,16700.0,12,5461.538461538462,1,1,1284.6153846153845
BMW,X5 xDrive40i,2019,60000,Gasoline,335.0HP 3.0L Straight 6 Cylinder Engine Gasoline Fuel,8-Speed A/T,White,Beige,None reported,Yes,36500.0,7,7500.0,1,0,4562.5
Porsche,Boxster Base,1998,75539,Gasoline,201.0HP 2.5L Flat 6 Cylinder Engine Gasoline Fuel,5-Speed M/T,Blue,Beige,None reported,Yes,11995.0,28,2604.793103448276,1,0,413.62068965517244
Alfa,Romeo Giulia Base,2017,36000,Gasoline,280.0HP 2.0L 4 Cylinder Engine Gasoline Fuel,8-Speed A/T,White,Red,None reported,Yes,21000.0,9,3600.0,0,0,2100.0
Mercedes-Benz,C-Class C 300,2019,76422,Gasoline,2.0 Liter Turbo,Automatic,Black,Black,None reported,Unknown,28998.0,7,9552.75,1,0,3624.75
Nissan,370Z NISMO Tech,2016,42600,Gasoline,350.0HP 3.7L V6 Cylinder Engine Gasoline Fuel,7-Speed A/T,Red,Black,At least 1 accident or damage reported,Yes,31950.0,10,3872.7272727272725,0,1,2904.5454545454545
Rivian,R1S Adventure Package,2023,211,Gasoline,835.0HP Electric Motor Electric Fuel System,A/T,Blue,Black,None reported,Yes,99000.0,3,52.75,0,0,24750.0
Chevrolet,Suburban LT,2017,98888,Gasoline,6.0L 8 Cylinder Engine Gasoline Fuel,A/T,White,Black,At least 1 accident or damage reported,Yes,29000.0,9,9888.8,0,1,2900.0
Ford,Fusion Hybrid SE,2019,64532,Hybrid,188.0HP 2.0L 4 Cylinder Engine Gas/Electric Hybrid,A/T,Silver,Gray,At least 1 accident or damage reported,Yes,19395.0,7,8066.5,0,1,2424.375
BMW,X3 xDrive35i,2011,75500,Gasoline,300.0HP 3.0L Straight 6 Cylinder Engine Gasoline Fuel,A/T,White,Black,None reported,Yes,12975.0,15,4718.75,1,0,810.9375
Buick,Envision Preferred,2019,32000,Gasoline,197.0HP 2.5L 4 Cylinder Engine Gasoline Fuel,A/T,Black,Beige,None reported,Yes,27000.0,7,4000.0,0,0,3375.0
Buick,Envision Essence,2019,47839,Gasoline,2.5L I4 16V GDI DOHC,6-Speed Automatic,Summit White,Ebony,None reported,Yes,24991.0,7,5979.875,0,0,3123.875
Porsche,Cayenne GTS,2013,98413,Gasoline,420.0HP 4.8L 8 Cylinder Engine Gasoline Fuel,Transmission w/Dual Shift Mode,Green,Black,At least 1 accident or damage reported,Yes,34900.0,13,7029.5,1,1,2492.8571428571427
Audi,RS 5 2.9T,2022,9628,Gasoline,444.0HP 2.9L V6 Cylinder Engine Gasoline Fuel,8-Speed A/T,White,Black,None reported,Yes,78500.0,4,1925.6,1,0,15700.0
Jaguar,XK8 Base,1999,15000,Gasoline,290.0HP 4.0L 8 Cylinder Engine Gasoline Fuel,5-Speed A/T,Green,Beige,None reported,Yes,16370.0,27,535.7142857142857,1,0,584.6428571428571
Audi,R8 5.2 V10,2021,6397,Gasoline,5.2L V10 40V PDI DOHC,7-Speed Automatic with Auto-Shift,Kemora Gray Metallic,Black / Express Red,None reported,Unknown,172900.0,5,1066.1666666666667,1,0,28816.666666666668
Honda,Pilot Black Edition,2022,22564,Gasoline,3.5 Liter,Automatic,Platinum White Pearl,Black,None reported,Unknown,44998.0,4,4512.8,0,0,8999.6
Lexus,RX 350 Crafted Line F Sport,2015,110000,Gasoline,270.0HP 3.5L V6 Cylinder Engine Gasoline Fuel,Transmission w/Dual Shift Mode,White,Black,None reported,Yes,28000.0,11,9166.666666666666,1,0,2333.3333333333335
Mercedes-Benz,Sprinter 3500 High Roof,2022,105,Diesel,161.0HP 2.0L 4 Cylinder Engine Diesel Fuel,7-Speed A/T,Black,Orange,None reported,Yes,200000.0,4,21.0,1,0,40000.0
Toyota,4Runner Limited,2004,186117,Gasoline,245.0HP 4.0L V6 Cylinder Engine Gasoline Fuel,A/T,Black,Beige,None reported,Yes,13000.0,22,8092.04347826087,0,0,565.2173913043479
Jeep,Wrangler Sport,2002,103500,Gasoline,190.0HP 4.0L Straight 6 Cylinder Engine Gasoline Fuel,M/T,Yellow,Gray,None reported,Yes,12500.0,24,4140.0,0,0,500.0
Cadillac,CT6-V 4.2L Blackwing Twin Turbo,2019,8074,Gasoline,4.2L V8 32V GDI DOHC Twin Turbo,10-Speed Automatic,Manhattan Noir Metallic,Jet Black,None reported,Unknown,76700.0,7,1009.25,0,0,9587.5
BMW,M3 Base,2011,43000,Gasoline,414.0HP 4.0L 8 Cylinder Engine Gasoline Fuel,6-Speed M/T,Black,Black,None reported,Yes,50900.0,15,2687.5,1,0,3181.25
BMW,750 i,2015,70700,Gasoline,445.0HP 4.4L 8 Cylinder Engine Gasoline Fuel,8-Speed A/T,Blue,Black,At least 1 accident or damage reported,Yes,23000.0,11,5891.666666666667,1,1,1916.6666666666667
Chevrolet,Trailblazer RS,2022,42479,Gasoline,1.3L I3 12V GDI DOHC Turbo,9-Speed Automatic,Mosaic Black Metallic,Jet Black,None reported,Yes,28495.0,4,8495.8,0,0,5699.0
Ford,Excursion XLT 4WD,2000,205000,Gasoline,310.0HP 6.8L 10 Cylinder Engine Gasoline Fuel,A/T,Black,Gray,At least 1 accident or damage reported,Yes,9950.0,26,7592.592592592592,0,1,368.51851851851853
Audi,SQ5 3.0T Premium Plus,2019,22300,Gasoline,349.0HP 3.0L V6 Cylinder Engine Gasoline Fuel,8-Speed A/T,Blue,Gray,None reported,Yes,38999.0,7,2787.5,1,0,4874.875
Ford,Expedition EL Limited,2017,104000,Gasoline,365.0HP 3.5L V6 Cylinder Engine Gasoline Fuel,A/T,Black,Black,At least 1 accident or damage reported,Yes,19995.0,9,10400.0,0,1,1999.5
Ford,Bronco Sport Base,2022,13865,Gasoline,1.5L I3 12V PDI DOHC Turbo,8-Speed Automatic,Shadow Black,Ebony,None reported,Yes,29182.0,4,2773.0,0,0,5836.4
BMW,M4 Competition xDrive,2022,15882,Gasoline,503.0HP 3.0L Straight 6 Cylinder Engine Gasoline Fuel,8-Speed A/T,Red,Silver,None reported,Yes,84995.0,4,3176.4,1,0,16999.0
Land,Rover Defender,2022,12209,Gasoline,5.0L V8 32V GDI DOHC Supercharged,8-Speed Automatic,Black,Black,None reported,Unknown,104900.0,4,2441.8,1,0,20980.0
Mercedes-Benz,AMG GLC 43 AMG GLC 43,2021,10483,Gasoline,3.0 Liter Twin Turbo,Automatic,Graphite Grey Metallic,Black w/Red Stitching,None reported,Unknown,60998.0,5,1747.1666666666667,1,0,10166.333333333334
Nissan,GT-R Premium,2017,31150,Gasoline,565.0HP 3.8L V6 Cylinder Engine Gasoline Fuel,Transmission w/Dual Shift Mode,Orange,Black,None reported,Yes,113000.0,9,3115.0,0,0,11300.0
Chrysler,200 C,2015,44000,E85 Flex Fuel,295.0HP 3.6L V6 Cylinder Engine Flex Fuel Capability,A/T,White,Black,At least 1 accident or damage reported,Yes,12700.0,11,3666.6666666666665,0,1,1058.3333333333333
Hummer,H2 Base,2003,109000,Gasoline,316.0HP 6.0L 8 Cylinder Engine Gasoline Fuel,A/T,Beige,Beige,None reported,Yes,17500.0,23,4541.666666666667,0,0,729.1666666666666
BMW,M4 Base,2020,31350,Gasoline,425.0HP 3.0L Straight 6 Cylinder Engine Gasoline Fuel,Transmission w/Dual Shift Mode,Gray,Orange,None reported,Yes,62450.0,6,4478.571428571428,1,0,8921.42857142857
Audi,Q8 55 Premium Plus,2021,30000,Hybrid,335.0HP 3.0L V6 Cylinder Engine Gasoline/Mild Electric Hybrid,8-Speed A/T,Black,Black,None reported,Yes,62000.0,5,5000.0,1,0,10333.333333333334
Land,Rover Range Rover HSE,2012,66500,Gasoline,385.0HP 5.0L 8 Cylinder Engine Gasoline Fuel,A/T,Silver,Black,None reported,Yes,19950.0,14,4433.333333333333,1,0,1330.0
Nissan,Frontier SV,2012,96600,Gasoline,261.0HP 4.0L V6 Cylinder Engine Gasoline Fuel,A/T,Beige,Black,At least 1 accident or damage reported,Yes,17000.0,14,6440.0,0,1,1133.3333333333333
Toyota,Highlander LE Plus,2015,198000,Gasoline,270.0HP 3.5L V6 Cylinder Engine Gasoline Fuel,A/T,White,Gray,None reported,Yes,14000.0,11,16500.0,0,0,1166.6666666666667
Audi,S4 3.0T Premium Plus,2013,91877,Gasoline,333.0HP 3.0L V6 Cylinder Engine Gasoline Fuel,A/T,Black,Red,At least 1 accident or damage reported,Yes,24000.0,13,6562.642857142857,1,1,1714.2857142857142
Ford,Expedition Max Limited,2018,45578,Gasoline,375.0HP 3.5L V6 Cylinder Engine Gasoline Fuel,10-Speed A/T,White,–,None reported,Yes,45023.0,8,5064.222222222223,0,0,5002.555555555556
BMW,228 i,2015,54000,Gasoline,240.0HP 2.0L 4 Cylinder Engine Gasoline Fuel,6-Speed M/T,Black,Red,At least 1 accident or damage reported,Yes,19996.0,11,4500.0,1,1,1666.3333333333333
Land,Rover Range Rover Sport HST MHEV,2020,52000,Hybrid,395.0HP 3.0L Straight 6 Cylinder Engine Gasoline/Mild Electric Hybrid,8-Speed A/T,Gray,Black,None reported,Yes,55000.0,6,7428.571428571428,1,0,7857.142857142857
Mercedes-Benz,E-Class AMG E 53,2020,23044,Hybrid,3.0 Liter Turbo,Automatic,Emerald Green Metallic,Black/Saddle Brown,None reported,Unknown,72598.0,6,3292.0,1,0,10371.142857142857
Porsche,911 Carrera,2008,132500,Gasoline,325.0HP 3.6L Flat 6 Cylinder Engine Gasoline Fuel,6-Speed M/T,Black,Black,None reported,Yes,35000.0,18,6973.684210526316,1,0,1842.1052631578948
Dodge,Dakota SLT Quad Cab,2006,256000,Gasoline,4.7L 8 Cylinder Engine Gasoline Fuel,A/T,Black,Gray,None reported,Yes,4000.0,20,12190.47619047619,0,0,190.47619047619048
Mercedes-Benz,SL-Class SL63 AMG Roadster,2009,31370,Gasoline,518.0HP 6.3L 8 Cylinder Engine Gasoline Fuel,Transmission w/Dual Shift Mode,White,Brown,None reported,Yes,65700.0,17,1742.7777777777778,1,0,3650.0
Chrysler,Sebring LX,2008,67303,Gasoline,173.0HP 2.4L 4 Cylinder Engine Gasoline Fuel,A/T,Blue,Blue,None reported,Yes,4900.0,18,3542.2631578947367,0,0,257.89473684210526
Chevrolet,Corvette Stingray w/3LT,2021,12000,Gasoline,490.0HP 6.2L 8 Cylinder Engine Gasoline Fuel,A/T,Blue,Black,At least 1 accident or damage reported,Yes,99900.0,5,2000.0,0,1,16650.0
Ford,Bronco Outer Banks,2023,16500,Gasoline,275.0HP 2.3L 4 Cylinder Engine Gasoline Fuel,A/T,Blue,Gray,None reported,Yes,54000.0,3,4125.0,0,0,13500.0
Toyota,Tacoma TRD Pro,2018,28800,Gasoline,"3.5L V-6 port/direct injection, DOHC, VVT-iE variable valve cont","Manual, 6-Spd",–,Black,None reported,Unknown,42900.0,8,3200.0,0,0,4766.666666666667
RAM,ProMaster 2500 High Roof,2019,88000,Gasoline,280.0HP 3.6L V6 Cylinder Engine Gasoline Fuel,6-Speed A/T,White,Black,At least 1 accident or damage reported,Yes,39900.0,7,11000.0,0,1,4987.5
Ford,Shelby GT350 Base,2018,18515,Gasoline,526.0HP 5.2L 8 Cylinder Engine Gasoline Fuel,6-Speed M/T,White,Black,At least 1 accident or damage reported,Yes,60867.0,8,2057.222222222222,0,1,6763.0
Tesla,Model 3 Performance,2018,92813,Gasoline,271.0HP Electric Motor Electric Fuel System,1-Speed A/T,Red,Black,None reported,Yes,30499.0,8,10312.555555555555,1,0,3388.777777777778
Land,Rover Range Rover P530 SE LWB 7 Seat,2023,2100,Gasoline,523.0HP 4.4L 8 Cylinder Engine Gasoline Fuel,8-Speed A/T,Gray,Beige,None reported,Yes,172000.0,3,525.0,1,0,43000.0
Volvo,XC60 T6 Inscription,2019,58600,Gasoline,330.0HP 2.0L 4 Cylinder Engine Gasoline Fuel,A/T,White,White,At least 1 accident or damage reported,Yes,29000.0,7,7325.0,0,1,3625.0
Lexus,LS 460 Crafted Line,2015,74500,Gasoline,386.0HP 4.6L 8 Cylinder Engine Gasoline Fuel,Transmission w/Dual Shift Mode,White,Red,None reported,Yes,33900.0,11,6208.333333333333,1,0,2825.0
Tesla,Model S 100D,2018,33500,Gasoline,518.0HP Electric Motor Electric Fuel System,A/T,Gray,Black,None reported,Yes,51900.0,8,3722.222222222222,1,0,5766.666666666667
Cadillac,XT6 Premium Luxury AWD,2023,222,Gasoline,310.0HP 3.6L V6 Cylinder Engine Gasoline Fuel,A/T,White,Black,None reported,Yes,69000.0,3,55.5,0,0,17250.0
Chevrolet,Avalanche 1500 LTZ,2007,75124,E85 Flex Fuel,310.0HP 5.3L 8 Cylinder Engine Flex Fuel Capability,A/T,Red,Gray,None reported,Yes,16499.0,19,3756.2,0,0,824.95
Chevrolet,Corvette Grand Sport,2013,15500,Gasoline,430.0HP 6.2L 8 Cylinder Engine Gasoline Fuel,Transmission w/Dual Shift Mode,White,Blue,None reported,Yes,45000.0,13,1107.142857142857,0,0,3214.285714285714
Audi,Q8 55 Premium,2020,34300,Hybrid,335.0HP 3.0L V6 Cylinder Engine Gasoline/Mild Electric Hybrid,8-Speed A/T,Gray,Brown,None reported,Yes,52500.0,6,4900.0,1,0,7500.0
Honda,Odyssey Elite,2019,82000,Gasoline,280.0HP 3.5L V6 Cylinder Engine Gasoline Fuel,10-Speed A/T,Silver,Black,None reported,Yes,32471.0,7,10250.0,0,0,4058.875
Acura,TLX,2023,3389,Gasoline,2.0 Liter DOHC Turbo,Automatic,Platinum White Pearl,Black,None reported,Unknown,38598.0,3,847.25,0,0,9649.5
Porsche,Cayenne GTS Coupe AWD,2023,10000,Gasoline,453.0HP 4.0L 8 Cylinder Engine Gasoline Fuel,8-Speed A/T,Gray,Black,None reported,Yes,145000.0,3,2500.0,1,0,36250.0
Cadillac,STS V6,2005,96000,Gasoline,260.0HP 3.6L V6 Cylinder Engine Gasoline Fuel,A/T,Beige,Brown,At least 1 accident or damage reported,Yes,4999.0,21,4363.636363636364,0,1,227.22727272727272
Dodge,Charger R/T,2021,7751,Gasoline,370.0HP 5.7L 8 Cylinder Engine Gasoline Fuel,8-Speed A/T,Black,Black,None reported,Yes,41950.0,5,1291.8333333333333,0,0,6991.666666666667
Audi,RS 7 4.0T Performance Prestige,2017,66250,Gasoline,605.0HP 4.0L 8 Cylinder Engine Gasoline Fuel,8-Speed A/T,Gray,Gray,At least 1 accident or damage reported,Yes,59200.0,9,6625.0,1,1,5920.0
Lexus,CT 200h Premium,2012,109000,Hybrid,134.0HP 1.8L 4 Cylinder Engine Gas/Electric Hybrid,A/T,White,Black,At least 1 accident or damage reported,Yes,14945.0,14,7266.666666666667,1,1,996.3333333333334
Hyundai,Genesis Coupe 3.8 Base,2015,60000,Gasoline,348.0HP 3.8L V6 Cylinder Engine Gasoline Fuel,Transmission w/Dual Shift Mode,Black,Black,None reported,Yes,17000.0,11,5000.0,0,0,1416.6666666666667
Tesla,Model S Performance,2020,14700,Gasoline,778.0HP Electric Motor Electric Fuel System,1-Speed A/T,Gray,Black,None reported,Yes,63000.0,6,2100.0,1,0,9000.0
Mercedes-Benz,E-Class E 350 4MATIC,2022,9006,Gasoline,255.0HP 2.0L 4 Cylinder Engine Gasoline Fuel,9-Speed A/T,Black,Black,None reported,Yes,56999.0,4,1801.2,1,0,11399.8
Toyota,GR86 Base,2022,13400,Gasoline,228.0HP 2.4L 4 Cylinder Engine Gasoline Fuel,6-Speed A/T,Silver,Black,None reported,Yes,33499.0,4,2680.0,0,0,6699.8
Porsche,Macan S,2020,28570,Gasoline,3.0 Liter Turbo,Automatic,White,Black,None reported,Unknown,55998.0,6,4081.4285714285716,1,0,7999.714285714285
Dodge,Durango SRT,2018,78000,Gasoline,475.0HP 6.4L 8 Cylinder Engine Gasoline Fuel,Transmission w/Dual Shift Mode,White,Black,At least 1 accident or damage reported,Yes,44700.0,8,8666.666666666666,0,1,4966.666666666667
Lexus,LX 570 Base,2013,134000,Gasoline,383.0HP 5.7L 8 Cylinder Engine Gasoline Fuel,A/T,Gray,Black,At least 1 accident or damage reported,Yes,29995.0,13,9571.42857142857,1,1,2142.5
Kia,Optima Hybrid EX,2013,104994,Hybrid,199.0HP 2.4L 4 Cylinder Engine Gas/Electric Hybrid,6-Speed A/T,Black,Beige,None reported,Yes,9000.0,13,7499.571428571428,0,0,642.8571428571429
Bentley,Continental GT V8 S,2016,31500,Gasoline,521.0HP 4.0L 8 Cylinder Engine Gasoline Fuel,8-Speed A/T,Black,Beige,None reported,Yes,103900.0,10,2863.6363636363635,0,0,9445.454545454546
Alfa,Romeo Giulia Base,2020,30000,Gasoline,280.0HP 2.0L 4 Cylinder Engine Gasoline Fuel,8-Speed A/T,Black,–,None reported,Yes,28900.0,6,4285.714285714285,0,0,4128.571428571428
Lexus,LX 600 F SPORT,2023,490,Gasoline,409.0HP 3.4L V6 Cylinder Engine Gasoline Fuel,A/T,Black,Black,None reported,Yes,124999.0,3,122.5,1,0,31249.75
Porsche,Taycan Turbo,2020,18000,Gasoline,616.0HP Electric Motor Electric Fuel System,A/T,Silver,Black,None reported,Yes,105000.0,6,2571.4285714285716,1,0,15000.0
Toyota,Sequoia Limited,2017,67000,E85 Flex Fuel,381.0HP 5.7L 8 Cylinder Engine Flex Fuel Capability,6-Speed A/T,Silver,Gray,None reported,Yes,37999.0,9,6700.0,0,0,3799.9
Kia,K5 EX,2021,8263,Gasoline,180.0HP 1.6L 4 Cylinder Engine Gasoline Fuel,A/T,Gray,White,None reported,Yes,29000.0,5,1377.1666666666667,0,0,4833.333333333333
RAM,1500 Big Horn,2021,35003,Gasoline,5.7L V8 16V MPFI OHV,8-Speed Automatic,Bright White Clearcoat,Diesel Gray / Black,None reported,Yes,40999.0,5,5833.833333333333,0,0,6833.166666666667
Chevrolet,Corvette Base,2008,80000,Gasoline,430.0HP 6.2L 8 Cylinder Engine Gasoline Fuel,6-Speed A/T,Red,Beige,None reported,Yes,31000.0,18,4210.526315789473,0,0,1631.578947368421
Chevrolet,Corvette Stingray w/1LT,2022,6200,Gasoline,490.0HP 6.2L 8 Cylinder Engine Gasoline Fuel,Transmission w/Dual Shift Mode,Brown,Black,None reported,Yes,99999.0,4,1240.0,0,0,19999.8
Jaguar,F-TYPE S,2014,74595,Gasoline,495.0HP 5.0L 8 Cylinder Engine Gasoline Fuel,8-Speed A/T,Green,Black,At least 1 accident or damage reported,Yes,32450.0,12,5738.076923076923,1,1,2496.153846153846
Audi,A7 3.0T Prestige,2013,87066,Gasoline,310.0HP 3.0L V6 Cylinder Engine Gasoline Fuel,8-Speed A/T,Silver,Black,None reported,Yes,20999.0,13,6219.0,1,0,1499.9285714285713
Audi,Q8 3.0T Prestige,2019,38360,Gasoline,3.0L V6 24V GDI DOHC Turbo,8-Speed Automatic,Orca Black Metallic,Black,None reported,Unknown,49936.0,7,4795.0,1,0,6242.0
Kia,Telluride SX,2020,38000,Gasoline,291.0HP 3.8L V6 Cylinder Engine Gasoline Fuel,8-Speed A/T,Green,Beige,None reported,Yes,41999.0,6,5428.571428571428,0,0,5999.857142857143
Toyota,Camry Hybrid XLE,2018,69641,Hybrid,208.0HP 2.5L 4 Cylinder Engine Gas/Electric Hybrid,CVT Transmission,White,Black,At least 1 accident or damage reported,Yes,23995.0,8,7737.888888888889,0,1,2666.1111111111113
Toyota,GR86 Premium,2022,1275,Gasoline,228.0HP 2.4L 4 Cylinder Engine Gasoline Fuel,6-Speed A/T,Blue,Black,None reported,Yes,47999.0,4,255.0,0,0,9599.8
BMW,M3 Base,2001,60000,Gasoline,333.0HP 3.2L Straight 6 Cylinder Engine Gasoline Fuel,6-Speed M/T,Black,Gray,None reported,Yes,25000.0,25,2307.6923076923076,1,0,961.5384615384615
Jeep,Wrangler Rubicon,2014,99450,Gasoline,285.0HP 3.6L V6 Cylinder Engine Gasoline Fuel,6-Speed M/T,Gray,Black,None reported,Yes,21000.0,12,7650.0,0,0,1615.3846153846155
Toyota,Tundra Hybrid Capstone,2023,200,Hybrid,437.0HP 3.4L V6 Cylinder Engine Gas/Electric Hybrid,10-Speed A/T,Blue,White,None reported,Yes,82500.0,3,50.0,0,0,20625.0
Porsche,Panamera 4 Edition,2016,68000,Gasoline,310.0HP 3.6L V6 Cylinder Engine Gasoline Fuel,Transmission w/Dual Shift Mode,Gray,Black,At least 1 accident or damage reported,Yes,32950.0,10,6181.818181818182,1,1,2995.4545454545455
Lexus,GS 350 Base,2010,212000,Gasoline,303.0HP 3.5L V6 Cylinder Engine Gasoline Fuel,A/T,Gray,Black,At least 1 accident or damage reported,Yes,9450.0,16,12470.588235294117,1,1,555.8823529411765
GMC,Sierra 3500 Denali,2019,73091,Diesel,445.0HP 6.6L 8 Cylinder Engine Diesel Fuel,A/T,White,Black,At least 1 accident or damage reported,Yes,58500.0,7,9136.375,0,1,7312.5
Kia,Niro Plug-In Hybrid EX,2023,9400,Plug-In Hybrid,180.0HP 1.6L 4 Cylinder Engine Plug-In Electric/Gas,A/T,Black,Black,None reported,Yes,31500.0,3,2350.0,0,0,7875.0
Porsche,Cayenne Base,2014,117697,Gasoline,300.0HP 3.6L V6 Cylinder Engine Gasoline Fuel,8-Speed A/T,Black,Black,At least 1 accident or damage reported,Yes,16975.0,12,9053.615384615385,1,1,1305.7692307692307
Mercedes-Benz,S-Class S 65 AMG,2015,95428,Gasoline,621.0HP 6.0L 12 Cylinder Engine Gasoline Fuel,A/T,Silver,Silver,None reported,Yes,55000.0,11,7952.333333333333,1,0,4583.333333333333
Lexus,GX 460 Premium,2017,116300,Gasoline,301.0HP 4.6L 8 Cylinder Engine Gasoline Fuel,6-Speed A/T,Gray,Beige,None reported,Yes,31950.0,9,11630.0,1,0,3195.0
Acura,MDX Sport Hybrid 3.0L w/Technology Package,2019,56778,Hybrid,321.0HP 3.0L V6 Cylinder Engine Gas/Electric Hybrid,7-Speed A/T,Black,Black,None reported,Yes,41899.0,7,7097.25,0,0,5237.375
Audi,Q5 S line Premium Plus,2023,5682,Hybrid,2.0 Liter TFSI,Automatic,Chronos Gray,Gray,None reported,Unknown,48698.0,3,1420.5,1,0,12174.5
BMW,530 i,2017,37000,Gasoline,248.0HP 2.0L 4 Cylinder Engine Gasoline Fuel,A/T,Gray,Black,None reported,Yes,31000.0,9,3700.0,1,0,3100.0
Kia,Forte Koup EX,2015,103748,Gasoline,173.0HP 2.0L 4 Cylinder Engine Gasoline Fuel,A/T,Gray,Gray,None reported,Yes,8500.0,11,8645.666666666666,0,0,708.3333333333334
Toyota,Sequoia Limited,2005,86000,Gasoline,282.0HP 4.7L 8 Cylinder Engine Gasoline Fuel,A/T,Silver,–,None reported,Yes,22500.0,21,3909.090909090909,0,0,1022.7272727272727
Land,Rover LR4 HSE,2013,125900,Gasoline,375.0HP 5.0L 8 Cylinder Engine Gasoline Fuel,A/T,Black,Beige,None reported,Yes,21000.0,13,8992.857142857143,1,0,1500.0
Nissan,Titan SV,2023,6200,Gasoline,400.0HP 5.6L 8 Cylinder Engine Gasoline Fuel,9-Speed A/T,Black,Gray,None reported,Yes,48000.0,3,1550.0,0,0,12000.0
Ford,F-250 Lariat,2019,85000,Diesel,450.0HP 6.7L 8 Cylinder Engine Diesel Fuel,6-Speed A/T,Black,Black,At least 1 accident or damage reported,Yes,52500.0,7,10625.0,0,1,6562.5
Mercedes-Benz,AMG GT AMG GT,2017,19324,Gasoline,456.0HP 4.0L 8 Cylinder Engine Gasoline Fuel,Transmission w/Dual Shift Mode,Gray,Beige,None reported,Yes,75000.0,9,1932.4,1,0,7500.0
Cadillac,Escalade Platinum,2018,49273,Gasoline,420.0HP 6.2L 8 Cylinder Engine Gasoline Fuel,A/T,Red,Black,None reported,Yes,54000.0,8,5474.777777777777,0,0,6000.0
Tesla,Model 3 Standard Range Plus,2019,42094,Gasoline,Electric Motor Electric Fuel System,A/T,White,White,None reported,Yes,32000.0,7,5261.75,1,0,4000.0
BMW,M3 Base,2017,44000,Gasoline,425.0HP 3.0L Straight 6 Cylinder Engine Gasoline Fuel,7-Speed A/T,Blue,Black,None reported,Yes,55000.0,9,4400.0,1,0,5500.0
Chevrolet,Cruze LT,2012,148377,Gasoline,138.0HP 1.4L 4 Cylinder Engine Gasoline Fuel,6-Speed A/T,Blue,Black,Unknown,Unknown,5500.0,14,9891.8,0,1,366.6666666666667
Dodge,Challenger SRT8,2010,70000,Gasoline,425.0HP 6.1L 8 Cylinder Engine Gasoline Fuel,6-Speed M/T,Orange,Black,None reported,Yes,22000.0,16,4117.64705882353,0,0,1294.1176470588234
Mercedes-Benz,Sprinter 2500,2016,143290,Diesel,161.0HP 2.1L 4 Cylinder Engine Diesel Fuel,A/T,White,Black,None reported,Yes,33490.0,10,13026.363636363636,1,0,3044.5454545454545
Ford,F-350 Platinum,2019,69205,Diesel,450.0HP 6.7L 8 Cylinder Engine Diesel Fuel,Transmission w/Dual Shift Mode,White,Black,None reported,Yes,73500.0,7,8650.625,0,0,9187.5
Chevrolet,Tahoe LTZ,2015,123500,Gasoline,355.0HP 5.3L 8 Cylinder Engine Gasoline Fuel,6-Speed A/T,White,Brown,None reported,Yes,25650.0,11,10291.666666666666,0,0,2137.5
Audi,Q7 3.0T Prestige,2018,70773,Gasoline,333.0HP 3.0L V6 Cylinder Engine Gasoline Fuel,A/T,White,Black,None reported,Yes,30950.0,8,7863.666666666667,1,0,3438.8888888888887
Jeep,Patriot Latitude,2015,109000,Gasoline,158.0HP 2.0L 4 Cylinder Engine Gasoline Fuel,A/T,Gray,Gray,At least 1 accident or damage reported,Yes,7599.0,11,9083.333333333334,0,1,633.25
INFINITI,QX70 Base,2014,71097,Gasoline,325.0HP 3.7L V6 Cylinder Engine Gasoline Fuel,7-Speed A/T,Black,Black,None reported,Yes,18995.0,12,5469.0,0,0,1461.1538461538462
BMW,X5 xDrive35i,2013,76309,Gasoline,300.0HP 3.0L Straight 6 Cylinder Engine Gasoline Fuel,A/T,Silver,Black,Unknown,Unknown,12000.0,13,5450.642857142857,1,1,857.1428571428571
Tesla,Model 3,2018,26609,Gasoline,Electric,Automatic,Gray,–,None reported,Unknown,36998.0,8,2956.5555555555557,1,0,4110.888888888889
Land,Rover Range Rover P400 SE LWB 7 Seat,2023,4126,Hybrid,395.0HP 3.0L Straight 6 Cylinder Engine Gasoline/Mild Electric Hybrid,A/T,Black,Beige,Unknown,Unknown,155000.0,3,1031.5,1,1,38750.0
Nissan,240SX Base,1996,160490,–,–,5-Speed M/T,Gray,Black,None reported,Yes,15500.0,30,5177.096774193548,0,0,500.0
Cadillac,ATS 2.5L,2014,80400,Gasoline,202.0HP 2.5L 4 Cylinder Engine Gasoline Fuel,A/T,Silver,Black,At least 1 accident or damage reported,Yes,15000.0,12,6184.615384615385,0,1,1153.8461538461538
Toyota,RAV4 Base,2010,123620,Gasoline,179.0HP 2.5L 4 Cylinder Engine Gasoline Fuel,4-Speed A/T,Black,Black,At least 1 accident or damage reported,Yes,9900.0,16,7271.764705882353,0,1,582.3529411764706
Acura,TSX Technology,2011,187883,Gasoline,201.0HP 2.4L 4 Cylinder Engine Gasoline Fuel,A/T,Red,Beige,None reported,Yes,5500.0,15,11742.6875,0,0,343.75
Mercedes-Benz,G-Class G 550 4MATIC,2020,45000,Gasoline,416.0HP 4.0L 8 Cylinder Engine Gasoline Fuel,A/T,Black,Black,None reported,Yes,133000.0,6,6428.571428571428,1,0,19000.0
Honda,Civic Sport,2022,25420,Gasoline,158.0HP 2.0L 4 Cylinder Engine Gasoline Fuel,CVT Transmission,Red,Gray,None reported,Yes,24500.0,4,5084.0,0,0,4900.0
BMW,M3 Base,2011,129999,Gasoline,414.0HP 4.0L 8 Cylinder Engine Gasoline Fuel,6-Speed M/T,White,Black,None reported,Yes,29999.0,15,8124.9375,1,0,1874.9375
BMW,M3 Base,2008,41048,Gasoline,414.0HP 4.0L 8 Cylinder Engine Gasoline Fuel,Transmission w/Dual Shift Mode,Gray,Beige,None reported,Yes,38490.0,18,2160.4210526315787,1,0,2025.7894736842106
Nissan,Cube 1.8 S,2010,72500,Gasoline,122.0HP 1.8L 4 Cylinder Engine Gasoline Fuel,6-Speed M/T,Brown,Black,None reported,Yes,6750.0,16,4264.705882352941,0,0,397.05882352941177
RAM,ProMaster 3500 Tradesman,2014,143390,Gasoline,280.0HP 3.6L V6 Cylinder Engine Gasoline Fuel,6-Speed A/T,White,–,None reported,Yes,13000.0,12,11030.0,0,0,1000.0
Acura,RDX Base,2018,68425,Gasoline,279.0HP 3.5L V6 Cylinder Engine Gasoline Fuel,6-Speed A/T,Gray,–,At least 1 accident or damage reported,Yes,23500.0,8,7602.777777777777,0,1,2611.1111111111113
Toyota,4Runner Limited,2018,95000,Gasoline,270.0HP 4.0L V6 Cylinder Engine Gasoline Fuel,A/T,Silver,Brown,None reported,Yes,33000.0,8,10555.555555555555,0,0,3666.6666666666665
RAM,1500 Limited,2019,29000,Gasoline,395.0HP 5.7L 8 Cylinder Engine Gasoline Fuel,8-Speed A/T,Gray,Black,At least 1 accident or damage reported,Yes,49500.0,7,3625.0,0,1,6187.5
Chevrolet,Corvette Base,2003,145000,Gasoline,350.0HP 5.7L 8 Cylinder Engine Gasoline Fuel,A/T,Blue,Black,None reported,Yes,22000.0,23,6041.666666666667,0,0,916.6666666666666
Land,Rover Defender 110 SE,2020,29700,Hybrid,395.0HP 3.0L Straight 6 Cylinder Engine Gasoline/Mild Electric Hybrid,8-Speed A/T,Green,Black,Unknown,Unknown,68000.0,6,4242.857142857143,1,1,9714.285714285714
Jeep,Grand Cherokee Laredo,2011,98658,Gasoline,360.0HP 5.7L 8 Cylinder Engine Gasoline Fuel,5-Speed A/T,White,Gray,None reported,Yes,14995.0,15,6166.125,0,0,937.1875
Volvo,S80 T6,2009,97615,Gasoline,281.0HP 3.0L Straight 6 Cylinder Engine Gasoline Fuel,6-Speed A/T,Black,Gray,None reported,Yes,10500.0,17,5423.055555555556,0,0,583.3333333333334
Porsche,Cayenne S,2014,36000,Gasoline,400.0HP 4.8L 8 Cylinder Engine Gasoline Fuel,8-Speed A/T,Black,Beige,None reported,Yes,37000.0,12,2769.230769230769,1,0,2846.153846153846
Mazda,CX-30 Select,2021,61874,Gasoline,2.5L I4 16V GDI DOHC,6-Speed Automatic,Jet Black Mica,Black,None reported,Yes,22389.0,5,10312.333333333334,0,0,3731.5
Chrysler,Town & Country Touring,2012,74582,E85 Flex Fuel,283.0HP 3.6L V6 Cylinder Engine Flex Fuel Capability,6-Speed A/T,Black,–,None reported,Yes,8500.0,14,4972.133333333333,0,0,566.6666666666666
INFINITI,FX37 Base,2013,51500,Gasoline,325.0HP 3.7L V6 Cylinder Engine Gasoline Fuel,A/T,Gray,Black,None reported,Yes,23900.0,13,3678.5714285714284,0,0,1707.142857142857
Toyota,FJ Cruiser Base,2007,193827,Gasoline,239.0HP 4.0L V6 Cylinder Engine Gasoline Fuel,A/T,Silver,Black,None reported,Yes,14950.0,19,9691.35,0,0,747.5
Chevrolet,Silverado 1500 LT,2019,53433,Gasoline,355.0HP 5.3L 8 Cylinder Engine Gasoline Fuel,A/T,Blue,Gray,None reported,Yes,36950.0,7,6679.125,0,0,4618.75
Mercedes-Benz,C-Class C 63 AMG,2012,103000,Gasoline,451.0HP 6.3L 8 Cylinder Engine Gasoline Fuel,7-Speed A/T,Silver,Black,At least 1 accident or damage reported,Yes,40000.0,14,6866.666666666667,1,1,2666.6666666666665
BMW,428 Gran Coupe i xDrive,2016,59000,Gasoline,240.0HP 2.0L 4 Cylinder Engine Gasoline Fuel,Transmission w/Dual Shift Mode,Black,Brown,At least 1 accident or damage reported,Yes,20999.0,10,5363.636363636364,1,1,1909.0
Lexus,GX 460 Premium,2017,82000,Gasoline,301.0HP 4.6L 8 Cylinder Engine Gasoline Fuel,A/T,Gray,Brown,None reported,Yes,32900.0,9,8200.0,1,0,3290.0
Porsche,Panamera Edition,2016,60000,Gasoline,310.0HP 3.6L V6 Cylinder Engine Gasoline Fuel,A/T,Gray,Black,None reported,Yes,45000.0,10,5454.545454545455,1,0,4090.909090909091
Cadillac,Escalade ESV Platinum,2017,93971,Gasoline,420.0HP 6.2L 8 Cylinder Engine Gasoline Fuel,A/T,White,Beige,None reported,Yes,47000.0,9,9397.1,0,0,4700.0
Lexus,IS 350 Base,2015,62600,Gasoline,306.0HP 3.5L V6 Cylinder Engine Gasoline Fuel,Transmission w/Dual Shift Mode,Gray,Red,None reported,Yes,27500.0,11,5216.666666666667,1,0,2291.6666666666665
Mercedes-Benz,E-Class E 350 4MATIC,2014,84450,Gasoline,302.0HP 3.5L V6 Cylinder Engine Gasoline Fuel,7-Speed A/T,Gray,Beige,None reported,Yes,19000.0,12,6496.153846153846,1,0,1461.5384615384614
Audi,Q5 S line Premium,2022,18099,Hybrid,2.0 Liter TFSI,Automatic,Daytona Gray,Gray,None reported,Unknown,40798.0,4,3619.8,1,0,8159.6
Mercedes-Benz,E-Class E 350 4MATIC,2014,76500,Gasoline,302.0HP 3.5L V6 Cylinder Engine Gasoline Fuel,7-Speed A/T,Silver,Black,None reported,Yes,17999.0,12,5884.615384615385,1,0,1384.5384615384614
Chevrolet,Camaro 1LT,2017,74000,Gasoline,275.0HP 2.0L 4 Cylinder Engine Gasoline Fuel,A/T,Yellow,Black,None reported,Yes,19800.0,9,7400.0,0,0,1980.0
RAM,1500 Laramie,2022,15607,Gasoline,5.7L V8 16V MPFI OHV,8-Speed Automatic,Billet Silver Metallic Clearcoat,Black,None reported,Unknown,45999.0,4,3121.4,0,0,9199.8
Chevrolet,Silverado 1500 1LZ,2014,111095,E85 Flex Fuel,355.0HP 5.3L 8 Cylinder Engine Flex Fuel Capability,6-Speed A/T,White,Black,At least 1 accident or damage reported,Yes,26000.0,12,8545.76923076923,0,1,2000.0
Toyota,Camry Solara SLE,2007,37216,Gasoline,210.0HP 3.3L V6 Cylinder Engine Gasoline Fuel,A/T,Red,Beige,At least 1 accident or damage reported,Yes,14995.0,19,1860.8,0,1,749.75
Jaguar,F-TYPE S,2015,25786,Gasoline,380.0HP 3.0L V6 Cylinder Engine Gasoline Fuel,8-Speed A/T,Blue,Gray,None reported,Yes,38500.0,11,2148.8333333333335,1,0,3208.3333333333335
Jeep,Gladiator Sport,2021,15520,Gasoline,3.6L V6 24V MPFI DOHC,8-Speed Automatic,Sting Gray Clearcoat,Black,None reported,Yes,40459.0,5,2586.6666666666665,0,0,6743.166666666667
RAM,1500 Big Horn,2021,49583,Gasoline,5.7L V8 16V MPFI OHV,8-Speed Automatic,Billet Silver Metallic Clearcoat,Black,None reported,Unknown,42816.0,5,8263.833333333334,0,0,7136.0
Porsche,Cayenne Diesel,2015,97300,Diesel,240.0HP 3.0L V6 Cylinder Engine Diesel Fuel,8-Speed A/T,Black,Black,None reported,Yes,29995.0,11,8108.333333333333,1,0,2499.5833333333335
Chevrolet,Camaro Base,2002,89000,Gasoline,200.0HP 3.8L V6 Cylinder Engine Gasoline Fuel,A/T,Silver,Black,None reported,Yes,10400.0,24,3560.0,0,0,416.0
Porsche,Cayenne S,2015,52111,Gasoline,420.0HP 3.6L V6 Cylinder Engine Gasoline Fuel,8-Speed A/T,Black,Black,At least 1 accident or damage reported,Yes,37500.0,11,4342.583333333333,1,1,3125.0
Dodge,Challenger R/T Scat Pack,2019,75800,Gasoline,6.4 Liter,Automatic,Gray,Black,None reported,Unknown,35998.0,7,9475.0,0,0,4499.75
Lexus,ES 350 Base,2010,113500,Gasoline,272.0HP 3.5L V6 Cylinder Engine Gasoline Fuel,A/T,Red,Beige,At least 1 accident or damage reported,Yes,11000.0,16,6676.470588235294,1,1,647.0588235294117
Audi,Q3 2.0T Premium Plus,2015,155382,Gasoline,200.0HP 2.0L 4 Cylinder Engine Gasoline Fuel,A/T,Brown,Gray,At least 1 accident or damage reported,Yes,13500.0,11,12948.5,1,1,1125.0
Mercedes-Benz,E-Class E 550,2016,49643,Gasoline,402.0HP 4.7L 8 Cylinder Engine Gasoline Fuel,7-Speed A/T,White,Black,At least 1 accident or damage reported,Yes,33995.0,10,4513.0,1,1,3090.4545454545455
BMW,650 i xDrive,2015,76474,Gasoline,445.0HP 4.4L 8 Cylinder Engine Gasoline Fuel,Transmission w/Dual Shift Mode,White,Black,None reported,Yes,32000.0,11,6372.833333333333,1,0,2666.6666666666665
Porsche,Cayman Base,2016,10431,Gasoline,275.0HP 2.7L Flat 6 Cylinder Engine Gasoline Fuel,7-Speed A/T,Red,Black,None reported,Yes,50999.0,10,948.2727272727273,1,0,4636.272727272727
INFINITI,FX50 Base,2009,190120,Gasoline,390.0HP 5.0L 8 Cylinder Engine Gasoline Fuel,7-Speed A/T,Gray,Black,At least 1 accident or damage reported,Yes,12500.0,17,10562.222222222223,0,1,694.4444444444445
Ford,F-150 XLT,2020,92000,Gasoline,375.0HP 3.5L V6 Cylinder Engine Gasoline Fuel,10-Speed A/T,Gray,Black,None reported,Yes,29999.0,6,13142.857142857143,0,0,4285.571428571428
Chevrolet,Camaro 2LT,2017,24000,Gasoline,335.0HP 3.6L V6 Cylinder Engine Gasoline Fuel,6-Speed M/T,Yellow,Black,None reported,Yes,32000.0,9,2400.0,0,0,3200.0
RAM,1500 Big Horn,2020,25396,Gasoline,5.7L V8 16V MPFI OHV,8-Speed Automatic,Maximum Steel Metallic,Black,None reported,Yes,43250.0,6,3628.0,0,0,6178.571428571428
Chevrolet,Silverado 2500 H/D,2001,167000,Gasoline,300.0HP 6.0L 8 Cylinder Engine Gasoline Fuel,4-Speed A/T,White,Gray,At least 1 accident or damage reported,Yes,6500.0,25,6423.076923076923,0,1,250.0
RAM,1500 Laramie,2022,18645,Gasoline,5.7L V8 16V MPFI OHV,Automatic,Diamond Black,Black,None reported,Yes,49700.0,4,3729.0,0,0,9940.0
Porsche,911 Turbo,2018,28470,Gasoline,540.0HP 3.8L Flat 6 Cylinder Engine Gasoline Fuel,Transmission w/Dual Shift Mode,White,Black,At least 1 accident or damage reported,Yes,147500.0,8,3163.3333333333335,1,1,16388.88888888889
Ford,Mustang V6,2016,54000,Gasoline,300.0HP 3.7L V6 Cylinder Engine Gasoline Fuel,6-Speed A/T,White,Black,None reported,Yes,23999.0,10,4909.090909090909,0,0,2181.7272727272725
Hyundai,Accent GL,2003,83000,Gasoline,104.0HP 1.6L 4 Cylinder Engine Gasoline Fuel,M/T,Blue,Gray,None reported,Yes,2900.0,23,3458.3333333333335,0,0,120.83333333333333
Audi,Q5 S line Premium Plus,2022,10071,Hybrid,2.0 Liter TFSI,Automatic,Mythos Black Metallic,Black,None reported,Unknown,40598.0,4,2014.2,1,0,8119.6
Ford,F-150 XLT,2021,43329,Gasoline,3.5L V6 24V PDI DOHC Twin Turbo,10-Speed Automatic,Carbonized Gray Metallic,Black,None reported,Yes,43642.0,5,7221.5,0,0,7273.666666666667
Lexus,RC F Base,2015,51400,Gasoline,467.0HP 5.0L 8 Cylinder Engine Gasoline Fuel,8-Speed A/T,Silver,Gray,None reported,Yes,43000.0,11,4283.333333333333,1,0,3583.3333333333335
Chevrolet,Suburban 1500 LT,2015,153800,E85 Flex Fuel,355.0HP 5.3L 8 Cylinder Engine Flex Fuel Capability,6-Speed A/T,Silver,Black,At least 1 accident or damage reported,Yes,23000.0,11,12816.666666666666,0,1,1916.6666666666667
Land,Rover Range Rover Sport SVR Carbon Edition,2022,9000,Gasoline,575.0HP 5.0L 8 Cylinder Engine Gasoline Fuel,A/T,Green,Gray,None reported,Yes,115000.0,4,1800.0,1,0,23000.0
Dodge,Viper SRT-10,2003,10800,Gasoline,500.0HP 8.3L 10 Cylinder Engine Gasoline Fuel,6-Speed M/T,Silver,Black,None reported,Yes,65499.0,23,450.0,0,0,2729.125
RAM,1500 Laramie,2020,10458,Gasoline,5.7L V8 16V MPFI OHV,8-Speed Automatic,Delmonico Red Pearlcoat,Black,None reported,Yes,48815.0,6,1494.0,0,0,6973.571428571428
BMW,328 i,2014,84709,Gasoline,240.0HP 2.0L 4 Cylinder Engine Gasoline Fuel,8-Speed A/T,Silver,Gray,None reported,Yes,13800.0,12,6516.076923076923,1,0,1061.5384615384614
Mercedes-Benz,AMG C 43 AMG C 43 4MATIC,2019,33500,Gasoline,385.0HP 3.0L V6 Cylinder Engine Gasoline Fuel,9-Speed A/T,Red,Black,None reported,Yes,45770.0,7,4187.5,1,0,5721.25
BMW,M4 Base,2015,98000,Gasoline,425.0HP 3.0L Straight 6 Cylinder Engine Gasoline Fuel,Transmission w/Dual Shift Mode,Black,Orange,None reported,Yes,32999.0,11,8166.666666666667,1,0,2749.9166666666665
BMW,750 i,2008,94653,Gasoline,360.0HP 4.8L 8 Cylinder Engine Gasoline Fuel,A/T,Green,Green,At least 1 accident or damage reported,Yes,7300.0,18,4981.736842105263,1,1,384.2105263157895
Ford,Expedition Limited,2023,9281,Gasoline,440.0HP 3.5L V6 Cylinder Engine Gasoline Fuel,A/T,Black,Black,None reported,Yes,85000.0,3,2320.25,0,0,21250.0
Chevrolet,Traverse Premier,2023,11806,Gasoline,310.0HP 3.6L V6 Cylinder Engine Gasoline Fuel,9-Speed A/T,White,Black,None reported,Yes,47000.0,3,2951.5,0,0,11750.0
Mercedes-Benz,E-Class D 2.5 Turbo,1993,70015,–,–,4-Speed A/T,Gray,Gray,None reported,Yes,22500.0,33,2059.264705882353,1,0,661.7647058823529
Cadillac,Escalade Platinum,2020,48613,Gasoline,420.0HP 6.2L 8 Cylinder Engine Gasoline Fuel,A/T,Black,Black,At least 1 accident or damage reported,Yes,61500.0,6,6944.714285714285,0,1,8785.714285714286
RAM,3500 Tradesman,2023,2990,Diesel,400.0HP 6.7L Straight 6 Cylinder Engine Diesel Fuel,A/T,White,Black,At least 1 accident or damage reported,Yes,69900.0,3,747.5,0,1,17475.0
Audi,TT 1.8L,2005,124747,Gasoline,180.0HP 1.8L 4 Cylinder Engine Gasoline Fuel,Transmission w/Dual Shift Mode,Silver,Black,None reported,Yes,6900.0,21,5670.318181818182,1,0,313.6363636363636
RAM,1500 Big Horn,2021,24000,Hybrid,395.0HP 5.7L 8 Cylinder Engine Gasoline/Mild Electric Hybrid,A/T,Silver,Black,None reported,Yes,42000.0,5,4000.0,0,0,7000.0
Mazda,CX-7 Sport,2009,113000,Gasoline,244.0HP 2.3L 4 Cylinder Engine Gasoline Fuel,6-Speed A/T,Gray,Black,None reported,Yes,5499.0,17,6277.777777777777,0,0,305.5
INFINITI,QX60 Base,2017,89106,Gasoline,295.0HP 3.5L V6 Cylinder Engine Gasoline Fuel,Transmission w/Dual Shift Mode,White,Beige,None reported,Yes,18000.0,9,8910.6,0,0,1800.0
Ford,F-250 Platinum,2017,22000,E85 Flex Fuel,385.0HP 6.2L 8 Cylinder Engine Flex Fuel Capability,6-Speed A/T,Beige,Black,At least 1 accident or damage reported,Yes,53000.0,9,2200.0,0,1,5300.0
Jeep,Compass Limited,2022,20472,Gasoline,2.4L I4 16V MPFI SOHC,9-Speed Automatic,Red,Black,None reported,Unknown,28298.0,4,4094.4,0,0,5659.6
INFINITI,QX80 SENSORY,2023,8600,Gasoline,400.0HP 5.6L 8 Cylinder Engine Gasoline Fuel,7-Speed A/T,Black,Brown,Unknown,Unknown,78990.0,3,2150.0,0,1,19747.5
Chevrolet,Silverado 1500 Limited LT Trail Boss,2022,4753,Gasoline,355.0HP 5.3L 8 Cylinder Engine Gasoline Fuel,10-Speed A/T,White,Black,None reported,Yes,57000.0,4,950.6,0,0,11400.0
Hyundai,Genesis Coupe 2.0T,2010,65000,Gasoline,210.0HP 2.0L 4 Cylinder Engine Gasoline Fuel,A/T,Gray,Black,Unknown,Unknown,8900.0,16,3823.529411764706,0,1,523.5294117647059
Chevrolet,Camaro 1SS,2021,15000,Gasoline,455.0HP 6.2L 8 Cylinder Engine Gasoline Fuel,6-Speed M/T,Blue,Gray,None reported,Yes,43500.0,5,2500.0,0,0,7250.0
Chevrolet,Tahoe Base,1997,229000,Diesel,180.0HP 6.5L 8 Cylinder Engine Diesel Fuel,A/T,Green,Beige,At least 1 accident or damage reported,Yes,19500.0,29,7633.333333333333,0,1,650.0
Audi,A6 3.0 TDI Premium Plus,2014,42400,Diesel,240.0HP 3.0L V6 Cylinder Engine Diesel Fuel,8-Speed A/T,Silver,Black,None reported,Yes,26500.0,12,3261.5384615384614,1,0,2038.4615384615386
Land,Rover Defender S,2023,15840,Gasoline,296.0HP 2.0L 4 Cylinder Engine Gasoline Fuel,8-Speed A/T,White,Black,None reported,Yes,69900.0,3,3960.0,1,0,17475.0
Porsche,Cayenne S,2016,76200,Gasoline,420.0HP 3.6L V6 Cylinder Engine Gasoline Fuel,Transmission w/Dual Shift Mode,Gray,Beige,None reported,Yes,42000.0,10,6927.272727272727,1,0,3818.181818181818
Chevrolet,Suburban Premier,2019,105667,Gasoline,355.0HP 5.3L 8 Cylinder Engine Gasoline Fuel,6-Speed A/T,Black,Beige,None reported,Yes,39000.0,7,13208.375,0,0,4875.0
Chevrolet,Suburban Premier,2019,51338,Gasoline,355.0HP 5.3L 8 Cylinder Engine Gasoline Fuel,6-Speed A/T,White,Black,None reported,Yes,49900.0,7,6417.25,0,0,6237.5
Dodge,Dart SE,2016,76857,Gasoline,160.0HP 2.0L 4 Cylinder Engine Gasoline Fuel,M/T,Black,Black,At least 1 accident or damage reported,Yes,8100.0,10,6987.0,0,1,736.3636363636364
Ford,F-250 Lariat,2019,80200,E85 Flex Fuel,385.0HP 6.2L 8 Cylinder Engine Flex Fuel Capability,A/T,White,Black,None reported,Yes,42500.0,7,10025.0,0,0,5312.5
Toyota,Sequoia SR5,2002,244200,Gasoline,240.0HP 4.7L 8 Cylinder Engine Gasoline Fuel,A/T,White,–,At least 1 accident or damage reported,Yes,3950.0,24,9768.0,0,1,158.0
Ford,Mustang GT,2014,38560,Gasoline,420.0HP 5.0L 8 Cylinder Engine Gasoline Fuel,6-Speed M/T,Black,Black,At least 1 accident or damage reported,Yes,28500.0,12,2966.153846153846,0,1,2192.3076923076924
Chevrolet,Corvette Stingray w/2LT,2020,12500,Gasoline,490.0HP 6.2L 8 Cylinder Engine Gasoline Fuel,Transmission w/Dual Shift Mode,Yellow,Black,None reported,Yes,84999.0,6,1785.7142857142858,0,0,12142.714285714286
Hyundai,Genesis Coupe 3.8 Base,2016,45303,Gasoline,348.0HP 3.8L V6 Cylinder Engine Gasoline Fuel,8-Speed A/T,White,Black,None reported,Yes,20999.0,10,4118.454545454545,0,0,1909.0
Ford,Focus ST Base,2014,110000,Gasoline,252.0HP 2.0L 4 Cylinder Engine Gasoline Fuel,6-Speed M/T,Silver,Gray,None reported,Yes,9495.0,12,8461.538461538461,0,0,730.3846153846154
Cadillac,CTS Luxury,2011,66200,Gasoline,270.0HP 3.0L V6 Cylinder Engine Gasoline Fuel,6-Speed A/T,Black,Black,None reported,Yes,16499.0,15,4137.5,0,0,1031.1875
Subaru,Baja Base,2003,71000,Gasoline,165.0HP 2.5L 4 Cylinder Engine Gasoline Fuel,5-Speed M/T,Red,Black,None reported,Yes,14900.0,23,2958.3333333333335,0,0,620.8333333333334
Toyota,Highlander XLE,2019,81301,Gasoline,3.5L V6 24V PDI DOHC,8-Speed Automatic,Black,Black,None reported,Yes,30275.0,7,10162.625,0,0,3784.375
Chevrolet,Corvette Stingray Z51,2019,7033,Gasoline,460.0HP 6.2L 8 Cylinder Engine Gasoline Fuel,8-Speed A/T,White,Black,None reported,Yes,63900.0,7,879.125,0,0,7987.5
Dodge,Durango SRT,2020,36000,Gasoline,475.0HP 6.4L 8 Cylinder Engine Gasoline Fuel,8-Speed A/T,Gray,Red,None reported,Yes,62000.0,6,5142.857142857143,0,0,8857.142857142857
Acura,TSX 2.4,2010,116000,Gasoline,201.0HP 2.4L 4 Cylinder Engine Gasoline Fuel,6-Speed M/T,Silver,Black,At least 1 accident or damage reported,Yes,9000.0,16,6823.529411764706,0,1,529.4117647058823
Chevrolet,Camaro 2SS,2018,42780,Gasoline,455.0HP 6.2L 8 Cylinder Engine Gasoline Fuel,Transmission w/Dual Shift Mode,Black,Black,At least 1 accident or damage reported,Yes,41100.0,8,4753.333333333333,0,1,4566.666666666667
BMW,640 Gran Coupe i,2014,39886,Gasoline,315.0HP 3.0L Straight 6 Cylinder Engine Gasoline Fuel,Transmission w/Dual Shift Mode,Black,Red,At least 1 accident or damage reported,Yes,26000.0,12,3068.153846153846,1,1,2000.0
Audi,S5 3.0T Premium Plus,2014,151400,Gasoline,333.0HP 3.0L V6 Cylinder Engine Gasoline Fuel,Transmission w/Dual Shift Mode,Gray,Black,None reported,Yes,15400.0,12,11646.153846153846,1,0,1184.6153846153845
Alfa,Romeo Giulia Base,2017,48000,Gasoline,280.0HP 2.0L 4 Cylinder Engine Gasoline Fuel,A/T,Red,Black,None reported,Yes,20500.0,9,4800.0,0,0,2050.0
Toyota,Highlander XLE,2023,8727,Gasoline,2.4L I4 16V PDI DOHC Turbo,8-Speed Automatic,Ruby Flare Pearl,Black,None reported,Unknown,44596.0,3,2181.75,0,0,11149.0
Rolls-Royce,Ghost Base,2011,79000,Gasoline,563.0HP 6.6L 12 Cylinder Engine Gasoline Fuel,8-Speed A/T,Black,White,At least 1 accident or damage reported,Yes,80300.0,15,4937.5,0,1,5018.75
Dodge,Challenger R/T,2020,54000,Gasoline,372.0HP 5.7L 8 Cylinder Engine Gasoline Fuel,8-Speed A/T,Gray,Black,None reported,Yes,34000.0,6,7714.285714285715,0,0,4857.142857142857
Porsche,Cayenne Base,2016,110000,Gasoline,300.0HP 3.6L V6 Cylinder Engine Gasoline Fuel,A/T,White,White,At least 1 accident or damage reported,Yes,25900.0,10,10000.0,1,1,2354.5454545454545
Chevrolet,Bolt EV LT,2020,49688,Gasoline,200.0HP Electric Motor Electric Fuel System,A/T,Blue,Gray,None reported,Yes,24900.0,6,7098.285714285715,0,0,3557.1428571428573
Mercedes-Benz,Metris Base,2020,14000,Gasoline,208.0HP 2.0L 4 Cylinder Engine Gasoline Fuel,7-Speed A/T,Black,Beige,None reported,Yes,48000.0,6,2000.0,1,0,6857.142857142857
Dodge,Charger SRT Hellcat Widebody,2023,5000,Gasoline,717.0HP 6.2L 8 Cylinder Engine Gasoline Fuel,Transmission w/Dual Shift Mode,Gray,Black,None reported,Yes,110000.0,3,1250.0,0,0,27500.0
Chevrolet,Silverado 1500 ZR2,2022,11597,Gasoline,6.2L V8 16V GDI OHV,Automatic,Silver Ice Metallic,Jet Black,None reported,Unknown,68590.0,4,2319.4,0,0,13718.0
Mercedes-Benz,AMG S 63 Base 4MATIC,2017,86101,Gasoline,577.0HP 5.5L 8 Cylinder Engine Gasoline Fuel,A/T,Gray,Red,At least 1 accident or damage reported,Yes,72777.0,9,8610.1,1,1,7277.7
Chevrolet,Silverado 1500 LT,2017,58816,Gasoline,5.3L V8 16V GDI OHV,6-Speed Electronically Controlled Automatic with O,Black,Jet Black,None reported,Unknown,36590.0,9,5881.6,0,0,3659.0
Lexus,RC 350 Base,2016,77856,Gasoline,3.5L V6 24V PDI DOHC,6-Speed Automatic,Atomic Silver,Black,None reported,Yes,30919.0,10,7077.818181818182,1,0,2810.818181818182
Lamborghini,Urus Base,2021,20069,Gasoline,4.0L V8 32V GDI DOHC Twin Turbo,8-Speed Automatic,Rosso Mars Metallic,Nero Ade,None reported,Unknown,229900.0,5,3344.8333333333335,0,0,38316.666666666664
GMC,Acadia SLE-1,2015,115282,Gasoline,3.6L V6 24V GDI DOHC,6-Speed Automatic,Crimson Red Tintcoat,Ebony,At least 1 accident or damage reported,Yes,12433.0,11,9606.833333333334,0,1,1036.0833333333333
Porsche,911 GT3,2016,30700,Gasoline,475.0HP 3.8L Flat 6 Cylinder Engine Gasoline Fuel,7-Speed A/T,White,Black,None reported,Yes,138999.0,10,2790.909090909091,1,0,12636.272727272728
MINI,Cooper Base,2003,103726,Gasoline,115.0HP 1.6L 4 Cylinder Engine Gasoline Fuel,5-Speed M/T,Red,Gray,At least 1 accident or damage reported,Yes,5995.0,23,4321.916666666667,0,1,249.79166666666666
Mazda,MX-5 Miata Sport,2008,39800,Gasoline,158.0HP 2.0L 4 Cylinder Engine Gasoline Fuel,Transmission w/Dual Shift Mode,Blue,Black,None reported,Yes,13250.0,18,2094.7368421052633,0,0,697.3684210526316
Toyota,4Runner TRD Off Road,2019,79500,Gasoline,270.0HP 4.0L V6 Cylinder Engine Gasoline Fuel,A/T,White,Black,None reported,Yes,33333.0,7,9937.5,0,0,4166.625
Toyota,Highlander Limited,2008,165520,Gasoline,270.0HP 3.5L V6 Cylinder Engine Gasoline Fuel,A/T,Gray,Gray,At least 1 accident or damage reported,Yes,9000.0,18,8711.578947368422,0,1,473.6842105263158
BMW,650 Gran Coupe i,2014,92000,Gasoline,445.0HP 4.4L 8 Cylinder Engine Gasoline Fuel,Transmission w/Dual Shift Mode,Black,Black,At least 1 accident or damage reported,Yes,24000.0,12,7076.923076923077,1,1,1846.1538461538462
Hyundai,Palisade Calligraphy,2023,1500,Gasoline,291.0HP 3.8L V6 Cylinder Engine Gasoline Fuel,Transmission w/Dual Shift Mode,Green,Black,None reported,Yes,55000.0,3,375.0,0,0,13750.0
Pontiac,Solstice GXP,2008,38100,Gasoline,260.0HP 2.0L 4 Cylinder Engine Gasoline Fuel,5-Speed M/T,Orange,Black,None reported,Yes,19950.0,18,2005.2631578947369,0,0,1050.0
Land,Rover Range Rover Evoque SE Premium,2018,42125,Gasoline,237.0HP 2.0L 4 Cylinder Engine Gasoline Fuel,Transmission w/Dual Shift Mode,White,Black,None reported,Yes,38999.0,8,4680.555555555556,1,0,4333.222222222223
Porsche,Cayenne Diesel,2014,86818,Diesel,240.0HP 3.0L V6 Cylinder Engine Diesel Fuel,Transmission w/Dual Shift Mode,Silver,Black,None reported,Yes,33500.0,12,6678.307692307692,1,0,2576.923076923077
BMW,M3 Competition xDrive,2023,3490,Gasoline,503.0HP 3.0L Straight 6 Cylinder Engine Gasoline Fuel,8-Speed A/T,Gray,Black,None reported,Yes,95580.0,3,872.5,1,0,23895.0
Toyota,Avalon Limited,2008,111300,Gasoline,268.0HP 3.5L V6 Cylinder Engine Gasoline Fuel,Transmission w/Dual Shift Mode,Gold,Beige,None reported,Yes,7900.0,18,5857.894736842105,0,0,415.7894736842105
BMW,M3 Base,2011,98200,Gasoline,414.0HP 4.0L 8 Cylinder Engine Gasoline Fuel,7-Speed A/T,White,Black,None reported,Yes,27000.0,15,6137.5,1,0,1687.5
Porsche,Panamera Base,2018,42500,Gasoline,330.0HP 3.0L V6 Cylinder Engine Gasoline Fuel,8-Speed A/T,Black,Beige,At least 1 accident or damage reported,Yes,53999.0,8,4722.222222222223,1,1,5999.888888888889
Jeep,Wrangler Sport,2001,171000,Gasoline,181.0HP 4.0L Straight 6 Cylinder Engine Gasoline Fuel,5-Speed M/T,White,Black,At least 1 accident or damage reported,Yes,15000.0,25,6576.923076923077,0,1,576.9230769230769
Honda,Passport TrailSport,2023,11649,Gasoline,280.0HP 3.5L V6 Cylinder Engine Gasoline Fuel,9-Speed A/T,Black,Black,Unknown,Unknown,39999.0,3,2912.25,0,1,9999.75
Mercedes-Benz,SL-Class SL 550,2013,24933,Gasoline,429.0HP 4.6L 8 Cylinder Engine Gasoline Fuel,Transmission w/Dual Shift Mode,Silver,Red,At least 1 accident or damage reported,Yes,40250.0,13,1780.9285714285713,1,1,2875.0
Audi,RS 4 Base,2007,99769,Gasoline,420.0HP 4.2L 8 Cylinder Engine Gasoline Fuel,6-Speed M/T,Gray,White,None reported,Yes,29995.0,19,4988.45,1,0,1499.75
Toyota,Avalon Limited,2022,16156,Gasoline,3.5L V6 24V PDI DOHC,8-Speed Automatic,Blueprint,Graphite,None reported,Unknown,39390.0,4,3231.2,0,0,7878.0
Mercedes-Benz,E-Class E 350 4MATIC,2008,67250,Gasoline,268.0HP 3.5L V6 Cylinder Engine Gasoline Fuel,A/T,White,Beige,None reported,Yes,11900.0,18,3539.4736842105262,1,0,626.3157894736842
GMC,Yukon Denali,2021,30022,Gasoline,420.0HP 6.2L 8 Cylinder Engine Gasoline Fuel,A/T,Blue,Black,At least 1 accident or damage reported,Yes,74500.0,5,5003.666666666667,0,1,12416.666666666666
Porsche,Panamera 4S,2017,42596,Gasoline,440.0HP 2.9L V6 Cylinder Engine Gasoline Fuel,Transmission w/Dual Shift Mode,Black,Black,None reported,Yes,78000.0,9,4259.6,1,0,7800.0
Ford,Explorer XLT,2021,33705,Gasoline,2.3L I4 16V GDI DOHC Turbo,10-Speed Automatic,White,Light Slate,At least 1 accident or damage reported,Yes,36995.0,5,5617.5,0,1,6165.833333333333
Land,Rover LR4 HSE LUX Landmark Edition,2016,63300,Gasoline,340.0HP 3.0L V6 Cylinder Engine Gasoline Fuel,8-Speed A/T,White,Brown,None reported,Yes,31000.0,10,5754.545454545455,1,0,2818.181818181818
Acura,TLX Type S w/Performance Tire,2023,4700,Gasoline,355.0HP 3.0L V6 Cylinder Engine Gasoline Fuel,10-Speed A/T,Red,Black,None reported,Yes,52000.0,3,1175.0,0,0,13000.0
Toyota,Tacoma Base,2020,27256,Gasoline,3.5 Liter,6 Speed At/Mt,Midnight Black Metallic,Black/Gun Metal,None reported,Unknown,42998.0,6,3893.714285714286,0,0,6142.571428571428
Hummer,H3 Base,2010,107481,Gasoline,239.0HP 3.7L 5 Cylinder Engine Gasoline Fuel,A/T,White,Black,None reported,Yes,13500.0,16,6322.411764705882,0,0,794.1176470588235
Tesla,Model 3 Long Range,2018,61700,Gasoline,271.0HP Electric Motor Electric Fuel System,A/T,White,Black,None reported,Yes,25900.0,8,6855.555555555556,1,0,2877.777777777778
Volvo,850 Turbo,1995,94000,–,–,A/T,White,Black,None reported,Yes,4500.0,31,2937.5,0,0,140.625
Jeep,Wrangler Unlimited Sahara,2017,128000,Gasoline,285.0HP 3.6L V6 Cylinder Engine Gasoline Fuel,5-Speed A/T,Gray,Black,None reported,Yes,26800.0,9,12800.0,0,0,2680.0
Chevrolet,Camaro 2SS,2018,26000,Gasoline,455.0HP 6.2L 8 Cylinder Engine Gasoline Fuel,8-Speed A/T,White,Black,None reported,Yes,39000.0,8,2888.8888888888887,0,0,4333.333333333333
Audi,S6 4.0T,2015,74000,Gasoline,420.0HP 4.0L 8 Cylinder Engine Gasoline Fuel,7-Speed A/T,Blue,Gray,None reported,Yes,29950.0,11,6166.666666666667,1,0,2495.8333333333335
Audi,TT RS Base,2012,54900,Gasoline,360.0HP 2.5L 5 Cylinder Engine Gasoline Fuel,6-Speed M/T,White,Brown,Unknown,Unknown,28900.0,14,3660.0,1,1,1926.6666666666667
INFINITI,QX56 Base,2012,141775,Gasoline,400.0HP 5.6L 8 Cylinder Engine Gasoline Fuel,Transmission w/Dual Shift Mode,White,Beige,None reported,Yes,11500.0,14,9451.666666666666,0,0,766.6666666666666
Volkswagen,New Beetle GLS,2001,63250,Gasoline,115.0HP 2.0L 4 Cylinder Engine Gasoline Fuel,4-Speed A/T,Yellow,Yellow,None reported,Yes,12000.0,25,2432.6923076923076,0,0,461.53846153846155
Audi,Q5 S line Premium Plus,2022,13895,Hybrid,2.0 Liter TFSI,Automatic,Daytona Gray,Black,None reported,Unknown,44998.0,4,2779.0,1,0,8999.6
Lamborghini,Aventador LP750-4 Superveloce,2017,10654,Gasoline,"6.5L V-12 DOHC, variable valve control, premium unleaded, engine",Automatic,Balloon White,Nero Ade,None reported,Unknown,449991.0,9,1065.4,0,0,44999.1
Ford,F-250 XL,2014,35900,E85 Flex Fuel,385.0HP 6.2L 8 Cylinder Engine Flex Fuel Capability,Transmission w/Dual Shift Mode,Blue,Gray,At least 1 accident or damage reported,Yes,27900.0,12,2761.5384615384614,0,1,2146.153846153846
GMC,Yukon XL Denali,2022,48306,Gasoline,6.2L V8 16V GDI OHV,10-Speed Automatic,Summit White,Jet Black,At least 1 accident or damage reported,Yes,71999.0,4,9661.2,0,1,14399.8
Audi,A4 2.0T Premium,2012,125000,Gasoline,211.0HP 2.0L 4 Cylinder Engine Gasoline Fuel,8-Speed A/T,Black,Black,None reported,Yes,10500.0,14,8333.333333333334,1,0,700.0
Dodge,Challenger SRT 392,2016,37700,–,–,8-Speed A/T,Black,Black,At least 1 accident or damage reported,Yes,38000.0,10,3427.2727272727275,0,1,3454.5454545454545
Tesla,Model S P100D,2017,103000,Gasoline,Electric Motor Electric Fuel System,1-Speed A/T,Black,White,None reported,Yes,36000.0,9,10300.0,1,0,3600.0
Mazda,CX-30 Premium Package,2021,45303,Gasoline,2.5L I4 16V GDI DOHC,6-Speed Automatic,Snowflake White Pearl,White / Brown,None reported,Unknown,25382.0,5,7550.5,0,0,4230.333333333333
Lexus,ES 350 Base,2016,53900,Gasoline,268.0HP 3.5L V6 Cylinder Engine Gasoline Fuel,A/T,Red,Beige,None reported,Yes,27500.0,10,4900.0,1,0,2500.0
Jeep,Wrangler Sahara,2008,54000,Gasoline,202.0HP 3.8L V6 Cylinder Engine Gasoline Fuel,A/T,Green,Gray,None reported,Yes,20000.0,18,2842.1052631578946,0,0,1052.6315789473683
Chevrolet,Avalanche 1500 LTZ,2007,129000,Gasoline,366.0HP 6.0L 8 Cylinder Engine Gasoline Fuel,A/T,White,Beige,None reported,Yes,17950.0,19,6450.0,0,0,897.5
Jeep,Grand Cherokee L Laredo,2022,10232,Gasoline,3.6L V6 24V MPFI DOHC,Automatic,Diamond Black,Global Black,None reported,Yes,44646.0,4,2046.4,0,0,8929.2
Acura,MDX w/Advance Package,2023,3708,Gasoline,3.5 Liter SOHC,Automatic,White,Espresso,None reported,Unknown,58998.0,3,927.0,0,0,14749.5
Nissan,Pathfinder SL,2018,167000,Gasoline,284.0HP 3.5L V6 Cylinder Engine Gasoline Fuel,A/T,Black,Beige,Unknown,Unknown,14500.0,8,18555.555555555555,0,1,1611.111111111111
Tesla,Model X Long Range,2019,37000,Gasoline,518.0HP Electric Motor Electric Fuel System,1-Speed A/T,Gray,Black,None reported,Yes,58000.0,7,4625.0,1,0,7250.0
Subaru,Impreza Premium,2022,10419,Gasoline,"2L H-4 gasoline direct injection, DOHC, variable valve control,",Variable,Crystal White Pearl,Black,At least 1 accident or damage reported,Unknown,24998.0,4,2083.8,0,1,4999.6
Audi,A8 4.0T,2014,96238,Gasoline,420.0HP 4.0L 8 Cylinder Engine Gasoline Fuel,Transmission w/Dual Shift Mode,Black,Black,At least 1 accident or damage reported,Yes,22500.0,12,7402.923076923077,1,1,1730.7692307692307
Subaru,Ascent Limited 7-Passenger,2022,12700,Gasoline,260.0HP 2.4L 4 Cylinder Engine Gasoline Fuel,CVT Transmission,White,Beige,None reported,Yes,38500.0,4,2540.0,0,0,7700.0
Chevrolet,Avalanche 1500 LT,2007,244000,E85 Flex Fuel,320.0HP 5.3L 8 Cylinder Engine Flex Fuel Capability,A/T,Gray,Gray,None reported,Yes,16900.0,19,12200.0,0,0,845.0
Porsche,Cayenne S,2015,124000,Gasoline,420.0HP 3.6L V6 Cylinder Engine Gasoline Fuel,8-Speed A/T,White,Beige,None reported,Yes,25000.0,11,10333.333333333334,1,0,2083.3333333333335
BMW,335 i,2009,123000,Gasoline,300.0HP 3.0L Straight 6 Cylinder Engine Gasoline Fuel,A/T,Purple,Black,None reported,Yes,15000.0,17,6833.333333333333,1,0,833.3333333333334
GMC,Sierra 1500 Limited Elevation,2022,24900,Gasoline,310.0HP 2.7L 4 Cylinder Engine Gasoline Fuel,8-Speed A/T,Black,Black,None reported,Yes,49900.0,4,4980.0,0,0,9980.0
Ford,Explorer Sport,2016,95500,Gasoline,365.0HP 3.5L V6 Cylinder Engine Gasoline Fuel,Transmission w/Dual Shift Mode,Black,Black,None reported,Yes,20000.0,10,8681.818181818182,0,0,1818.1818181818182
Cadillac,Escalade ESV Sport,2021,4283,Gasoline,6.2L V8 16V GDI OHV,10-Speed Automatic,Black,Brandy,None reported,Yes,479995.0,5,713.8333333333334,0,0,79999.16666666667
Lexus,LX 570 Three-Row,2021,48300,Gasoline,383.0HP 5.7L 8 Cylinder Engine Gasoline Fuel,A/T,White,Red,None reported,Yes,82000.0,5,8050.0,1,0,13666.666666666666
BMW,M3 Base,2008,94000,Gasoline,414.0HP 4.0L 8 Cylinder Engine Gasoline Fuel,6-Speed M/T,Gray,Red,None reported,Yes,25999.0,18,4947.368421052632,1,0,1368.3684210526317
Nissan,Xterra Pro-4X,2011,183000,Gasoline,261.0HP 4.0L V6 Cylinder Engine Gasoline Fuel,A/T,Black,Gray,At least 1 accident or damage reported,Yes,12000.0,15,11437.5,0,1,750.0
Ford,Fusion Hybrid SE Hybrid,2013,126225,Hybrid,188.0HP 2.0L 4 Cylinder Engine Gas/Electric Hybrid,CVT Transmission,Silver,Black,At least 1 accident or damage reported,Yes,11500.0,13,9016.07142857143,0,1,821.4285714285714
Volkswagen,Golf GTI 2.0T SE 4-Door,2016,87892,Gasoline,210.0HP 2.0L 4 Cylinder Engine Gasoline Fuel,6-Speed M/T,Gray,Black,None reported,Yes,16000.0,10,7990.181818181818,0,0,1454.5454545454545
Cadillac,CTS-V Base,2012,45000,Gasoline,556.0HP 6.2L 8 Cylinder Engine Gasoline Fuel,6-Speed A/T,Red,Black,None reported,Yes,41500.0,14,3000.0,0,0,2766.6666666666665
Aston,Martin Vantage Base,2022,1023,Gasoline,503.0HP 4.0L 8 Cylinder Engine Gasoline Fuel,8-Speed A/T,Blue,Brown,None reported,Yes,156900.0,4,204.6,0,0,31380.0
Lexus,GX 460 Base,2015,106000,Gasoline,301.0HP 4.6L 8 Cylinder Engine Gasoline Fuel,A/T,Black,Beige,None reported,Yes,37500.0,11,8833.333333333334,1,0,3125.0
GMC,Acadia SLT-1,2019,51300,Gasoline,193.0HP 2.5L 4 Cylinder Engine Gasoline Fuel,6-Speed A/T,Black,Black,At least 1 accident or damage reported,Yes,25500.0,7,6412.5,0,1,3187.5
Ford,Bronco Sport Big Bend,2021,30176,Gasoline,1.5L I3 12V PDI DOHC Turbo,8-Speed Automatic,Black,Medium Dark Slate,None reported,Yes,28979.0,5,5029.333333333333,0,0,4829.833333333333
Nissan,Titan SV,2021,27598,Gasoline,5.6L V8 32V GDI DOHC,9-Speed Automatic,Black,Black,None reported,Unknown,39884.0,5,4599.666666666667,0,0,6647.333333333333
Volkswagen,Jetta SportWagen SE,2012,107000,Gasoline,170.0HP 2.5L 5 Cylinder Engine Gasoline Fuel,A/T,Black,Beige,None reported,Yes,9499.0,14,7133.333333333333,0,0,633.2666666666667
Land,Rover Range Rover 5.0L V8 Supercharged,2019,17500,Gasoline,518.0HP 5.0L 8 Cylinder Engine Gasoline Fuel,8-Speed A/T,Black,Black,None reported,Yes,65000.0,7,2187.5,1,0,8125.0
RAM,2500 Laramie,2017,117878,Diesel,350.0HP 6.7L Straight 6 Cylinder Engine Diesel Fuel,Transmission w/Dual Shift Mode,Red,Black,None reported,Yes,42000.0,9,11787.8,0,0,4200.0
Nissan,Murano SL,2010,138700,Gasoline,265.0HP 3.5L V6 Cylinder Engine Gasoline Fuel,CVT Transmission,Gray,Black,At least 1 accident or damage reported,Yes,7000.0,16,8158.823529411765,0,1,411.7647058823529
Cadillac,Escalade ESV Base,2009,152068,E85 Flex Fuel,403.0HP 6.2L 8 Cylinder Engine Flex Fuel Capability,6-Speed A/T,White,Black,At least 1 accident or damage reported,Yes,12350.0,17,8448.222222222223,0,1,686.1111111111111
BMW,428 i xDrive SULEV,2016,77000,Gasoline,240.0HP 2.0L 4 Cylinder Engine Gasoline Fuel,Transmission w/Dual Shift Mode,White,Red,At least 1 accident or damage reported,Yes,26999.0,10,7000.0,1,1,2454.4545454545455
Ford,Focus RS Base,2017,26000,Gasoline,350.0HP 2.3L 4 Cylinder Engine Gasoline Fuel,6-Speed M/T,Gray,Black,None reported,Yes,37000.0,9,2600.0,0,0,3700.0
Lexus,CT 200h Premium,2014,131200,Hybrid,134.0HP 1.8L 4 Cylinder Engine Gas/Electric Hybrid,A/T,Brown,Brown,None reported,Yes,14000.0,12,10092.307692307691,1,0,1076.923076923077
Buick,Enclave Leather,2017,83280,Gasoline,3.6L V6 24V GDI DOHC,6-Speed Automatic,Quicksilver Metallic,Ebony,None reported,Unknown,20599.0,9,8328.0,0,0,2059.9
BMW,M3 Base,2015,59000,Gasoline,425.0HP 3.0L Straight 6 Cylinder Engine Gasoline Fuel,6-Speed M/T,Gray,Black,None reported,Yes,53500.0,11,4916.666666666667,1,0,4458.333333333333
Volkswagen,Arteon 2.0T SEL R-Line,2020,15500,Gasoline,268.0HP 2.0L 4 Cylinder Engine Gasoline Fuel,8-Speed A/T,Silver,Black,None reported,Yes,30000.0,6,2214.285714285714,0,0,4285.714285714285
BMW,X6 xDrive35i,2013,90000,Gasoline,300.0HP 3.0L Straight 6 Cylinder Engine Gasoline Fuel,8-Speed A/T,White,Red,None reported,Yes,19950.0,13,6428.571428571428,1,0,1425.0
INFINITI,G35 Base,2006,94000,Gasoline,280.0HP 3.5L V6 Cylinder Engine Gasoline Fuel,Transmission w/Dual Shift Mode,White,Gray,At least 1 accident or damage reported,Yes,10995.0,20,4476.190476190476,0,1,523.5714285714286
Hummer,H2 Base,2008,63750,Gasoline,393.0HP 6.2L 8 Cylinder Engine Gasoline Fuel,6-Speed A/T,White,Black,At least 1 accident or damage reported,Yes,55000.0,18,3355.2631578947367,0,1,2894.7368421052633
Mercedes-Benz,C-Class C 300 4MATIC Luxury,2011,95500,Gasoline,228.0HP 3.0L V6 Cylinder Engine Gasoline Fuel,A/T,Black,Beige,At least 1 accident or damage reported,Yes,15990.0,15,5968.75,1,1,999.375
Acura,ILX Premium Package,2019,37900,Gasoline,201.0HP 2.4L 4 Cylinder Engine Gasoline Fuel,A/T,White,Black,None reported,Yes,26000.0,7,4737.5,0,0,3250.0
Porsche,911 GT3,2015,13250,Gasoline,475.0HP 3.8L Flat 6 Cylinder Engine Gasoline Fuel,7-Speed A/T,Brown,Gray,None reported,Yes,154900.0,11,1104.1666666666667,1,0,12908.333333333334
RAM,1500 Longhorn,2019,76249,Gasoline,5.7L V8 16V MPFI OHV,8-Speed Automatic,Diamond Black,Mountain Brown,At least 1 accident or damage reported,Unknown,40995.0,7,9531.125,0,1,5124.375
BMW,M3 Base,2001,81000,Gasoline,333.0HP 3.2L Straight 6 Cylinder Engine Gasoline Fuel,6-Speed M/T,Blue,Gray,None reported,Yes,39000.0,25,3115.3846153846152,1,0,1500.0
Chevrolet,Suburban LT,2022,37806,Gasoline,355.0HP 5.3L 8 Cylinder Engine Gasoline Fuel,10-Speed A/T,Black,Black,None reported,Yes,60894.0,4,7561.2,0,0,12178.8
Dodge,Ram 2500 ST,2010,151544,Gasoline,355.0HP 5.7L 8 Cylinder Engine Gasoline Fuel,5-Speed A/T,Brown,Gray,At least 1 accident or damage reported,Yes,17700.0,16,8914.35294117647,0,1,1041.1764705882354
Chevrolet,Camaro 2SS,2012,60345,Gasoline,400.0HP 6.2L 8 Cylinder Engine Gasoline Fuel,6-Speed A/T,Yellow,Black,None reported,Yes,26950.0,14,4023.0,0,0,1796.6666666666667
Dodge,Challenger SE,2010,90305,Gasoline,250.0HP 3.5L V6 Cylinder Engine Gasoline Fuel,A/T,Gray,Black,None reported,Yes,12000.0,16,5312.058823529412,0,0,705.8823529411765
Jeep,Grand Cherokee L Limited,2022,13275,Gasoline,3.6L V6 24V MPFI DOHC,8-Speed Automatic,Velvet Red Pearlcoat,Global Black,None reported,Unknown,42599.0,4,2655.0,0,0,8519.8
Chevrolet,Camaro 2SS,2018,8660,Gasoline,455.0HP 6.2L 8 Cylinder Engine Gasoline Fuel,8-Speed A/T,White,Black,None reported,Yes,45000.0,8,962.2222222222222,0,0,5000.0
Ford,F-350 Lariat,2021,28220,Diesel,475.0HP 6.7L 8 Cylinder Engine Diesel Fuel,10-Speed A/T,Silver,Black,None reported,Yes,73600.0,5,4703.333333333333,0,0,12266.666666666666
Ford,F-250 King Ranch,2015,97700,Diesel,440.0HP 6.7L 8 Cylinder Engine Diesel Fuel,6-Speed A/T,Black,–,None reported,Yes,39950.0,11,8141.666666666667,0,0,3329.1666666666665
Chevrolet,Corvette Stingray w/3LT,2023,4200,Gasoline,490.0HP 6.2L 8 Cylinder Engine Gasoline Fuel,A/T,White,Black,None reported,Yes,98000.0,3,1050.0,0,0,24500.0
Bentley,Continental GT V8 First Edition,2020,27404,Gasoline,"4L V-8 gasoline direct injection, DOHC, variable valve control,",Automatic,Dark Sapphire,Linen,None reported,Unknown,199991.0,6,3914.8571428571427,0,0,28570.14285714286
Lincoln,MKC Reserve,2016,100000,Gasoline,240.0HP 2.0L 4 Cylinder Engine Gasoline Fuel,Transmission w/Dual Shift Mode,White,White,None reported,Yes,24000.0,10,9090.90909090909,0,0,2181.818181818182
Ford,Excursion Limited,2001,333361,Diesel,250.0HP 7.3L 8 Cylinder Engine Diesel Fuel,A/T,Black,Beige,At least 1 accident or damage reported,Yes,17000.0,25,12821.576923076924,0,1,653.8461538461538
Land,Rover Discovery SE,2018,63295,Gasoline,340.0HP 3.0L V6 Cylinder Engine Gasoline Fuel,8-Speed A/T,Blue,White,None reported,Yes,29993.0,8,7032.777777777777,1,0,3332.5555555555557
Land,Rover Defender V8,2022,3000,Gasoline,518.0HP 5.0L 8 Cylinder Engine Gasoline Fuel,8-Speed A/T,Black,Black,None reported,Yes,96500.0,4,600.0,1,0,19300.0
Chevrolet,Silverado 1500 2LT,2014,102604,E85 Flex Fuel,355.0HP 5.3L 8 Cylinder Engine Flex Fuel Capability,6-Speed A/T,Gray,Gray,None reported,Yes,25500.0,12,7892.615384615385,0,0,1961.5384615384614
Mercedes-Benz,AMG G 63 Base,2017,39800,Gasoline,563.0HP 5.5L 8 Cylinder Engine Gasoline Fuel,7-Speed A/T,White,Red,None reported,Yes,99000.0,9,3980.0,1,0,9900.0
Ford,F-250 XLT,2019,124000,E85 Flex Fuel,385.0HP 6.2L 8 Cylinder Engine Flex Fuel Capability,6-Speed A/T,White,Gray,None reported,Yes,40100.0,7,15500.0,0,0,5012.5
Tesla,Model 3 Base,2022,12080,Gasoline,271.0HP Electric Motor Electric Fuel System,A/T,Black,Black,None reported,Yes,36750.0,4,2416.0,1,0,7350.0
Lexus,LX 570 Three-Row,2018,39300,Gasoline,383.0HP 5.7L 8 Cylinder Engine Gasoline Fuel,Transmission w/Dual Shift Mode,Black,Black,None reported,Yes,69500.0,8,4366.666666666667,1,0,7722.222222222223
INFINITI,QX60 Luxe,2019,51000,Gasoline,295.0HP 3.5L V6 Cylinder Engine Gasoline Fuel,CVT Transmission,Gray,–,At least 1 accident or damage reported,Yes,29000.0,7,6375.0,0,1,3625.0
Rivian,R1S Adventure Package,2023,250,Gasoline,835.0HP Electric Motor Electric Fuel System,1-Speed A/T,Green,Black,Unknown,Unknown,97500.0,3,62.5,0,1,24375.0
Land,Rover Range Rover Sport 3.0L Supercharged HSE,2017,67000,Gasoline,340.0HP 3.0L V6 Cylinder Engine Gasoline Fuel,8-Speed A/T,Gray,Beige,None reported,Yes,35999.0,9,6700.0,1,0,3599.9
INFINITI,QX60 Base,2014,95400,Gasoline,265.0HP 3.5L V6 Cylinder Engine Gasoline Fuel,A/T,White,Beige,Unknown,Unknown,14195.0,12,7338.461538461538,0,1,1091.923076923077
Hyundai,Sonata GLS,2013,136991,Gasoline,198.0HP 2.4L 4 Cylinder Engine Gasoline Fuel,6-Speed A/T,Gray,Gray,None reported,Yes,11000.0,13,9785.07142857143,0,0,785.7142857142857
Toyota,Tundra Limited,2022,3959,Gasoline,389.0HP 3.4L V6 Cylinder Engine Gasoline Fuel,10-Speed A/T,Blue,Gray,None reported,Yes,55000.0,4,791.8,0,0,11000.0
Jeep,Grand Cherokee Limited,2020,47500,Gasoline,293.0HP 3.6L V6 Cylinder Engine Gasoline Fuel,A/T,Purple,Black,None reported,Yes,31000.0,6,6785.714285714285,0,0,4428.571428571428
Ford,F-350 Lariat Crew Cab Super Duty DRW,2005,176691,Diesel,325.0HP 6.0L 8 Cylinder Engine Diesel Fuel,A/T,White,Beige,At least 1 accident or damage reported,Yes,13000.0,21,8031.409090909091,0,1,590.9090909090909
Tesla,Model 3 Performance,2021,33000,Gasoline,455.0HP Electric Motor Electric Fuel System,1-Speed A/T,Red,White,None reported,Yes,55000.0,5,5500.0,1,0,9166.666666666666
Mercedes-Benz,CLS-Class CLS 550,2014,34600,Gasoline,402.0HP 4.7L 8 Cylinder Engine Gasoline Fuel,Transmission w/Dual Shift Mode,Black,Black,None reported,Yes,27500.0,12,2661.5384615384614,1,0,2115.3846153846152
RAM,2500 SLT,2014,84500,Gasoline,410.0HP 6.4L 8 Cylinder Engine Gasoline Fuel,A/T,Black,Gray,None reported,Yes,34000.0,12,6500.0,0,0,2615.3846153846152
Kia,Sorento Hybrid EX,2022,36100,Hybrid,227.0HP 1.6L 4 Cylinder Engine Gas/Electric Hybrid,6-Speed A/T,Black,White,None reported,Yes,37500.0,4,7220.0,0,0,7500.0
Hyundai,Genesis 3.8,2015,92225,Gasoline,311.0HP 3.8L V6 Cylinder Engine Gasoline Fuel,A/T,Black,Black,At least 1 accident or damage reported,Yes,17000.0,11,7685.416666666667,0,1,1416.6666666666667
Jeep,Compass Latitude,2020,17500,Gasoline,180.0HP 2.4L 4 Cylinder Engine Gasoline Fuel,9-Speed A/T,Silver,Black,None reported,Yes,25695.0,6,2500.0,0,0,3670.714285714286
Ford,Fusion SE,2011,114323,Gasoline,175.0HP 2.5L 4 Cylinder Engine Gasoline Fuel,6-Speed A/T,Black,Black,None reported,Yes,6000.0,15,7145.1875,0,0,375.0
Toyota,FJ Cruiser Base,2014,92000,Gasoline,260.0HP 4.0L V6 Cylinder Engine Gasoline Fuel,A/T,Beige,Black,None reported,Yes,27500.0,12,7076.923076923077,0,0,2115.3846153846152
BMW,430 Gran Coupe i xDrive,2018,29025,Gasoline,2.0 Liter DOHC T/C,Automatic,Carbon Black Metallic,Black,None reported,Unknown,29998.0,8,3225.0,1,0,3333.1111111111113
Dodge,Durango SRT 392,2021,17000,Gasoline,475.0HP 6.4L 8 Cylinder Engine Gasoline Fuel,Transmission w/Dual Shift Mode,Blue,Black,None reported,Yes,65000.0,5,2833.3333333333335,0,0,10833.333333333334
Hyundai,Santa Fe GLS,2015,96476,Gasoline,290.0HP 3.3L V6 Cylinder Engine Gasoline Fuel,6-Speed A/T,White,Gray,None reported,Yes,13000.0,11,8039.666666666667,0,0,1083.3333333333333
Volkswagen,Atlas 3.6L SEL Premium,2021,36311,Gasoline,3.6L V6 24V GDI DOHC,8-Speed Automatic,Deep Black Pearl Effect,Titan Black / Quarzit,None reported,Yes,39127.0,5,6051.833333333333,0,0,6521.166666666667
Land,Rover Range Rover Sport 5.0L Supercharged Dynamic,2016,56842,Gasoline,510.0HP 5.0L 8 Cylinder Engine Gasoline Fuel,Transmission w/Dual Shift Mode,Silver,Black,None reported,Yes,35000.0,10,5167.454545454545,1,0,3181.818181818182
Nissan,Murano SV,2021,23677,Gasoline,3.5L V6 24V MPFI DOHC,Automatic CVT,Sunset Drift Chromaflair,Graphite,None reported,Unknown,29510.0,5,3946.1666666666665,0,0,4918.333333333333
Buick,Envision Essence,2020,27340,Gasoline,2.5L I4 16V GDI DOHC,6-Speed Automatic,Summit White,Ebony,None reported,Unknown,31700.0,6,3905.714285714286,0,0,4528.571428571428
Chevrolet,Silverado 1500 RST,2020,26177,Gasoline,5.3L V8 16V GDI OHV,Automatic,Shadow Gray Metallic,Jet Black,Unknown,Unknown,41986.0,6,3739.5714285714284,0,1,5998.0
Pontiac,Solstice GXP,2009,122348,Gasoline,260.0HP 2.0L 4 Cylinder Engine Gasoline Fuel,A/T,Red,Black,At least 1 accident or damage reported,Yes,10000.0,17,6797.111111111111,0,1,555.5555555555555
BMW,640 Gran Coupe i xDrive,2015,98000,Gasoline,315.0HP 3.0L Straight 6 Cylinder Engine Gasoline Fuel,Transmission w/Dual Shift Mode,Black,Beige,None reported,Yes,22500.0,11,8166.666666666667,1,0,1875.0
Tesla,Model 3 Standard Range Plus,2019,32300,Gasoline,Electric Motor Electric Fuel System,A/T,Black,Black,None reported,Yes,29000.0,7,4037.5,1,0,3625.0
MINI,Countryman Cooper S,2019,18997,Gasoline,189.0HP 2.0L 4 Cylinder Engine Gasoline Fuel,Transmission w/Dual Shift Mode,Red,Black,None reported,Yes,26750.0,7,2374.625,0,0,3343.75
Porsche,Boxster GTS,2016,40350,Gasoline,330.0HP 3.4L Flat 6 Cylinder Engine Gasoline Fuel,7-Speed A/T,Gray,Black,None reported,Yes,67995.0,10,3668.181818181818,1,0,6181.363636363636
Ford,Expedition EL King Ranch,2011,156856,E85 Flex Fuel,310.0HP 5.4L 8 Cylinder Engine Flex Fuel Capability,6-Speed A/T,Black,Brown,None reported,Yes,14300.0,15,9803.5,0,0,893.75
Bentley,Continental GT GT Speed,2022,1919,Gasoline,12 Cylinder Engine,8-SPEED A/T,Granite,Porpoise,None reported,Unknown,289991.0,4,383.8,0,0,57998.2
BMW,X5 M Base,2017,61773,Gasoline,567.0HP 4.4L 8 Cylinder Engine Gasoline Fuel,Transmission w/Dual Shift Mode,Gray,Black,None reported,Yes,46000.0,9,6177.3,1,0,4600.0
Ford,Mustang GT Premium,2011,74500,Gasoline,412.0HP 5.0L 8 Cylinder Engine Gasoline Fuel,6-Speed M/T,Black,Black,None reported,Yes,22000.0,15,4656.25,0,0,1375.0
Jeep,Compass Sport,2016,99000,Gasoline,172.0HP 2.4L 4 Cylinder Engine Gasoline Fuel,6-Speed A/T,White,Gray,At least 1 accident or damage reported,Yes,5000.0,10,9000.0,0,1,454.54545454545456
INFINITI,G37 Sport,2008,63496,Gasoline,330.0HP 3.7L V6 Cylinder Engine Gasoline Fuel,6-Speed M/T,Black,Black,None reported,Yes,15000.0,18,3341.8947368421054,0,0,789.4736842105264
Ford,F-150 XLT,2022,18465,Gasoline,400.0HP 3.5L V6 Cylinder Engine Gasoline Fuel,10-Speed A/T,Black,Gray,None reported,Yes,47500.0,4,3693.0,0,0,9500.0
Porsche,911 Carrera 4S,2007,42635,Gasoline,355.0HP 3.8L Flat 6 Cylinder Engine Gasoline Fuel,Transmission w/Dual Shift Mode,Blue,Blue,None reported,Yes,72995.0,19,2131.75,1,0,3649.75
INFINITI,G35 Base,2005,99000,Gasoline,298.0HP 3.5L V6 Cylinder Engine Gasoline Fuel,6-Speed M/T,Silver,Black,None reported,Yes,18900.0,21,4500.0,0,0,859.0909090909091
Chrysler,300C Base,2013,87500,Gasoline,292.0HP 3.6L V6 Cylinder Engine Gasoline Fuel,8-Speed A/T,White,Beige,None reported,Yes,13750.0,13,6250.0,0,0,982.1428571428571
Toyota,Camry Solara SLE,2007,138000,Gasoline,210.0HP 3.3L V6 Cylinder Engine Gasoline Fuel,5-Speed A/T,White,Beige,None reported,Yes,6800.0,19,6900.0,0,0,340.0
Lexus,IS 300 Base,2018,70891,Gasoline,260.0HP 3.5L V6 Cylinder Engine Gasoline Fuel,Transmission w/Dual Shift Mode,White,Black,None reported,Yes,28995.0,8,7876.777777777777,1,0,3221.6666666666665
Buick,Enclave Essence,2020,55403,Gasoline,310.0HP 3.6L V6 Cylinder Engine Gasoline Fuel,9-Speed A/T,Red,Gray,At least 1 accident or damage reported,Yes,29444.0,6,7914.714285714285,0,1,4206.285714285715
BMW,M4 Competition xDrive,2022,3213,Gasoline,503.0HP 3.0L Straight 6 Cylinder Engine Gasoline Fuel,8-Speed A/T,Black,Red,None reported,Yes,89995.0,4,642.6,1,0,17999.0
Pontiac,GTO Base,2005,142314,Gasoline,400.0HP 6.0L 8 Cylinder Engine Gasoline Fuel,6-Speed M/T,Red,Red,At least 1 accident or damage reported,Yes,21999.0,21,6468.818181818182,0,1,999.9545454545455
Toyota,FJ Cruiser Base,2013,53000,Gasoline,260.0HP 4.0L V6 Cylinder Engine Gasoline Fuel,A/T,Blue,Black,None reported,Yes,36740.0,13,3785.714285714286,0,0,2624.285714285714
Hyundai,Elantra SE,2014,120250,Gasoline,145.0HP 1.8L 4 Cylinder Engine Gasoline Fuel,A/T,Blue,Gray,None reported,Yes,7500.0,12,9250.0,0,0,576.9230769230769
Porsche,Macan S,2015,72329,Gasoline,340.0HP 3.0L V6 Cylinder Engine Gasoline Fuel,7-Speed A/T,Silver,Black,None reported,Yes,29500.0,11,6027.416666666667,1,0,2458.3333333333335
Hummer,H3 Base,2007,153692,Gasoline,242.0HP 3.7L 5 Cylinder Engine Gasoline Fuel,4-Speed A/T,Beige,Black,None reported,Yes,9995.0,19,7684.6,0,0,499.75
Tesla,Model 3 Long Range,2021,32670,Gasoline,Electric Motor Electric Fuel System,A/T,White,Black,None reported,Yes,37000.0,5,5445.0,1,0,6166.666666666667
Ford,Transit-350 Base,2018,235000,Gasoline,275.0HP 3.7L V6 Cylinder Engine Gasoline Fuel,A/T,White,Gray,Unknown,Unknown,18000.0,8,26111.11111111111,0,1,2000.0
Rivian,R1T Launch Edition,2022,8681,Gasoline,835.0HP Electric Motor Electric Fuel System,A/T,Gray,Black,None reported,Yes,82000.0,4,1736.2,0,0,16400.0
Audi,S4 3.0 Prestige,2012,98400,Gasoline,333.0HP 3.0L V6 Cylinder Engine Gasoline Fuel,7-Speed A/T,White,White,None reported,Yes,18000.0,14,6560.0,1,0,1200.0
Toyota,4Runner SR5 Premium,2023,1400,Gasoline,270.0HP 4.0L V6 Cylinder Engine Gasoline Fuel,A/T,White,Black,None reported,Yes,46500.0,3,350.0,0,0,11625.0
Tesla,Model 3 Mid Range,2018,32000,Gasoline,271.0HP Electric Motor Electric Fuel System,A/T,Black,Black,None reported,Yes,29999.0,8,3555.5555555555557,1,0,3333.222222222222
Ford,F-250 Base,1997,92800,Gasoline,210.0HP 5.8L 8 Cylinder Engine Gasoline Fuel,4-Speed A/T,White,Gray,None reported,Yes,9000.0,29,3093.3333333333335,0,0,300.0
Mercedes-Benz,G-Class G 550 4MATIC,2021,75151,Gasoline,416.0HP 4.0L 8 Cylinder Engine Gasoline Fuel,A/T,Black,Black,None reported,Yes,130000.0,5,12525.166666666666,1,0,21666.666666666668
Subaru,Legacy 2.5 GT spec.B,2008,94000,Gasoline,243.0HP 2.5L 4 Cylinder Engine Gasoline Fuel,6-Speed M/T,Gray,Blue,None reported,Yes,12500.0,18,4947.368421052632,0,0,657.8947368421053
Mercedes-Benz,E-Class E 350,2014,67350,Gasoline,302.0HP 3.5L V6 Cylinder Engine Gasoline Fuel,7-Speed A/T,Silver,–,At least 1 accident or damage reported,Yes,18700.0,12,5180.7692307692305,1,1,1438.4615384615386
BMW,M3 Base,2001,66500,Gasoline,333.0HP 3.2L Straight 6 Cylinder Engine Gasoline Fuel,6-Speed M/T,Red,Black,None reported,Yes,21000.0,25,2557.6923076923076,1,0,807.6923076923077
Mercedes-Benz,C-Class C 250 Sport,2014,70612,Gasoline,201.0HP 1.8L 4 Cylinder Engine Gasoline Fuel,7-Speed A/T,White,Beige,None reported,Yes,14500.0,12,5431.692307692308,1,0,1115.3846153846155
Toyota,Sienna XLE Limited,2007,112630,Gasoline,266.0HP 3.5L V6 Cylinder Engine Gasoline Fuel,5-Speed A/T,Silver,Gray,At least 1 accident or damage reported,Yes,11500.0,19,5631.5,0,1,575.0
Dodge,Avenger SE,2014,124705,E85 Flex Fuel,283.0HP 3.6L V6 Cylinder Engine Flex Fuel Capability,A/T,Black,Black,None reported,Yes,6499.0,12,9592.692307692309,0,0,499.9230769230769
BMW,M240 i,2018,61000,Gasoline,335.0HP 3.0L Straight 6 Cylinder Engine Gasoline Fuel,6-Speed M/T,Blue,Black,At least 1 accident or damage reported,Yes,34000.0,8,6777.777777777777,1,1,3777.777777777778
RAM,3500 SLT,2017,157272,Diesel,350.0HP 6.7L Straight 6 Cylinder Engine Diesel Fuel,6-Speed A/T,White,Gray,At least 1 accident or damage reported,Yes,32999.0,9,15727.2,0,1,3299.9
Mercedes-Benz,GL-Class GL 450 4MATIC,2015,84000,Gasoline,362.0HP 3.0L V6 Cylinder Engine Gasoline Fuel,7-Speed A/T,Blue,Gray,None reported,Yes,20399.0,11,7000.0,1,0,1699.9166666666667
Jeep,Gladiator Rubicon,2020,27981,Gasoline,285.0HP 3.6L V6 Cylinder Engine Gasoline Fuel,A/T,Red,Black,None reported,Yes,47500.0,6,3997.285714285714,0,0,6785.714285714285
Bentley,Continental GT Base,2009,18000,Gasoline,552.0HP 6.0L 12 Cylinder Engine Gasoline Fuel,A/T,Blue,Beige,None reported,Yes,63000.0,17,1000.0,0,0,3500.0
Tesla,Model 3 Long Range,2019,27123,Gasoline,425.0HP Electric Motor Electric Fuel System,A/T,Red,Black,None reported,Yes,38200.0,7,3390.375,1,0,4775.0
Chevrolet,Corvette Stingray w/2LT,2021,3053,Gasoline,490.0HP 6.2L 8 Cylinder Engine Gasoline Fuel,Transmission w/Dual Shift Mode,Silver,Gray,None reported,Yes,83900.0,5,508.8333333333333,0,0,13983.333333333334
Audi,Q5 3.0T Premium Plus,2015,60251,Gasoline,272.0HP 3.0L V6 Cylinder Engine Gasoline Fuel,A/T,Black,Black,At least 1 accident or damage reported,Yes,19000.0,11,5020.916666666667,1,1,1583.3333333333333
Mazda,MX-5 Miata Club,2021,5093,Gasoline,181.0HP 2.0L 4 Cylinder Engine Gasoline Fuel,6-Speed M/T,Gray,Black,None reported,Yes,28000.0,5,848.8333333333334,0,0,4666.666666666667
Bentley,Bentayga W12 Signature,2018,31875,Gasoline,600.0HP 6.0L 12 Cylinder Engine Gasoline Fuel,8-Speed A/T,White,Black,None reported,Yes,115785.0,8,3541.6666666666665,0,0,12865.0
Mercedes-Benz,S-Class S500,2005,175722,Gasoline,302.0HP 5.0L 8 Cylinder Engine Gasoline Fuel,A/T,White,Beige,None reported,Yes,7000.0,21,7987.363636363636,1,0,318.1818181818182
BMW,M6 Base,2015,17900,Gasoline,560.0HP 4.4L 8 Cylinder Engine Gasoline Fuel,Transmission w/Dual Shift Mode,Black,Black,None reported,Yes,59900.0,11,1491.6666666666667,1,0,4991.666666666667
GMC,Yukon SLT,2015,142792,Gasoline,355.0HP 5.3L 8 Cylinder Engine Gasoline Fuel,6-Speed A/T,White,Brown,None reported,Yes,22999.0,11,11899.333333333334,0,0,1916.5833333333333
BMW,750 iL,2001,53814,Gasoline,326.0HP 5.4L 12 Cylinder Engine Gasoline Fuel,5-Speed A/T,Gray,Gray,Unknown,Unknown,11800.0,25,2069.769230769231,1,1,453.84615384615387
Toyota,Tundra Limited,2010,89400,Gasoline,381.0HP 5.7L 8 Cylinder Engine Gasoline Fuel,A/T,White,Gray,None reported,Yes,26900.0,16,5258.823529411765,0,0,1582.3529411764705
Chrysler,300C Base,2007,86000,Gasoline,340.0HP 5.7L 8 Cylinder Engine Gasoline Fuel,5-Speed A/T,Gray,Black,None reported,Yes,15000.0,19,4300.0,0,0,750.0
smart,ForTwo Pure,2008,61595,Gasoline,70.0HP 1.0L 3 Cylinder Engine Gasoline Fuel,5-Speed A/T,Blue,Gray,None reported,Yes,5000.0,18,3241.842105263158,0,0,263.1578947368421
Toyota,Tundra SR,2018,74000,E85 Flex Fuel,381.0HP 5.7L 8 Cylinder Engine Flex Fuel Capability,6-Speed A/T,Beige,Black,At least 1 accident or damage reported,Yes,38000.0,8,8222.222222222223,0,1,4222.222222222223
Hummer,H2 Base,2004,130000,Gasoline,316.0HP 6.0L 8 Cylinder Engine Gasoline Fuel,4-Speed A/T,Black,Black,At least 1 accident or damage reported,Yes,16500.0,22,5652.173913043478,0,1,717.3913043478261
BMW,ALPINA B7 Base,2015,86000,Gasoline,540.0HP 4.4L 8 Cylinder Engine Gasoline Fuel,8-Speed A/T,Black,White,At least 1 accident or damage reported,Yes,29000.0,11,7166.666666666667,1,1,2416.6666666666665
Land,Rover Range Rover Sport Supercharged,2008,140600,Gasoline,390.0HP 4.2L 8 Cylinder Engine Gasoline Fuel,6-Speed A/T,Red,Beige,None reported,Yes,7500.0,18,7400.0,1,0,394.7368421052632
Audi,A4 2.0T Tech Premium,2018,27532,Gasoline,252.0HP 2.0L 4 Cylinder Engine Gasoline Fuel,7-Speed A/T,Gray,Black,None reported,Yes,27900.0,8,3059.1111111111113,1,0,3100.0
Ford,Focus SE,2017,91000,E85 Flex Fuel,160.0HP 2.0L 4 Cylinder Engine Flex Fuel Capability,6-Speed A/T,Gray,Black,None reported,Yes,12500.0,9,9100.0,0,0,1250.0
Mercedes-Benz,E-Class E 550 4MATIC,2014,63000,Gasoline,402.0HP 4.7L 8 Cylinder Engine Gasoline Fuel,7-Speed A/T,Silver,Black,None reported,Yes,28500.0,12,4846.153846153846,1,0,2192.3076923076924
Jeep,Wrangler Unlimited 4xe Sahara,2022,10500,Plug-In Hybrid,375.0HP 2.0L 4 Cylinder Engine Plug-In Electric/Gas,8-Speed A/T,Green,Beige,None reported,Yes,49999.0,4,2100.0,0,0,9999.8
Mercedes-Benz,M-Class ML 350 4MATIC,2014,75073,E85 Flex Fuel,302.0HP 3.5L V6 Cylinder Engine Flex Fuel Capability,7-Speed A/T,Gray,Black,None reported,Yes,21500.0,12,5774.846153846154,1,0,1653.8461538461538
Jeep,Wrangler Sahara,2008,140000,Gasoline,202.0HP 3.8L V6 Cylinder Engine Gasoline Fuel,A/T,Silver,–,At least 1 accident or damage reported,Yes,9000.0,18,7368.421052631579,0,1,473.6842105263158
Mercedes-Benz,A-Class A 220 4MATIC,2019,30300,Gasoline,188.0HP 2.0L 4 Cylinder Engine Gasoline Fuel,7-Speed A/T,Silver,Black,None reported,Yes,30500.0,7,3787.5,1,0,3812.5
Chevrolet,Malibu 1LT,2009,139000,Gasoline,169.0HP 2.4L 4 Cylinder Engine Gasoline Fuel,A/T,White,Black,None reported,Yes,4200.0,17,7722.222222222223,0,0,233.33333333333334
Hummer,H3 Base,2006,118000,Gasoline,220.0HP 3.5L 5 Cylinder Engine Gasoline Fuel,A/T,Gray,Black,None reported,Yes,17900.0,20,5619.047619047619,0,0,852.3809523809524
BMW,i8 Base,2015,51000,Plug-In Hybrid,357.0HP 1.5L 3 Cylinder Engine Plug-In Electric/Gas,Transmission w/Dual Shift Mode,Gray,Brown,None reported,Yes,53000.0,11,4250.0,1,0,4416.666666666667
Cadillac,XLR Base,2009,69423,Gasoline,320.0HP 4.6L 8 Cylinder Engine Gasoline Fuel,A/T,Red,Beige,None reported,Yes,36500.0,17,3856.8333333333335,0,0,2027.7777777777778
Lincoln,MKZ Select,2017,52284,Gasoline,240.0HP 2.0L 4 Cylinder Engine Gasoline Fuel,6-Speed A/T,Blue,Beige,At least 1 accident or damage reported,Yes,12500.0,9,5228.4,0,1,1250.0
Chevrolet,Silverado 1500 W/T,2006,111228,Gasoline,195.0HP 4.3L V6 Cylinder Engine Gasoline Fuel,A/T,Blue,Gray,At least 1 accident or damage reported,Yes,4000.0,20,5296.571428571428,0,1,190.47619047619048
Land,Rover Range Rover Sport HSE,2019,52300,Gasoline,340.0HP 3.0L V6 Cylinder Engine Gasoline Fuel,Transmission w/Dual Shift Mode,Black,Black,None reported,Yes,49900.0,7,6537.5,1,0,6237.5
Nissan,Titan SL,2021,95993,Gasoline,5.6L V8 32V GDI DOHC,9-Speed Automatic,White,Black,None reported,Yes,32612.0,5,15998.833333333334,0,0,5435.333333333333
Kia,Telluride SX,2022,26716,Gasoline,"LAMBDA II 3.8L V-6 gasoline direct injection, DOHC, D-CVVT varia",Automatic,Dark Moss,Black,None reported,Unknown,47541.0,4,5343.2,0,0,9508.2
Chevrolet,Tahoe RST,2023,39517,Gasoline,5.3L V8 16V GDI OHV,10-Speed Automatic,Black,Jet Black,At least 1 accident or damage reported,Unknown,67190.0,3,9879.25,0,1,16797.5
Ford,Mustang GT Premium,2019,31600,Gasoline,460.0HP 5.0L 8 Cylinder Engine Gasoline Fuel,6-Speed M/T,Blue,Gray,None reported,Yes,41000.0,7,3950.0,0,0,5125.0
BMW,330 i,2017,83298,Gasoline,248.0HP 2.0L 4 Cylinder Engine Gasoline Fuel,A/T,Black,Black,None reported,Yes,18300.0,9,8329.8,1,0,1830.0
Land,Rover Range Rover Sport 3.0L Supercharged HSE,2017,95212,Gasoline,340.0HP 3.0L V6 Cylinder Engine Gasoline Fuel,8-Speed A/T,Brown,Beige,None reported,Yes,31599.0,9,9521.2,1,0,3159.9
Porsche,911 Carrera,2010,61600,Gasoline,345.0HP 3.6L Flat 6 Cylinder Engine Gasoline Fuel,7-Speed A/T,Black,Black,None reported,Yes,51750.0,16,3623.529411764706,1,0,3044.1176470588234
INFINITI,QX56 Base,2011,130921,Gasoline,400.0HP 5.6L 8 Cylinder Engine Gasoline Fuel,Transmission Overdrive Switch,White,Beige,None reported,Yes,12000.0,15,8182.5625,0,0,750.0
RAM,2500 Tradesman,2020,41000,Gasoline,410.0HP 6.4L 8 Cylinder Engine Gasoline Fuel,8-Speed A/T,White,Gray,Unknown,Unknown,45515.0,6,5857.142857142857,0,1,6502.142857142857
BMW,840 i xDrive,2024,1500,Gasoline,335.0HP 3.0L Straight 6 Cylinder Engine Gasoline Fuel,A/T,Gray,Brown,None reported,Yes,90000.0,2,500.0,1,0,30000.0
MINI,Clubman Cooper S ALL4,2017,79950,Gasoline,189.0HP 2.0L 4 Cylinder Engine Gasoline Fuel,A/T,Blue,Black,None reported,Yes,17390.0,9,7995.0,0,0,1739.0
Cadillac,Escalade ESV Premium Luxury Platinum,2021,31500,Gasoline,420.0HP 6.2L 8 Cylinder Engine Gasoline Fuel,A/T,White,Beige,None reported,Yes,95000.0,5,5250.0,0,0,15833.333333333334
Audi,R8 5.2 V10 plus,2017,61000,Gasoline,610.0HP 5.2L 10 Cylinder Engine Gasoline Fuel,Transmission w/Dual Shift Mode,Gray,Black,None reported,Yes,140000.0,9,6100.0,1,0,14000.0
RAM,2500 Big Horn,2021,45867,Gasoline,6.4L V8 16V MPFI OHV,Automatic,Billet Silver Metallic Clearcoat,Diesel Gray / Black,None reported,Yes,43449.0,5,7644.5,0,0,7241.5
Porsche,911 Carrera 4,2014,22700,Gasoline,350.0HP 3.4L Flat 6 Cylinder Engine Gasoline Fuel,7-Speed M/T,Silver,Black,At least 1 accident or damage reported,Yes,85500.0,12,1746.1538461538462,1,1,6576.923076923077
Bentley,Continental GT Base,2009,43000,Gasoline,552.0HP 6.0L 12 Cylinder Engine Gasoline Fuel,A/T,Black,Black,None reported,Yes,48500.0,17,2388.8888888888887,0,0,2694.4444444444443
Toyota,Tundra SR5,2015,99000,Gasoline,310.0HP 4.6L 8 Cylinder Engine Gasoline Fuel,6-Speed A/T,Gray,Gray,None reported,Yes,27000.0,11,8250.0,0,0,2250.0
Toyota,4Runner SR5,2006,135000,Gasoline,236.0HP 4.0L V6 Cylinder Engine Gasoline Fuel,A/T,White,Gray,None reported,Yes,16900.0,20,6428.571428571428,0,0,804.7619047619048
Cadillac,CTS 2.0L Turbo Luxury,2019,46000,Gasoline,265.0HP 2.0L 4 Cylinder Engine Gasoline Fuel,8-Speed A/T,Black,Beige,At least 1 accident or damage reported,Yes,29000.0,7,5750.0,0,1,3625.0
Ford,Focus SE,2014,79615,Gasoline,2.0L I4 16V GDI DOHC,6-Speed Automatic with Auto-Shift,Black,Charcoal Black,None reported,Yes,10995.0,12,6124.2307692307695,0,0,845.7692307692307
BMW,M5 Base,2021,13250,Gasoline,4.4L V8 32V GDI DOHC Twin Turbo,8-Speed Automatic,Alpine White,Aragon Brown,None reported,Unknown,86900.0,5,2208.3333333333335,1,0,14483.333333333334
Land,Rover Range Rover 3.0L V6 Supercharged HSE,2019,41200,Gasoline,380.0HP 3.0L V6 Cylinder Engine Gasoline Fuel,Transmission w/Dual Shift Mode,Black,Black,None reported,Yes,60500.0,7,5150.0,1,0,7562.5
Cadillac,Escalade ESV Luxury,2016,116500,Gasoline,420.0HP 6.2L 8 Cylinder Engine Gasoline Fuel,8-Speed A/T,Black,Brown,At least 1 accident or damage reported,Yes,30500.0,10,10590.90909090909,0,1,2772.7272727272725
Acura,NSX Base,1993,75980,–,–,A/T,Silver,Black,None reported,Yes,90200.0,33,2234.705882352941,0,0,2652.9411764705883
Chevrolet,Corvette Z06,2018,24059,Gasoline,650.0HP 6.2L 8 Cylinder Engine Gasoline Fuel,8-Speed A/T,Gray,Black,None reported,Yes,87150.0,8,2673.222222222222,0,0,9683.333333333334
Audi,Q5 2.0T Premium Plus,2015,118500,E85 Flex Fuel,220.0HP 2.0L 4 Cylinder Engine Flex Fuel Capability,A/T,Silver,Black,At least 1 accident or damage reported,Yes,15400.0,11,9875.0,1,1,1283.3333333333333
BMW,ALPINA B7 ALPINA B7 xDrive,2020,15097,Gasoline,4.4 Liter Twin Turbo,Automatic,Frozen Dark Silver Metallic,Black,None reported,Unknown,99998.0,6,2156.714285714286,1,0,14285.42857142857
Maserati,Ghibli S Q4,2018,20000,Gasoline,424.0HP 3.0L V6 Cylinder Engine Gasoline Fuel,A/T,White,Brown,None reported,Yes,43000.0,8,2222.222222222222,0,0,4777.777777777777
BMW,228 Gran Coupe i xDrive,2020,10426,Gasoline,2.0 Liter Turbo,Automatic,Black Sapphire Metallic,Oyster/Black,None reported,Unknown,30798.0,6,1489.4285714285713,1,0,4399.714285714285
Ford,Expedition Limited,2023,9500,Gasoline,400.0HP 3.5L V6 Cylinder Engine Gasoline Fuel,10-Speed A/T,Black,Red,At least 1 accident or damage reported,Yes,63500.0,3,2375.0,0,1,15875.0
Nissan,Frontier SE Crew Cab,2006,134000,Gasoline,265.0HP 4.0L V6 Cylinder Engine Gasoline Fuel,A/T,Gray,Gray,At least 1 accident or damage reported,Yes,8500.0,20,6380.952380952381,0,1,404.76190476190476
Subaru,BRZ Limited,2022,10500,Gasoline,228.0HP 2.4L 4 Cylinder Engine Gasoline Fuel,Transmission w/Dual Shift Mode,Gray,–,None reported,Yes,32500.0,4,2100.0,0,0,6500.0
Chevrolet,Malibu LT,2018,53100,Gasoline,160.0HP 1.5L 4 Cylinder Engine Gasoline Fuel,6-Speed A/T,Red,Black,None reported,Yes,17500.0,8,5900.0,0,0,1944.4444444444443
Ford,Focus SEL,2017,80134,E85 Flex Fuel,2.0L I4 16V GDI DOHC Flexible Fuel,6-Speed Automatic with Auto-Shift,White,Charcoal Black,None reported,Yes,13895.0,9,8013.4,0,0,1389.5
Nissan,Rogue Sport S,2021,24000,Gasoline,141.0HP 2.0L 4 Cylinder Engine Gasoline Fuel,A/T,Gray,Black,None reported,Yes,25500.0,5,4000.0,0,0,4250.0
Volvo,C70 T5,2006,61000,Gasoline,218.0HP 2.5L 5 Cylinder Engine Gasoline Fuel,6-Speed M/T,Blue,Beige,None reported,Yes,10299.0,20,2904.7619047619046,0,0,490.42857142857144
Lincoln,Nautilus Reserve,2021,19700,Gasoline,335.0HP 2.7L V6 Cylinder Engine Gasoline Fuel,A/T,White,Beige,None reported,Yes,48000.0,5,3283.3333333333335,0,0,8000.0
Mercedes-Benz,AMG GT Base,2018,28182,Gasoline,469.0HP 4.0L 8 Cylinder Engine Gasoline Fuel,7-Speed A/T,White,Brown,At least 1 accident or damage reported,Yes,84500.0,8,3131.3333333333335,1,1,9388.888888888889
Ford,Mustang EcoBoost Premium,2017,59500,Gasoline,310.0HP 2.3L 4 Cylinder Engine Gasoline Fuel,A/T,Black,Black,At least 1 accident or damage reported,Yes,21000.0,9,5950.0,0,1,2100.0
Ford,Ranger XLT,1999,115402,E85 Flex Fuel,152.0HP 3.0L V6 Cylinder Engine Flex Fuel Capability,A/T,Gold,Beige,None reported,Yes,8000.0,27,4121.5,0,0,285.7142857142857
GMC,Yukon SLT,2018,85500,Gasoline,355.0HP 5.3L 8 Cylinder Engine Gasoline Fuel,A/T,Black,Black,At least 1 accident or damage reported,Yes,35899.0,8,9500.0,0,1,3988.777777777778
RAM,2500 Big Horn,2020,51000,Gasoline,410.0HP 6.4L 8 Cylinder Engine Gasoline Fuel,6-Speed A/T,Red,Black,None reported,Yes,44900.0,6,7285.714285714285,0,0,6414.285714285715
Tesla,Model Y Performance,2021,17500,Gasoline,455.0HP Electric Motor Electric Fuel System,A/T,Gray,White,None reported,Yes,45000.0,5,2916.6666666666665,1,0,7500.0
Lexus,ES 350 Base,2011,132000,Gasoline,272.0HP 3.5L V6 Cylinder Engine Gasoline Fuel,A/T,Black,Beige,None reported,Yes,9999.0,15,8250.0,1,0,624.9375
Jeep,Wrangler Rubicon Hard Rock,2016,67882,Gasoline,3.6 Liter,Automatic,White,Black,None reported,Unknown,32798.0,10,6171.090909090909,0,0,2981.6363636363635
Volvo,XC90 T6 Momentum,2018,62000,Gasoline,316.0HP 2.0L 4 Cylinder Engine Gasoline Fuel,8-Speed A/T,Silver,Black,None reported,Yes,30500.0,8,6888.888888888889,0,0,3388.8888888888887
Porsche,911 R,2016,12454,Gasoline,500.0HP 4.0L Flat 6 Cylinder Engine Gasoline Fuel,6-Speed M/T,Purple,Black,None reported,Yes,210000.0,10,1132.1818181818182,1,0,19090.909090909092
BMW,M6 Gran Coupe Base,2017,27965,Gasoline,560.0HP 4.4L 8 Cylinder Engine Gasoline Fuel,7-Speed A/T,Green,Black,None reported,Yes,58000.0,9,2796.5,1,0,5800.0
Cadillac,Escalade ESV Platinum Edition,2013,119000,E85 Flex Fuel,403.0HP 6.2L 8 Cylinder Engine Flex Fuel Capability,A/T,Black,Black,Unknown,Unknown,20500.0,13,8500.0,0,1,1464.2857142857142
BMW,X5 xDrive35i,2018,48000,Gasoline,300.0HP 3.0L Straight 6 Cylinder Engine Gasoline Fuel,8-Speed A/T,Black,Black,None reported,Yes,32000.0,8,5333.333333333333,1,0,3555.5555555555557
BMW,X5 xDrive40i,2020,5541,Gasoline,3.0 Liter Turbo,Automatic,White,Black,None reported,Unknown,56598.0,6,791.5714285714286,1,0,8085.428571428572
Mitsubishi,Outlander SEL,2018,29000,Gasoline,166.0HP 2.4L 4 Cylinder Engine Gasoline Fuel,A/T,Red,Beige,None reported,Yes,19500.0,8,3222.222222222222,0,0,2166.6666666666665
Dodge,Ram 1500 ST,2010,131100,E85 Flex Fuel,310.0HP 4.7L 8 Cylinder Engine Flex Fuel Capability,A/T,White,Gray,At least 1 accident or damage reported,Yes,12995.0,16,7711.764705882353,0,1,764.4117647058823
Subaru,Impreza 2.0i,2015,102242,Gasoline,"2L H-4 DOHC, variable valve control, regular unleaded, engine wi",Manual,Quartz Blue Pearl,Black,At least 1 accident or damage reported,Unknown,11498.0,11,8520.166666666666,0,1,958.1666666666666
Mercedes-Benz,Maybach S S 600,2016,18069,Gasoline,523.0HP 6.0L 12 Cylinder Engine Gasoline Fuel,7-Speed A/T,Black,Black,None reported,Yes,79999.0,10,1642.6363636363637,1,0,7272.636363636364
Kia,Sportage LX,2023,13000,Gasoline,187.0HP 2.5L 4 Cylinder Engine Gasoline Fuel,A/T,White,Black,None reported,Yes,31900.0,3,3250.0,0,0,7975.0
Porsche,911 Turbo Cabriolet,2008,51000,Gasoline,480.0HP 3.6L Flat 6 Cylinder Engine Gasoline Fuel,Transmission w/Dual Shift Mode,Silver,Black,At least 1 accident or damage reported,Yes,69500.0,18,2684.2105263157896,1,1,3657.8947368421054
Hummer,H3 Base,2007,137333,Gasoline,242.0HP 3.7L 5 Cylinder Engine Gasoline Fuel,4-Speed A/T,Blue,Black,At least 1 accident or damage reported,Yes,10000.0,19,6866.65,0,1,500.0
Buick,LaCrosse Leather,2014,125559,Gasoline,304.0HP 3.6L V6 Cylinder Engine Gasoline Fuel,A/T,White,Beige,At least 1 accident or damage reported,Yes,11200.0,12,9658.384615384615,0,1,861.5384615384615
Chevrolet,Silverado 1500 High Country,2020,88161,Gasoline,6.2L V8 16V GDI OHV,Automatic,Iridescent Pearl Tricoat,Jet Black,At least 1 accident or damage reported,Yes,48889.0,6,12594.42857142857,0,1,6984.142857142857
Toyota,4Runner SR5,2016,101900,Gasoline,270.0HP 4.0L V6 Cylinder Engine Gasoline Fuel,5-Speed A/T,Black,Black,None reported,Yes,29000.0,10,9263.636363636364,0,0,2636.3636363636365
Cadillac,Escalade ESV Luxury,2015,159500,Gasoline,420.0HP 6.2L 8 Cylinder Engine Gasoline Fuel,6-Speed A/T,Black,Black,At least 1 accident or damage reported,Yes,18800.0,11,13291.666666666666,0,1,1566.6666666666667
Subaru,Legacy 2.5i Premium,2015,68860,Gasoline,175.0HP 2.5L 4 Cylinder Engine Gasoline Fuel,CVT Transmission,Silver,Beige,At least 1 accident or damage reported,Yes,15000.0,11,5738.333333333333,0,1,1250.0
Tesla,Model 3 Long Range,2018,43000,Gasoline,271.0HP Electric Motor Electric Fuel System,1-Speed A/T,Red,Black,At least 1 accident or damage reported,Yes,30499.0,8,4777.777777777777,1,1,3388.777777777778
Ford,Expedition EL XLT,2017,182000,Gasoline,365.0HP 3.5L V6 Cylinder Engine Gasoline Fuel,A/T,Black,Black,At least 1 accident or damage reported,Yes,16500.0,9,18200.0,0,1,1650.0
Tesla,Model Y Long Range,2022,21404,Gasoline,425.0HP Electric Motor Electric Fuel System,A/T,White,White,None reported,Yes,49500.0,4,4280.8,1,0,9900.0
Ford,Expedition EL Limited,2017,81000,Gasoline,365.0HP 3.5L V6 Cylinder Engine Gasoline Fuel,Transmission w/Dual Shift Mode,Black,Black,None reported,Yes,27000.0,9,8100.0,0,0,2700.0
Chevrolet,Silverado 1500 LTZ,2021,62257,Gasoline,5.3L V8 16V GDI OHV,8-Speed Automatic,Satin Steel Metallic,Gideon,None reported,Unknown,42590.0,5,10376.166666666666,0,0,7098.333333333333
BMW,X5 xDrive40e,2016,91798,Hybrid,Electric,Automatic,Alpine White,Black,None reported,Unknown,22998.0,10,8345.272727272728,1,0,2090.7272727272725
BMW,335 is,2011,82000,Gasoline,320.0HP 3.0L Straight 6 Cylinder Engine Gasoline Fuel,7-Speed A/T,Gray,Black,At least 1 accident or damage reported,Yes,20000.0,15,5125.0,1,1,1250.0
Ford,F-150 XLT,2012,207100,Gasoline,365.0HP 3.5L V6 Cylinder Engine Gasoline Fuel,6-Speed A/T,Black,Gray,At least 1 accident or damage reported,Yes,15000.0,14,13806.666666666666,0,1,1000.0
Land,Rover Range Rover Sport P400 SE Dynamic,2023,450,Hybrid,395.0HP 3.0L Straight 6 Cylinder Engine Gasoline/Mild Electric Hybrid,8-Speed A/T,Blue,Black,None reported,Yes,124000.0,3,112.5,1,0,31000.0
Porsche,Panamera Edition,2016,77945,Gasoline,310.0HP 3.6L V6 Cylinder Engine Gasoline Fuel,A/T,Blue,Beige,At least 1 accident or damage reported,Yes,30000.0,10,7085.909090909091,1,1,2727.2727272727275
Kia,Sorento Plug-In Hybrid SX,2022,15583,Hybrid,1.6L I4 16V GDI DOHC Turbo Hybrid,6-Speed Automatic,Aurora Black,Gray,None reported,Unknown,40599.0,4,3116.6,0,0,8119.8
BMW,M240 i,2017,37100,Gasoline,335.0HP 3.0L Straight 6 Cylinder Engine Gasoline Fuel,8-Speed A/T,White,Black,At least 1 accident or damage reported,Yes,26125.0,9,3710.0,1,1,2612.5
Maserati,Quattroporte Base,2006,51000,Gasoline,394.0HP 4.2L 8 Cylinder Engine Gasoline Fuel,Transmission w/Dual Shift Mode,Blue,Beige,At least 1 accident or damage reported,Yes,18000.0,20,2428.5714285714284,0,1,857.1428571428571
Ford,F-150 XLT,2017,94000,Gasoline,325.0HP 2.7L V6 Cylinder Engine Gasoline Fuel,6-Speed A/T,White,Black,None reported,Yes,26000.0,9,9400.0,0,0,2600.0
Land,Rover Discovery S,2003,121886,Gasoline,217.0HP 4.6L 8 Cylinder Engine Gasoline Fuel,A/T,White,Beige,At least 1 accident or damage reported,Yes,6000.0,23,5078.583333333333,1,1,250.0
Ford,F-250 XLT Crew Cab Super Duty,2008,157500,Gasoline,300.0HP 5.4L 8 Cylinder Engine Gasoline Fuel,5-Speed A/T,Green,Gray,At least 1 accident or damage reported,Yes,15000.0,18,8289.473684210527,0,1,789.4736842105264
Ford,Taurus SHO,2014,138415,Gasoline,365.0HP 3.5L V6 Cylinder Engine Gasoline Fuel,A/T,Silver,Black,At least 1 accident or damage reported,Yes,15500.0,12,10647.307692307691,0,1,1192.3076923076924
Land,Rover Range Rover Sport HSE,2012,110000,Gasoline,375.0HP 5.0L 8 Cylinder Engine Gasoline Fuel,A/T,Silver,Black,None reported,Yes,10200.0,14,7333.333333333333,1,0,680.0
Cadillac,Escalade Sport,2023,8532,Diesel,3.0L I6 24V DDI DOHC Turbo Diesel,10-Speed Automatic with Overdrive,Black Raven,Jet Black,None reported,Unknown,109900.0,3,2133.0,0,0,27475.0
GMC,Sierra 1500 SLT,2021,12941,Gasoline,355.0HP 5.3L 8 Cylinder Engine Gasoline Fuel,A/T,White,Black,At least 1 accident or damage reported,Yes,51500.0,5,2156.8333333333335,0,1,8583.333333333334
BMW,335 i xDrive,2009,69764,Gasoline,300.0HP 3.0L Straight 6 Cylinder Engine Gasoline Fuel,6-Speed M/T,Black,Black,None reported,Yes,19500.0,17,3875.777777777778,1,0,1083.3333333333333
Porsche,911 Carrera 4S,2003,90000,Gasoline,315.0HP 3.6L Flat 6 Cylinder Engine Gasoline Fuel,6-Speed M/T,Silver,Black,Unknown,Unknown,24000.0,23,3750.0,1,1,1000.0
Audi,Q5 S line Premium,2022,8193,Hybrid,2.0 Liter TFSI,Automatic,Florett Silver,Black,None reported,Unknown,42598.0,4,1638.6,1,0,8519.6
Lexus,RX 350 F Sport Performance,2020,43277,Gasoline,3.5L V6 24V PDI DOHC,8-Speed Automatic,Caviar,Black,None reported,Unknown,43599.0,6,6182.428571428572,1,0,6228.428571428572
Audi,S4 3.0T Premium Plus,2018,26500,Gasoline,354.0HP 3.0L V6 Cylinder Engine Gasoline Fuel,8-Speed A/T,Gray,Black,At least 1 accident or damage reported,Yes,38000.0,8,2944.4444444444443,1,1,4222.222222222223
Chevrolet,Silverado 1500 LT,2019,36021,Gasoline,2.7L I4 16V GDI DOHC Turbo,Automatic,Cajun Red Tintcoat,Jet Black,Unknown,Unknown,35670.0,7,4502.625,0,1,4458.75
Chevrolet,Colorado Z71,2019,25462,Gasoline,3.6L V6 24V GDI DOHC,Automatic,Shadow Gray Metallic,Jet Black,None reported,Unknown,36139.0,7,3182.75,0,0,4517.375
Audi,A5 2.0T Prestige,2018,35850,Gasoline,252.0HP 2.0L 4 Cylinder Engine Gasoline Fuel,7-Speed A/T,White,Black,None reported,Yes,33000.0,8,3983.3333333333335,1,0,3666.6666666666665
Mazda,Mazda3 s Sport,2008,77700,Gasoline,156.0HP 2.3L 4 Cylinder Engine Gasoline Fuel,5-Speed M/T,Red,Black,None reported,Yes,6300.0,18,4089.4736842105262,0,0,331.57894736842104
Jaguar,E-PACE 300 Sport,2021,23600,Hybrid,296.0HP 2.0L 4 Cylinder Engine Gasoline/Mild Electric Hybrid,9-Speed A/T,Black,Black,None reported,Yes,42999.0,5,3933.3333333333335,1,0,7166.5
Ferrari,GTC4Lusso T,2019,8870,Gasoline,3.9L V8 32V GDI DOHC Twin Turbo,7-Speed DCT Automatic,Nero Daytona,–,None reported,Yes,215000.0,7,1108.75,0,0,26875.0
Toyota,Celica GT,2001,122000,Gasoline,140.0HP 1.8L 4 Cylinder Engine Gasoline Fuel,5-Speed M/T,Blue,Gray,None reported,Yes,7800.0,25,4692.307692307692,0,0,300.0
Ford,Excursion Limited 4WD,2003,245000,Diesel,325.0HP 6.0L 8 Cylinder Engine Diesel Fuel,A/T,Black,Beige,At least 1 accident or damage reported,Yes,17999.0,23,10208.333333333334,0,1,749.9583333333334
Porsche,718 Spyder Base,2022,4700,Gasoline,414.0HP 4.0L Flat 6 Cylinder Engine Gasoline Fuel,6-Speed M/T,White,Black,None reported,Yes,134000.0,4,940.0,1,0,26800.0
Subaru,WRX STI Base,2016,84100,Gasoline,305.0HP 2.5L 4 Cylinder Engine Gasoline Fuel,M/T,Gray,Black,None reported,Yes,34000.0,10,7645.454545454545,0,0,3090.909090909091
Audi,A6 45 Premium Plus,2021,33000,Hybrid,248.0HP 2.0L 4 Cylinder Engine Gasoline/Mild Electric Hybrid,A/T,Black,Black,None reported,Yes,40000.0,5,5500.0,1,0,6666.666666666667
Tesla,Model S P100D,2018,10065,Gasoline,Electric,1-Speed Automatic,Red Multi,White,None reported,Unknown,59999.0,8,1118.3333333333333,1,0,6666.555555555556
Mercedes-Benz,AMG GT R,2018,3811,Gasoline,577.0HP 4.0L 8 Cylinder Engine Gasoline Fuel,7-Speed A/T,Black,Black,None reported,Yes,148500.0,8,423.44444444444446,1,0,16500.0
Acura,RDX PMC Edition,2021,44457,Gasoline,2.0 Liter Turbo,2,Majestic Black Pearl,Ebony,None reported,Unknown,40598.0,5,7409.5,0,0,6766.333333333333
Audi,S4 3.0T Premium Plus,2013,139355,Gasoline,333.0HP 3.0L V6 Cylinder Engine Gasoline Fuel,7-Speed A/T,Black,Black,None reported,Yes,20900.0,13,9953.92857142857,1,0,1492.857142857143
Lotus,Evora Base,2010,9100,Gasoline,276.0HP 3.5L V6 Cylinder Engine Gasoline Fuel,6-Speed M/T,Black,White,None reported,Yes,55000.0,16,535.2941176470588,0,0,3235.294117647059
Mercedes-Benz,S-Class S 560 4MATIC,2019,10500,Gasoline,463.0HP 4.0L 8 Cylinder Engine Gasoline Fuel,9-Speed A/T,Silver,Brown,None reported,Yes,77900.0,7,1312.5,1,0,9737.5
Chevrolet,Silverado 1500 RST,2023,5006,Gasoline,5.3L V8 16V GDI OHV,10-Speed Automatic,Dark Ash Metallic,Black,None reported,Unknown,59590.0,3,1251.5,0,0,14897.5
Hyundai,Genesis Coupe 2.0T R-Spec,2013,55000,Gasoline,260.0HP 2.0L 4 Cylinder Engine Gasoline Fuel,6-Speed M/T,White,Red,Unknown,Unknown,18000.0,13,3928.5714285714284,0,1,1285.7142857142858
BMW,M3 Competition,2021,33500,Gasoline,503.0HP 3.0L Straight 6 Cylinder Engine Gasoline Fuel,8-Speed A/T,Gray,Black,None reported,Yes,71000.0,5,5583.333333333333,1,0,11833.333333333334
BMW,435 i,2014,126500,Gasoline,300.0HP 3.0L Straight 6 Cylinder Engine Gasoline Fuel,A/T,White,Black,None reported,Yes,15000.0,12,9730.76923076923,1,0,1153.8461538461538
Land,Rover Range Rover Evoque HSE Dynamic,2016,79000,Gasoline,240.0HP 2.0L 4 Cylinder Engine Gasoline Fuel,9-Speed A/T,Red,Red,None reported,Yes,24000.0,10,7181.818181818182,1,0,2181.818181818182
Porsche,911 Targa 4 GTS,2018,19000,Gasoline,450.0HP 3.0L Flat 6 Cylinder Engine Gasoline Fuel,7-Speed A/T,Gray,Black,None reported,Yes,145000.0,8,2111.1111111111113,1,0,16111.111111111111
RAM,3500 Tradesman,2021,57000,Diesel,400.0HP 6.7L Straight 6 Cylinder Engine Diesel Fuel,6-Speed A/T,Blue,Gray,None reported,Yes,52000.0,5,9500.0,0,0,8666.666666666666
BMW,X5 xDrive40i,2020,4880,Gasoline,3.0 Liter Turbo,Automatic,White,Black,None reported,Unknown,57998.0,6,697.1428571428571,1,0,8285.42857142857
Acura,NSX Base,2018,6523,Hybrid,3.5L V6 24V PDI DOHC Twin Turbo Hybrid,9-Speed Automatic with Auto-Shift,White,Ebony,None reported,Unknown,143900.0,8,724.7777777777778,0,0,15988.888888888889
Mercedes-Benz,SL-Class SL500 Roadster,2005,127000,Gasoline,302.0HP 5.0L 8 Cylinder Engine Gasoline Fuel,7-Speed A/T,White,Beige,None reported,Yes,14000.0,21,5772.727272727273,1,0,636.3636363636364
Lexus,SC 430 Base,2002,89500,Gasoline,300.0HP 4.3L 8 Cylinder Engine Gasoline Fuel,A/T,Black,Black,None reported,Yes,15999.0,24,3580.0,1,0,639.96
Chevrolet,Silverado 1500 Base,2000,97000,Gasoline,200.0HP 4.3L V6 Cylinder Engine Gasoline Fuel,A/T,White,Gray,None reported,Yes,27500.0,26,3592.5925925925926,0,0,1018.5185185185185
Buick,Enclave Avenir,2021,31181,Gasoline,3.6L V6 24V GDI DOHC,9-Speed Automatic,Rich Garnet Metallic,Chestnut,At least 1 accident or damage reported,Yes,42442.0,5,5196.833333333333,0,1,7073.666666666667
Lexus,NX 300h Base,2020,16425,Hybrid,2.5L I4 16V MPFI DOHC Hybrid,Automatic CVT,Gray,Black,At least 1 accident or damage reported,Unknown,33200.0,6,2346.4285714285716,1,1,4742.857142857143
Lexus,RX 350 RX 350 F SPORT Handling,2022,11238,Gasoline,3.5 Liter DOHC,Automatic,Atomic Silver,Black,None reported,Unknown,54798.0,4,2247.6,1,0,10959.6
Chevrolet,Avalanche 1500 LS,2005,97146,E85 Flex Fuel,295.0HP 5.3L 8 Cylinder Engine Flex Fuel Capability,Transmission Overdrive Switch,Black,Gray,At least 1 accident or damage reported,Yes,7999.0,21,4415.727272727273,0,1,363.59090909090907
Mercedes-Benz,SL-Class SL400,2015,36670,Gasoline,3.0 Liter,Automatic,White,Tan,None reported,Unknown,39998.0,11,3055.8333333333335,1,0,3333.1666666666665
Chevrolet,Suburban Premier,2019,44800,Gasoline,420.0HP 6.2L 8 Cylinder Engine Gasoline Fuel,6-Speed A/T,Black,Black,None reported,Yes,52500.0,7,5600.0,0,0,6562.5
Ford,Transit-350 Base,2015,150000,Gasoline,310.0HP 3.5L V6 Cylinder Engine Gasoline Fuel,A/T,Black,Gray,At least 1 accident or damage reported,Yes,17100.0,11,12500.0,0,1,1425.0
INFINITI,QX60 Luxe,2020,38400,Gasoline,295.0HP 3.5L V6 Cylinder Engine Gasoline Fuel,A/T,Blue,Beige,None reported,Yes,32100.0,6,5485.714285714285,0,0,4585.714285714285
Bentley,Continental GTC Base,2008,7960,Gasoline,552.0HP 6.0L 12 Cylinder Engine Gasoline Fuel,6-Speed A/T,White,White,None reported,Yes,81500.0,18,418.94736842105266,0,0,4289.473684210527
Nissan,350Z Enthusiast,2007,117000,Gasoline,306.0HP 3.5L V6 Cylinder Engine Gasoline Fuel,A/T,Silver,Black,At least 1 accident or damage reported,Yes,9975.0,19,5850.0,0,1,498.75
Rivian,R1S Adventure Package,2023,159,Gasoline,533.0HP Electric Motor Electric Fuel System,A/T,White,Black,None reported,Yes,95500.0,3,39.75,0,0,23875.0
McLaren,570S Base,2017,30200,Gasoline,562.0HP 3.8L 8 Cylinder Engine Gasoline Fuel,Transmission w/Dual Shift Mode,Orange,Black,None reported,Yes,139000.0,9,3020.0,0,0,13900.0
Nissan,Altima 2.5 SL,2012,91545,Gasoline,175.0HP 2.5L 4 Cylinder Engine Gasoline Fuel,CVT Transmission,Silver,Black,None reported,Yes,8999.0,14,6103.0,0,0,599.9333333333333
Land,Rover Range Rover 5.0L Supercharged,2015,110000,E85 Flex Fuel,510.0HP 5.0L 8 Cylinder Engine Flex Fuel Capability,A/T,Black,–,At least 1 accident or damage reported,Yes,26499.0,11,9166.666666666666,1,1,2208.25
BMW,X5 xDrive35i,2017,105100,Gasoline,300.0HP 3.0L Straight 6 Cylinder Engine Gasoline Fuel,8-Speed A/T,Gray,Black,At least 1 accident or damage reported,Yes,23300.0,9,10510.0,1,1,2330.0
INFINITI,QX56 Base,2012,110000,Gasoline,400.0HP 5.6L 8 Cylinder Engine Gasoline Fuel,Transmission w/Dual Shift Mode,White,Beige,None reported,Yes,15600.0,14,7333.333333333333,0,0,1040.0
Ford,F-150 XLT,2019,81778,Gasoline,3.5L V6 24V PDI DOHC Twin Turbo,Automatic,Black,Medium Earth Gray,None reported,Yes,32769.0,7,10222.25,0,0,4096.125
Lexus,RX 450h Base,2010,168422,Hybrid,245.0HP 3.5L V6 Cylinder Engine Gas/Electric Hybrid,A/T,Black,Beige,At least 1 accident or damage reported,Yes,10900.0,16,9907.176470588236,1,1,641.1764705882352
Maserati,Ghibli S Q4 GranSport,2018,80500,Gasoline,424.0HP 3.0L V6 Cylinder Engine Gasoline Fuel,8-Speed A/T,Black,Black,None reported,Yes,34900.0,8,8944.444444444445,0,0,3877.777777777778
Volvo,XC90 T6 Momentum,2018,81200,Gasoline,316.0HP 2.0L 4 Cylinder Engine Gasoline Fuel,8-Speed A/T,Black,Black,At least 1 accident or damage reported,Yes,28825.0,8,9022.222222222223,0,1,3202.777777777778
Lamborghini,Huracan EVO Base,2020,6246,Gasoline,5.2L V10 40V GDI DOHC,7-Speed Automatic with Auto-Shift,Nero Noctis,Nero Ade,None reported,Yes,267950.0,6,892.2857142857143,0,0,38278.57142857143
Jeep,Wrangler Unlimited Rubicon,2017,20172,Gasoline,285.0HP 3.6L V6 Cylinder Engine Gasoline Fuel,Transmission w/Dual Shift Mode,Gray,Black,None reported,Yes,47500.0,9,2017.2,0,0,4750.0
Hummer,H2 Base,2005,145000,Gasoline,325.0HP 6.0L 8 Cylinder Engine Gasoline Fuel,4-Speed A/T,Green,Black,None reported,Yes,22500.0,21,6590.909090909091,0,0,1022.7272727272727
Ford,Flex Limited,2009,162000,Gasoline,262.0HP 3.5L V6 Cylinder Engine Gasoline Fuel,6-Speed A/T,Gray,Black,At least 1 accident or damage reported,Yes,7500.0,17,9000.0,0,1,416.6666666666667
Porsche,718 Cayman GT4,2020,13554,Gasoline,414.0HP 4.0L Flat 6 Cylinder Engine Gasoline Fuel,6-Speed M/T,Blue,Black,None reported,Yes,124995.0,6,1936.2857142857142,1,0,17856.428571428572
Toyota,Camry XLE,2007,59700,Gasoline,268.0HP 3.5L V6 Cylinder Engine Gasoline Fuel,6-Speed A/T,Green,Gray,None reported,Yes,9500.0,19,2985.0,0,0,475.0
Mercedes-Benz,A-Class A 220 4MATIC,2020,30930,Gasoline,2.0L I4 16V GDI DOHC Turbo,7-Speed Automatic with Auto-Shift,Midnight Black,Black,None reported,Unknown,28900.0,6,4418.571428571428,1,0,4128.571428571428
BMW,335 i,2009,51983,Gasoline,300.0HP 3.0L Straight 6 Cylinder Engine Gasoline Fuel,6-Speed M/T,Gray,White,None reported,Yes,19999.0,17,2887.9444444444443,1,0,1111.0555555555557
Chevrolet,Camaro 2SS,2022,22000,Gasoline,455.0HP 6.2L 8 Cylinder Engine Gasoline Fuel,6-Speed M/T,Blue,Black,None reported,Yes,50000.0,4,4400.0,0,0,10000.0
Volkswagen,ID.4 Pro S,2023,16800,Gasoline,295.0HP Electric Motor Electric Fuel System,1-Speed A/T,Gray,Black,None reported,Yes,45000.0,3,4200.0,0,0,11250.0
Chevrolet,Silverado 2500 High Country,2022,16000,Diesel,445.0HP 6.6L 8 Cylinder Engine Diesel Fuel,A/T,Black,Black,At least 1 accident or damage reported,Yes,73995.0,4,3200.0,0,1,14799.0
Nissan,Altima 2.5 SV,2020,22295,Gasoline,2.5L I4 16V GDI DOHC,Automatic CVT,Scarlet Ember,Gray,None reported,Unknown,23599.0,6,3185.0,0,0,3371.285714285714
Bentley,Continental GT V8,2020,33000,Gasoline,542.0HP 4.0L 8 Cylinder Engine Gasoline Fuel,A/T,Beige,Beige,None reported,Yes,188500.0,6,4714.285714285715,0,0,26928.571428571428
Toyota,Sequoia Platinum,2023,1025,Hybrid,437.0HP 3.4L V6 Cylinder Engine Gas/Electric Hybrid,10-Speed A/T,Black,Black,None reported,Yes,85000.0,3,256.25,0,0,21250.0
Acura,TL Technology,2013,89190,Gasoline,305.0HP 3.7L V6 Cylinder Engine Gasoline Fuel,6-Speed A/T,Gray,White,At least 1 accident or damage reported,Yes,15499.0,13,6370.714285714285,0,1,1107.0714285714287
Toyota,Highlander Limited,2020,53550,Gasoline,3.5L V6 24V PDI DOHC,8-Speed Automatic,Blue,Gray,None reported,Yes,39687.0,6,7650.0,0,0,5669.571428571428
Ford,Edge SEL,2021,56946,Gasoline,2.0L I4 16V GDI DOHC Turbo,8-Speed Automatic,Silver,Ebony,None reported,Yes,26299.0,5,9491.0,0,0,4383.166666666667
Jaguar,F-TYPE R,2016,11684,Gasoline,550.0HP 5.0L 8 Cylinder Engine Gasoline Fuel,8-Speed A/T,Black,Black,None reported,Yes,54900.0,10,1062.1818181818182,1,0,4990.909090909091
GMC,Yukon XL Denali,2018,45617,Gasoline,420.0HP 6.2L 8 Cylinder Engine Gasoline Fuel,A/T,White,Gray,None reported,Yes,51000.0,8,5068.555555555556,0,0,5666.666666666667
Chevrolet,Suburban LT,2018,75466,Gasoline,355.0HP 5.3L 8 Cylinder Engine Gasoline Fuel,6-Speed A/T,Gray,Black,None reported,Yes,34500.0,8,8385.111111111111,0,0,3833.3333333333335
Maserati,Levante GTS,2021,19513,Gasoline,3.8L V8 32V GDI DOHC Twin Turbo,8-Speed Automatic,Black,Red / Black,At least 1 accident or damage reported,Yes,84645.0,5,3252.1666666666665,0,1,14107.5
Subaru,Outback Limited,2021,15636,Gasoline,2.5L H4 16V GDI DOHC,Automatic CVT,Crystal Black Silica,Black,None reported,Unknown,33531.0,5,2606.0,0,0,5588.5
Mercedes-Benz,S-Class S 450,2018,69600,Gasoline,362.0HP 3.0L V6 Cylinder Engine Gasoline Fuel,9-Speed A/T,Black,Black,None reported,Yes,40888.0,8,7733.333333333333,1,0,4543.111111111111
Mercedes-Benz,GL-Class GL 450,2011,138050,Gasoline,335.0HP 4.7L 8 Cylinder Engine Gasoline Fuel,A/T,White,Beige,None reported,Yes,16500.0,15,8628.125,1,0,1031.25
Ford,F-250 Lariat,2017,132269,E85 Flex Fuel,385.0HP 6.2L 8 Cylinder Engine Flex Fuel Capability,A/T,Gray,Black,None reported,Yes,35900.0,9,13226.9,0,0,3590.0
Hyundai,Palisade Limited,2020,45815,Gasoline,291.0HP 3.8L V6 Cylinder Engine Gasoline Fuel,Transmission w/Dual Shift Mode,Silver,Black,None reported,Yes,37700.0,6,6545.0,0,0,5385.714285714285
Ford,F-150 XLT,2021,25352,Gasoline,3.5L V6 24V PDI DOHC Twin Turbo,10-Speed Automatic,Gray,Black,None reported,Yes,48459.0,5,4225.333333333333,0,0,8076.5
Mercedes-Benz,R-Class R 350 4MATIC,2008,120000,Gasoline,268.0HP 3.5L V6 Cylinder Engine Gasoline Fuel,7-Speed A/T,Silver,Black,None reported,Yes,8995.0,18,6315.789473684211,1,0,473.42105263157896
Chevrolet,Camaro 2SS,2018,75151,Gasoline,455.0HP 6.2L 8 Cylinder Engine Gasoline Fuel,6-Speed M/T,Gray,Black,At least 1 accident or damage reported,Yes,45000.0,8,8350.111111111111,0,1,5000.0
Jeep,Wrangler Sport,2016,74139,Gasoline,285.0HP 3.6L V6 Cylinder Engine Gasoline Fuel,6-Speed M/T,Red,Black,None reported,Yes,23000.0,10,6739.909090909091,0,0,2090.909090909091
Chevrolet,1500 Cheyenne,1994,170443,–,–,A/T,Red,–,At least 1 accident or damage reported,Yes,6000.0,32,5164.939393939394,0,1,181.8181818181818
Jaguar,XJ6 Vanden Plas,1995,70000,–,–,A/T,Gold,–,None reported,Yes,19000.0,31,2187.5,1,0,593.75
BMW,550 i xDrive,2012,68500,Gasoline,400.0HP 4.4L 8 Cylinder Engine Gasoline Fuel,Transmission w/Dual Shift Mode,Black,Black,None reported,Yes,17800.0,14,4566.666666666667,1,0,1186.6666666666667
Lexus,GX 460 Luxury,2020,37366,Gasoline,4.6L V8 32V MPFI DOHC,6-Speed Automatic,White,–,Unknown,Unknown,51890.0,6,5338.0,1,1,7412.857142857143
Tesla,Model S Long Range,2021,35315,Gasoline,670.0HP Electric Motor Electric Fuel System,1-Speed A/T,White,Black,None reported,Yes,66900.0,5,5885.833333333333,1,0,11150.0
Volkswagen,Jetta 1.4T SE,2017,61000,Gasoline,150.0HP 1.4L 4 Cylinder Engine Gasoline Fuel,A/T,White,Black,None reported,Yes,15995.0,9,6100.0,0,0,1599.5
Jeep,Grand Cherokee Limited,2022,12050,Gasoline,3.6L V6 24V MPFI DOHC,8-Speed Automatic,Bright White Clearcoat,Global Black,None reported,Unknown,41599.0,4,2410.0,0,0,8319.8
Jaguar,XK8 Base,2001,150000,Gasoline,290.0HP 4.0L 8 Cylinder Engine Gasoline Fuel,5-Speed A/T,Green,White,At least 1 accident or damage reported,Yes,9875.0,25,5769.2307692307695,1,1,379.8076923076923
Porsche,Macan S,2016,46200,Gasoline,340.0HP 3.0L V6 Cylinder Engine Gasoline Fuel,Transmission w/Dual Shift Mode,Gray,Gray,At least 1 accident or damage reported,Yes,41500.0,10,4200.0,1,1,3772.7272727272725
Mercedes-Benz,E-Class E 350,2014,88000,Gasoline,302.0HP 3.5L V6 Cylinder Engine Gasoline Fuel,A/T,Silver,Black,None reported,Yes,15500.0,12,6769.2307692307695,1,0,1192.3076923076924
Mercedes-Benz,GL-Class GL 450 4MATIC,2015,47000,Gasoline,362.0HP 3.0L V6 Cylinder Engine Gasoline Fuel,7-Speed A/T,Silver,Black,None reported,Yes,30089.0,11,3916.6666666666665,1,0,2507.4166666666665
Land,Rover Range Rover 3.0L Supercharged HSE,2017,50340,Gasoline,380.0HP 3.0L V6 Cylinder Engine Gasoline Fuel,8-Speed A/T,White,Beige,At least 1 accident or damage reported,Yes,47000.0,9,5034.0,1,1,4700.0
Mercedes-Benz,E-Class E 350 4MATIC,2010,67800,Gasoline,268.0HP 3.5L V6 Cylinder Engine Gasoline Fuel,7-Speed A/T,Black,Black,None reported,Yes,13999.0,16,3988.235294117647,1,0,823.4705882352941
Dodge,Dakota Sport,2002,150000,Gasoline,175.0HP 3.9L V6 Cylinder Engine Gasoline Fuel,5-Speed M/T,Black,Gray,At least 1 accident or damage reported,Yes,5500.0,24,6000.0,0,1,220.0
Chevrolet,Camaro ZL1,2018,13500,Gasoline,650.0HP 6.2L 8 Cylinder Engine Gasoline Fuel,6-Speed M/T,Black,Black,At least 1 accident or damage reported,Yes,54000.0,8,1500.0,0,1,6000.0
Hummer,H3 Base,2007,101750,Gasoline,242.0HP 3.7L 5 Cylinder Engine Gasoline Fuel,A/T,White,Black,None reported,Yes,12900.0,19,5087.5,0,0,645.0
Honda,Odyssey EX-L,2022,18385,Gasoline,280.0HP 3.5L V6 Cylinder Engine Gasoline Fuel,10-Speed A/T,Red,Beige,None reported,Yes,37950.0,4,3677.0,0,0,7590.0
Nissan,350Z Touring,2008,123500,Gasoline,306.0HP 3.5L V6 Cylinder Engine Gasoline Fuel,5-Speed A/T,Gray,Beige,At least 1 accident or damage reported,Yes,13500.0,18,6500.0,0,1,710.5263157894736
GMC,Savana 2500 Work Van,2017,117000,E85 Flex Fuel,342.0HP 6.0L 8 Cylinder Engine Flex Fuel Capability,6-Speed A/T,Silver,Silver,None reported,Yes,38000.0,9,11700.0,0,0,3800.0
Mercedes-Benz,E-Class E 350 4MATIC,2010,86121,Gasoline,268.0HP 3.5L V6 Cylinder Engine Gasoline Fuel,7-Speed A/T,Gray,Black,None reported,Yes,13600.0,16,5065.941176470588,1,0,800.0
Lexus,GX 460 Premium,2020,22466,Gasoline,301.0HP 4.6L 8 Cylinder Engine Gasoline Fuel,6-Speed A/T,White,Black,None reported,Yes,45900.0,6,3209.4285714285716,1,0,6557.142857142857
Nissan,Titan XD SV,2017,80000,Gasoline,390.0HP 5.6L 8 Cylinder Engine Gasoline Fuel,7-Speed A/T,Silver,Black,None reported,Yes,23800.0,9,8000.0,0,0,2380.0
Chrysler,300 Touring,2020,23152,Gasoline,292.0HP 3.6L V6 Cylinder Engine Gasoline Fuel,8-Speed A/T,White,White,None reported,Yes,28250.0,6,3307.4285714285716,0,0,4035.714285714286
Dodge,Charger R/T,2006,91300,Gasoline,350.0HP 5.7L 8 Cylinder Engine Gasoline Fuel,5-Speed A/T,Yellow,–,None reported,Yes,9200.0,20,4347.619047619048,0,0,438.0952380952381
Nissan,Pathfinder SL,2020,45000,Gasoline,284.0HP 3.5L V6 Cylinder Engine Gasoline Fuel,CVT Transmission,Black,Black,None reported,Yes,28999.0,6,6428.571428571428,0,0,4142.714285714285
Rivian,R1S Launch Edition,2023,1885,Gasoline,835.0HP Electric Motor Electric Fuel System,1-Speed A/T,Green,White,None reported,Yes,93500.0,3,471.25,0,0,23375.0
Ford,Explorer Platinum,2018,73049,Gasoline,3.5L V6 24V GDI DOHC Twin Turbo,6-Speed Automatic,Gray,Ebony Black,At least 1 accident or damage reported,Yes,30510.0,8,8116.555555555556,0,1,3390.0
Nissan,Titan SV,2021,7250,Gasoline,400.0HP 5.6L 8 Cylinder Engine Gasoline Fuel,9-Speed A/T,Black,Black,None reported,Yes,38000.0,5,1208.3333333333333,0,0,6333.333333333333
Jaguar,E-PACE S,2019,44000,Gasoline,246.0HP 2.0L 4 Cylinder Engine Gasoline Fuel,A/T,Black,Black,None reported,Yes,29000.0,7,5500.0,1,0,3625.0
Ford,F-150 FX4,2014,85500,Gasoline,411.0HP 6.2L 8 Cylinder Engine Gasoline Fuel,Transmission w/Dual Shift Mode,Black,Black,None reported,Yes,26900.0,12,6576.923076923077,0,0,2069.230769230769
GMC,Acadia Denali,2021,18083,Gasoline,3.6L V6 24V GDI DOHC,9-Speed Automatic,Ebony Twilight Metallic,Jet Black,None reported,Yes,43999.0,5,3013.8333333333335,0,0,7333.166666666667
Lamborghini,Murcielago Base,2005,22703,Gasoline,571.0HP 6.2L 12 Cylinder Engine Gasoline Fuel,M/T,Black,Black,None reported,Yes,220000.0,21,1031.9545454545455,0,0,10000.0
Chevrolet,Camaro 1LT,2011,111000,Gasoline,312.0HP 3.6L V6 Cylinder Engine Gasoline Fuel,A/T,Blue,Black,None reported,Yes,10900.0,15,6937.5,0,0,681.25
GMC,Acadia SLT-2,2013,115000,Gasoline,288.0HP 3.6L V6 Cylinder Engine Gasoline Fuel,6-Speed A/T,White,Brown,None reported,Yes,14000.0,13,8214.285714285714,0,0,1000.0
Chevrolet,Malibu Premier,2021,33400,Gasoline,250.0HP 2.0L 4 Cylinder Engine Gasoline Fuel,A/T,White,Black,None reported,Yes,28000.0,5,5566.666666666667,0,0,4666.666666666667
Toyota,Sequoia SR5,2007,136000,Gasoline,273.0HP 4.7L 8 Cylinder Engine Gasoline Fuel,A/T,Black,Beige,None reported,Yes,12500.0,19,6800.0,0,0,625.0
Lexus,IS 350 F Sport,2021,26800,Gasoline,311.0HP 3.5L V6 Cylinder Engine Gasoline Fuel,8-Speed A/T,Black,Red,None reported,Yes,44000.0,5,4466.666666666667,1,0,7333.333333333333
Tesla,Model Y Performance,2022,30000,Gasoline,455.0HP Electric Motor Electric Fuel System,A/T,White,White,None reported,Yes,51999.0,4,6000.0,1,0,10399.8
Dodge,Challenger SRT8,2008,251634,Gasoline,425.0HP 6.1L 8 Cylinder Engine Gasoline Fuel,A/T,Silver,Black,None reported,Yes,10500.0,18,13243.894736842105,0,0,552.6315789473684
Chrysler,300 Touring,2005,119000,Gasoline,250.0HP 3.5L V6 Cylinder Engine Gasoline Fuel,A/T,Blue,Beige,None reported,Yes,3500.0,21,5409.090909090909,0,0,159.0909090909091
Cadillac,Escalade Sport Platinum,2021,28121,Gasoline,6.2L V8 16V GDI OHV,10-Speed Automatic,Black Raven,Jet Black,None reported,Unknown,89000.0,5,4686.833333333333,0,0,14833.333333333334
Chrysler,Town & Country Touring,2009,111000,Gasoline,197.0HP 3.8L V6 Cylinder Engine Gasoline Fuel,A/T,Blue,Gray,None reported,Yes,7900.0,17,6166.666666666667,0,0,438.8888888888889
Mazda,CX-5 Touring,2016,116500,Gasoline,2.5L I4 16V GDI DOHC,6-Speed Automatic,Blue Reflex Mica,Black,None reported,Yes,14311.0,10,10590.90909090909,0,0,1301.0
Acura,TL 3.2,2005,199296,Gasoline,270.0HP 3.2L V6 Cylinder Engine Gasoline Fuel,A/T,Black,Gray,None reported,Yes,4900.0,21,9058.90909090909,0,0,222.72727272727272
Chevrolet,Corvette Z06 w/2LZ,2023,202,Gasoline,670.0HP 5.5L 8 Cylinder Engine Gasoline Fuel,Transmission w/Dual Shift Mode,White,Red,None reported,Yes,179000.0,3,50.5,0,0,44750.0
Tesla,Model Y Performance,2021,11200,Gasoline,455.0HP Electric Motor Electric Fuel System,1-Speed A/T,White,Black,None reported,Yes,47500.0,5,1866.6666666666667,1,0,7916.666666666667
Volvo,XC40 T5 Momentum,2020,56536,Gasoline,2.0L I4 16V GDI DOHC Turbo,8-Speed Automatic,White,Charcoal,None reported,Unknown,26599.0,6,8076.571428571428,0,0,3799.8571428571427
Chevrolet,Camaro 2SS,2016,49600,Gasoline,455.0HP 6.2L 8 Cylinder Engine Gasoline Fuel,8-Speed A/T,Blue,Black,None reported,Yes,32500.0,10,4509.090909090909,0,0,2954.5454545454545
Acura,TLX Type S PMC Edition,2023,13600,Gasoline,355.0HP 3.0L V6 Cylinder Engine Gasoline Fuel,10-Speed A/T,Blue,White,None reported,Yes,65000.0,3,3400.0,0,0,16250.0
Volkswagen,Eos 2.0T,2007,59700,Gasoline,200.0HP 2.0L 4 Cylinder Engine Gasoline Fuel,6-Speed A/T,Blue,White,None reported,Yes,10000.0,19,2985.0,0,0,500.0
Dodge,Charger R/T Scat Pack,2018,19000,Gasoline,485.0HP 6.4L 8 Cylinder Engine Gasoline Fuel,Transmission w/Dual Shift Mode,Purple,Gray,None reported,Yes,44888.0,8,2111.1111111111113,0,0,4987.555555555556
Chevrolet,Corvette Z06,2002,17300,Gasoline,405.0HP 5.7L 8 Cylinder Engine Gasoline Fuel,6-Speed M/T,Black,Black,None reported,Yes,33999.0,24,692.0,0,0,1359.96
Mercedes-Benz,CLA-Class CLA 250,2014,91140,Gasoline,208.0HP 2.0L 4 Cylinder Engine Gasoline Fuel,7-Speed A/T,Gray,Black,None reported,Yes,13500.0,12,7010.7692307692305,1,0,1038.4615384615386
BMW,M5 Base,2015,33000,Gasoline,560.0HP 4.4L 8 Cylinder Engine Gasoline Fuel,7-Speed A/T,Gray,Black,None reported,Yes,65000.0,11,2750.0,1,0,5416.666666666667
Jeep,Wrangler Unlimited Sport,2019,52775,Gasoline,285.0HP 3.6L V6 Cylinder Engine Gasoline Fuel,8-Speed A/T,Gray,Black,None reported,Yes,39799.0,7,6596.875,0,0,4974.875
Mitsubishi,Lancer Sportback ES,2011,113000,Gasoline,148.0HP 2.0L 4 Cylinder Engine Gasoline Fuel,5-Speed M/T,White,Black,None reported,Yes,5800.0,15,7062.5,0,0,362.5
Porsche,Macan Base,2022,13000,Gasoline,261.0HP 2.0L 4 Cylinder Engine Gasoline Fuel,A/T,Black,Beige,None reported,Yes,60000.0,4,2600.0,1,0,12000.0
Mercedes-Benz,CLK-Class CLK 350,2009,77925,Gasoline,268.0HP 3.5L V6 Cylinder Engine Gasoline Fuel,Transmission w/Dual Shift Mode,Silver,Black,None reported,Yes,16500.0,17,4329.166666666667,1,0,916.6666666666666
Dodge,Challenger SRT8,2011,106500,–,–,5-Speed A/T,White,White,At least 1 accident or damage reported,Yes,22500.0,15,6656.25,0,1,1406.25
Mazda,Mazda3 Grand Touring,2018,15175,Gasoline,2.5L I4 16V GDI DOHC,6-Speed Automatic,Snowflake White Pearl Metallic,Parchment,At least 1 accident or damage reported,Unknown,19212.0,8,1686.111111111111,0,1,2134.6666666666665
Audi,A3 2.0T Premium,2017,137000,Gasoline,186.0HP 2.0L 4 Cylinder Engine Gasoline Fuel,7-Speed A/T,White,Gray,None reported,Yes,10995.0,9,13700.0,1,0,1099.5
BMW,528 i,2015,111000,Gasoline,240.0HP 2.0L 4 Cylinder Engine Gasoline Fuel,8-Speed A/T,Gray,–,At least 1 accident or damage reported,Yes,15000.0,11,9250.0,1,1,1250.0
Land,Rover Range Rover 3.0L V6 Supercharged HSE,2019,49208,Gasoline,380.0HP 3.0L V6 Cylinder Engine Gasoline Fuel,Transmission w/Dual Shift Mode,Black,Black,None reported,Yes,62425.0,7,6151.0,1,0,7803.125
Audi,S5 3.0T Prestige,2018,44000,Gasoline,354.0HP 3.0L V6 Cylinder Engine Gasoline Fuel,8-Speed A/T,Gray,Black,None reported,Yes,39000.0,8,4888.888888888889,1,0,4333.333333333333
Porsche,718 Boxster Base,2017,26000,Gasoline,300.0HP 2.0L 4 Cylinder Engine Gasoline Fuel,A/T,Gray,Black,None reported,Yes,45500.0,9,2600.0,1,0,4550.0
Chevrolet,Corvette Stingray w/2LT,2020,1800,Gasoline,490.0HP 6.2L 8 Cylinder Engine Gasoline Fuel,8-Speed A/T,Blue,Black,None reported,Yes,76000.0,6,257.14285714285717,0,0,10857.142857142857
Lamborghini,Urus Pearl Capsule,2021,3771,Gasoline,"4L V-8 gasoline direct injection, DOHC, variable valve control,",Automatic,Grigio Nimbus,Bianco Polar,None reported,Unknown,259991.0,5,628.5,0,0,43331.833333333336
Maserati,Quattroporte S,2012,50000,Gasoline,425.0HP 4.7L 8 Cylinder Engine Gasoline Fuel,6-Speed A/T,White,Black,None reported,Yes,26497.0,14,3333.3333333333335,0,0,1766.4666666666667
Subaru,Impreza 2.0i,2018,93000,Gasoline,152.0HP 2.0L 4 Cylinder Engine Gasoline Fuel,CVT Transmission,Silver,Black,At least 1 accident or damage reported,Yes,16000.0,8,10333.333333333334,0,1,1777.7777777777778
Mercedes-Benz,AMG GT C,2020,15000,Gasoline,550.0HP 4.0L 8 Cylinder Engine Gasoline Fuel,7-Speed A/T,Gray,Black,None reported,Yes,129000.0,6,2142.8571428571427,1,0,18428.571428571428
Mazda,Mazda6 i Touring,2016,119500,Gasoline,184.0HP 2.5L 4 Cylinder Engine Gasoline Fuel,Transmission w/Dual Shift Mode,Silver,Black,None reported,Yes,15000.0,10,10863.636363636364,0,0,1363.6363636363637
Porsche,Macan S,2016,50000,Gasoline,340.0HP 3.0L V6 Cylinder Engine Gasoline Fuel,7-Speed A/T,Blue,Red,None reported,Yes,36000.0,10,4545.454545454545,1,0,3272.7272727272725
Porsche,Panamera 4,2011,85000,Gasoline,300.0HP 3.6L V6 Cylinder Engine Gasoline Fuel,A/T,Gray,Beige,Unknown,Unknown,21500.0,15,5312.5,1,1,1343.75
Genesis,G70 3.3T Advanced,2019,48000,Gasoline,365.0HP 3.3L V6 Cylinder Engine Gasoline Fuel,8-Speed A/T,Black,Black,None reported,Yes,29999.0,7,6000.0,0,0,3749.875
Jeep,Wrangler Sport,2021,11756,Gasoline,"2L I-4 gasoline direct injection, DOHC, intercooled turbo, engin",Automatic,Granite Crystal Metallic Clearcoat,Black,At least 1 accident or damage reported,Unknown,33400.0,5,1959.3333333333333,0,1,5566.666666666667
Audi,Q5 2.0T Premium Plus,2018,50400,Gasoline,252.0HP 2.0L 4 Cylinder Engine Gasoline Fuel,Transmission w/Dual Shift Mode,White,Beige,None reported,Yes,28500.0,8,5600.0,1,0,3166.6666666666665
BMW,335 i xDrive,2012,153600,Gasoline,300.0HP 3.0L Straight 6 Cylinder Engine Gasoline Fuel,6-Speed M/T,Black,Black,None reported,Yes,17500.0,14,10240.0,1,0,1166.6666666666667
Land,Rover Range Rover P530 SE,2023,1869,Gasoline,4.4L V8 32V GDI DOHC Twin Turbo,Automatic,Eiger Grey,Deep Garnet,None reported,Yes,164725.0,3,467.25,1,0,41181.25
Dodge,Durango SRT 392,2022,31917,Gasoline,475.0HP 6.4L 8 Cylinder Engine Gasoline Fuel,8-Speed A/T,Gray,Black,None reported,Yes,64683.0,4,6383.4,0,0,12936.6
BMW,M3 Base,2016,56235,Gasoline,425.0HP 3.0L Straight 6 Cylinder Engine Gasoline Fuel,6-Speed M/T,Orange,Orange,None reported,Yes,50500.0,10,5112.272727272727,1,0,4590.909090909091
Ford,Fiesta ST,2019,28724,Gasoline,197.0HP 1.6L 4 Cylinder Engine Gasoline Fuel,6-Speed M/T,Gray,Black,At least 1 accident or damage reported,Yes,18300.0,7,3590.5,0,1,2287.5
Lincoln,MKS Base,2015,124400,Gasoline,305.0HP 3.7L V6 Cylinder Engine Gasoline Fuel,6-Speed A/T,White,Black,At least 1 accident or damage reported,Yes,9500.0,11,10366.666666666666,0,1,791.6666666666666
Chevrolet,Tahoe Premier,2020,137000,Gasoline,355.0HP 5.3L 8 Cylinder Engine Gasoline Fuel,6-Speed A/T,Black,Black,None reported,Yes,46000.0,6,19571.428571428572,0,0,6571.428571428572
Ferrari,F430 Berlinetta,2005,38686,Gasoline,483.0HP 4.3L 8 Cylinder Engine Gasoline Fuel,Transmission w/Dual Shift Mode,White,Red,None reported,Yes,99999.0,21,1758.4545454545455,0,0,4545.409090909091
Ford,F-250 Platinum,2022,6600,Gasoline,430.0HP 7.3L 8 Cylinder Engine Gasoline Fuel,10-Speed A/T,Blue,Black,At least 1 accident or damage reported,Yes,72900.0,4,1320.0,0,1,14580.0
Mercedes-Benz,SLK-Class SLK280 Roadster,2007,67200,Gasoline,228.0HP 3.0L V6 Cylinder Engine Gasoline Fuel,A/T,Silver,Black,None reported,Yes,11500.0,19,3360.0,1,0,575.0
Porsche,Macan,2021,16554,Gasoline,2.0 Liter,Automatic,White,Beige,None reported,Unknown,51698.0,5,2759.0,1,0,8616.333333333334
BMW,X5 PHEV xDrive45e,2023,15736,Plug-In Hybrid,389.0HP 3.0L Straight 6 Cylinder Engine Plug-In Electric/Gas,8-Speed A/T,Blue,Brown,None reported,Yes,67900.0,3,3934.0,1,0,16975.0
Mercedes-Benz,E-Class E500,2005,153460,Gasoline,302.0HP 5.0L 8 Cylinder Engine Gasoline Fuel,A/T,Gold,Gold,At least 1 accident or damage reported,Yes,5800.0,21,6975.454545454545,1,1,263.6363636363636
Acura,TL 3.7,2012,70000,Gasoline,305.0HP 3.7L V6 Cylinder Engine Gasoline Fuel,A/T,Black,Black,At least 1 accident or damage reported,Yes,15051.0,14,4666.666666666667,0,1,1003.4
Hyundai,Equus Signature,2011,143898,Gasoline,378.0HP 4.6L 8 Cylinder Engine Gasoline Fuel,6-Speed A/T,Gray,Brown,None reported,Yes,9950.0,15,8993.625,0,0,621.875
Mercedes-Benz,SL-Class SL500 Roadster,2003,26190,Gasoline,302.0HP 5.0L 8 Cylinder Engine Gasoline Fuel,A/T,Gold,Beige,None reported,Yes,22000.0,23,1091.25,1,0,916.6666666666666
Toyota,Land Cruiser Base,2000,209193,Gasoline,230.0HP 4.7L 8 Cylinder Engine Gasoline Fuel,A/T,Black,Beige,None reported,Yes,15900.0,26,7747.888888888889,0,0,588.8888888888889
RAM,2500 Big Horn,2018,27839,Gasoline,6.4L V8 16V MPFI OHV,6-Speed Automatic,Granite Crystal Clearcoat Metallic,Diesel Gray / Black,None reported,Yes,41688.0,8,3093.222222222222,0,0,4632.0
Chevrolet,Silverado 2500 WT,2018,141195,E85 Flex Fuel,6.0L V8 16V MPFI OHV Flexible Fuel,6-Speed Automatic,Summit White,Dark Ash,Unknown,Unknown,28499.0,8,15688.333333333334,0,1,3166.5555555555557
Porsche,Macan S,2022,20250,Gasoline,375.0HP 2.9L V6 Cylinder Engine Gasoline Fuel,7-Speed A/T,White,Beige,None reported,Yes,68500.0,4,4050.0,1,0,13700.0
Jeep,Grand Cherokee L Limited,2022,18333,Gasoline,3.6L V6 24V MPFI DOHC,8-Speed Automatic,Velvet Red Pearlcoat,Global Black,None reported,Unknown,41599.0,4,3666.6,0,0,8319.8
Mercedes-Benz,E-Class E 350,2014,35000,Gasoline,302.0HP 3.5L V6 Cylinder Engine Gasoline Fuel,7-Speed A/T,Red,Beige,None reported,Yes,29998.0,12,2692.3076923076924,1,0,2307.5384615384614
Dodge,Magnum Base,2006,133255,Gasoline,250.0HP 3.5L V6 Cylinder Engine Gasoline Fuel,A/T,Silver,Gray,None reported,Yes,4000.0,20,6345.476190476191,0,0,190.47619047619048
Porsche,Macan Turbo,2021,14526,Gasoline,2.9 Liter Turbo,Automatic,Black,–,None reported,Unknown,79998.0,5,2421.0,1,0,13333.0
Mercedes-Benz,E-Class E 550,2014,43690,Gasoline,402.0HP 4.7L 8 Cylinder Engine Gasoline Fuel,A/T,Black,Black,None reported,Yes,23500.0,12,3360.769230769231,1,0,1807.6923076923076
Porsche,Macan S,2020,29136,Gasoline,3.0 Liter Turbo,Automatic,White,Red,None reported,Unknown,58598.0,6,4162.285714285715,1,0,8371.142857142857
Cadillac,XT5 Luxury,2017,72060,Gasoline,3.6L V6 24V GDI DOHC,8-Speed Automatic,Stellar Black Metallic,Shara Beige,None reported,Unknown,24590.0,9,7206.0,0,0,2459.0
Toyota,Tundra Platinum,2023,8800,Gasoline,389.0HP 3.4L V6 Cylinder Engine Gasoline Fuel,A/T,Silver,Black,None reported,Yes,68500.0,3,2200.0,0,0,17125.0
Nissan,Versa 1.6 SL,2015,85768,Gasoline,109.0HP 1.6L 4 Cylinder Engine Gasoline Fuel,CVT Transmission,White,Black,At least 1 accident or damage reported,Yes,8250.0,11,7147.333333333333,0,1,687.5
Mercedes-Benz,AMG GT 53 Base,2022,2235,Hybrid,429.0HP 3.0L Straight 6 Cylinder Engine Gasoline/Mild Electric Hybrid,Transmission w/Dual Shift Mode,Gray,Red,None reported,Yes,110000.0,4,447.0,1,0,22000.0
Buick,Enclave Avenir,2019,121521,Gasoline,3.6L V6 24V GDI DOHC,9-Speed Automatic,Dark Slate Metallic,Ebony / Ebony Accents,None reported,Yes,26772.0,7,15190.125,0,0,3346.5
Porsche,911 GT3,2015,23700,Gasoline,475.0HP 3.8L Flat 6 Cylinder Engine Gasoline Fuel,Transmission w/Dual Shift Mode,Black,Black,None reported,Yes,144940.0,11,1975.0,1,0,12078.333333333334
BMW,328 i,2013,124000,Gasoline,230.0HP 3.0L Straight 6 Cylinder Engine Gasoline Fuel,A/T,White,Beige,None reported,Yes,11900.0,13,8857.142857142857,1,0,850.0
Acura,ILX Premium Package,2018,32260,Gasoline,201.0HP 2.4L 4 Cylinder Engine Gasoline Fuel,A/T,Black,Black,None reported,Yes,20999.0,8,3584.4444444444443,0,0,2333.222222222222
Lexus,GX 460 Base,2015,92000,Gasoline,301.0HP 4.6L 8 Cylinder Engine Gasoline Fuel,6-Speed A/T,Black,Black,None reported,Yes,28000.0,11,7666.666666666667,1,0,2333.3333333333335
Toyota,Land Cruiser Base,2010,269885,Gasoline,381.0HP 5.7L 8 Cylinder Engine Gasoline Fuel,6-Speed A/T,Black,Beige,At least 1 accident or damage reported,Yes,22500.0,16,15875.588235294117,0,1,1323.5294117647059
Chevrolet,Corvette Base,2008,51855,Gasoline,430.0HP 6.2L 8 Cylinder Engine Gasoline Fuel,6-Speed A/T,Red,Red,None reported,Yes,35900.0,18,2729.2105263157896,0,0,1889.4736842105262
Mazda,Mazda6 i Touring,2015,124000,Gasoline,184.0HP 2.5L 4 Cylinder Engine Gasoline Fuel,6-Speed M/T,White,Beige,At least 1 accident or damage reported,Yes,12900.0,11,10333.333333333334,0,1,1075.0
Jaguar,F-TYPE R,2015,26000,Gasoline,550.0HP 5.0L 8 Cylinder Engine Gasoline Fuel,8-Speed A/T,Blue,Red,None reported,Yes,52500.0,11,2166.6666666666665,1,0,4375.0
Audi,A3 2.0T Premium,2018,36500,Gasoline,220.0HP 2.0L 4 Cylinder Engine Gasoline Fuel,6-Speed A/T,Gray,Silver,At least 1 accident or damage reported,Yes,25500.0,8,4055.5555555555557,1,1,2833.3333333333335
Chevrolet,Camaro 2SS,2022,1400,Gasoline,455.0HP 6.2L 8 Cylinder Engine Gasoline Fuel,10-Speed A/T,Black,Black,None reported,Yes,54900.0,4,280.0,0,0,10980.0
Jeep,Wrangler Unlimited Sport S,2018,17000,Gasoline,285.0HP 3.6L V6 Cylinder Engine Gasoline Fuel,A/T,Black,Black,None reported,Yes,38500.0,8,1888.888888888889,0,0,4277.777777777777
Honda,Civic Sport,2021,42750,Gasoline,1.5L I4 16V GDI DOHC Turbo,Automatic CVT,Black,Black,None reported,Yes,25698.0,5,7125.0,0,0,4283.0
Porsche,Cayman Base,2011,67998,Gasoline,265.0HP 2.9L Flat 6 Cylinder Engine Gasoline Fuel,6-Speed M/T,White,Beige,None reported,Yes,30000.0,15,4249.875,1,0,1875.0
Ford,Mustang GT,2008,64500,Gasoline,300.0HP 4.6L 8 Cylinder Engine Gasoline Fuel,5-Speed M/T,Black,Red,At least 1 accident or damage reported,Yes,16000.0,18,3394.7368421052633,0,1,842.1052631578947
Toyota,FJ Cruiser Base,2007,102000,Gasoline,239.0HP 4.0L V6 Cylinder Engine Gasoline Fuel,6-Speed M/T,Blue,Black,None reported,Yes,24900.0,19,5100.0,0,0,1245.0
Land,Rover Discovery SE,2004,145000,Gasoline,217.0HP 4.6L 8 Cylinder Engine Gasoline Fuel,A/T,Green,Beige,None reported,Yes,15500.0,22,6304.347826086957,1,0,673.9130434782609
Porsche,718 Boxster S,2018,50000,Gasoline,350.0HP 2.5L 4 Cylinder Engine Gasoline Fuel,A/T,Blue,Black,At least 1 accident or damage reported,Yes,55000.0,8,5555.555555555556,1,1,6111.111111111111
Chevrolet,Corvette Base,2004,37622,Gasoline,350.0HP 5.7L 8 Cylinder Engine Gasoline Fuel,A/T,Blue,Beige,None reported,Yes,25500.0,22,1635.7391304347825,0,0,1108.695652173913
Toyota,Avalon Limited,2006,89987,Gasoline,268.0HP 3.5L V6 Cylinder Engine Gasoline Fuel,5-Speed A/T,Green,Beige,None reported,Yes,9499.0,20,4285.0952380952385,0,0,452.3333333333333
INFINITI,QX80 Base,2015,136390,Gasoline,5.6L V8 32V GDI DOHC,7-Speed Automatic,Black Obsidian,Black,None reported,Yes,20470.0,11,11365.833333333334,0,0,1705.8333333333333
Cadillac,DeVille Base,1994,90000,–,–,A/T,Green,Beige,At least 1 accident or damage reported,Yes,2990.0,32,2727.2727272727275,0,1,90.60606060606061
Chevrolet,Camaro 2SS,2015,27000,Gasoline,426.0HP 6.2L 8 Cylinder Engine Gasoline Fuel,Transmission w/Dual Shift Mode,Black,Beige,None reported,Yes,33000.0,11,2250.0,0,0,2750.0
Jeep,Liberty Renegade,2004,144770,Gasoline,210.0HP 3.7L V6 Cylinder Engine Gasoline Fuel,4-Speed A/T,Beige,Beige,At least 1 accident or damage reported,Yes,6500.0,22,6294.347826086957,0,1,282.60869565217394
Toyota,4Runner Trail,2011,157000,Gasoline,270.0HP 4.0L V6 Cylinder Engine Gasoline Fuel,Transmission w/Dual Shift Mode,Black,Beige,None reported,Yes,23500.0,15,9812.5,0,0,1468.75
BMW,328 i xDrive,2010,132000,Gasoline,230.0HP 3.0L Straight 6 Cylinder Engine Gasoline Fuel,Transmission w/Dual Shift Mode,Silver,Black,At least 1 accident or damage reported,Yes,8500.0,16,7764.705882352941,1,1,500.0
Ford,Excursion Limited Ultimate,2002,137000,Diesel,250.0HP 7.3L 8 Cylinder Engine Diesel Fuel,4-Speed A/T,Gold,Gold,None reported,Yes,15000.0,24,5480.0,0,0,600.0
Lexus,IS 300 Base,2018,50992,Gasoline,260.0HP 3.5L V6 Cylinder Engine Gasoline Fuel,A/T,White,Gray,At least 1 accident or damage reported,Yes,28000.0,8,5665.777777777777,1,1,3111.1111111111113
Cadillac,CTS Performance,2010,105760,Gasoline,270.0HP 3.0L V6 Cylinder Engine Gasoline Fuel,6-Speed A/T,Black,Black,None reported,Yes,12900.0,16,6221.176470588235,0,0,758.8235294117648
Lexus,LC 500 Base,2018,29800,Gasoline,471.0HP 5.0L 8 Cylinder Engine Gasoline Fuel,10-Speed A/T,Black,Black,None reported,Yes,68495.0,8,3311.1111111111113,1,0,7610.555555555556
BMW,540 i xDrive,2019,21000,Gasoline,335.0HP 3.0L Straight 6 Cylinder Engine Gasoline Fuel,Transmission w/Dual Shift Mode,Blue,Black,At least 1 accident or damage reported,Yes,42000.0,7,2625.0,1,1,5250.0
Chevrolet,Corvette Base,1998,152195,Gasoline,340.0HP 5.7L 8 Cylinder Engine Gasoline Fuel,A/T,Black,Black,None reported,Yes,9900.0,28,5248.103448275862,0,0,341.37931034482756
Hummer,H2 Base,2006,169900,Gasoline,325.0HP 6.0L 8 Cylinder Engine Gasoline Fuel,A/T,Orange,Black,At least 1 accident or damage reported,Yes,16900.0,20,8090.476190476191,0,1,804.7619047619048
Volvo,XC90 3.2,2008,196000,Gasoline,235.0HP 3.2L Straight 6 Cylinder Engine Gasoline Fuel,A/T,Black,Beige,None reported,Yes,6499.0,18,10315.78947368421,0,0,342.05263157894734
Jeep,Wrangler Unlimited Sahara,2009,180036,Gasoline,202.0HP 3.8L V6 Cylinder Engine Gasoline Fuel,A/T,Black,Black,At least 1 accident or damage reported,Yes,9100.0,17,10002.0,0,1,505.55555555555554
Land,Rover Discovery HSE LUXURY,2017,57918,Gasoline,340.0HP 3.0L V6 Cylinder Engine Gasoline Fuel,Transmission w/Dual Shift Mode,Gray,Gray,None reported,Yes,33500.0,9,5791.8,1,0,3350.0
BMW,340 i,2017,98600,Gasoline,320.0HP 3.0L Straight 6 Cylinder Engine Gasoline Fuel,8-Speed A/T,Silver,Black,None reported,Yes,26500.0,9,9860.0,1,0,2650.0
Ford,F-250 Lariat,2018,120000,Diesel,450.0HP 6.7L 8 Cylinder Engine Diesel Fuel,6-Speed A/T,Silver,Black,At least 1 accident or damage reported,Yes,55000.0,8,13333.333333333334,0,1,6111.111111111111
BMW,M3 Competition,2022,14269,Gasoline,503.0HP 3.0L Straight 6 Cylinder Engine Gasoline Fuel,8-Speed A/T,Gray,Orange,None reported,Yes,80000.0,4,2853.8,1,0,16000.0
Lexus,LC 500 Base,2022,6875,Gasoline,471.0HP 5.0L 8 Cylinder Engine Gasoline Fuel,A/T,White,Black,None reported,Yes,89000.0,4,1375.0,1,0,17800.0
Honda,CR-V Touring,2019,55100,Gasoline,1.5L I4 16V GDI DOHC Turbo,Automatic CVT,White,Gray,None reported,Unknown,28324.0,7,6887.5,0,0,3540.5
Porsche,Panamera S,2012,49000,Gasoline,400.0HP 4.8L 8 Cylinder Engine Gasoline Fuel,7-Speed A/T,White,Black,Unknown,Unknown,41500.0,14,3266.6666666666665,1,1,2766.6666666666665
BMW,750 i,2009,74600,Gasoline,400.0HP 4.4L 8 Cylinder Engine Gasoline Fuel,A/T,White,Brown,None reported,Yes,15000.0,17,4144.444444444444,1,0,833.3333333333334
Audi,A7 3.0T Premium,2019,45900,Hybrid,335.0HP 3.0L V6 Cylinder Engine Gasoline/Mild Electric Hybrid,Transmission w/Dual Shift Mode,Black,Black,At least 1 accident or damage reported,Yes,41500.0,7,5737.5,1,1,5187.5
Chrysler,200 Limited,2015,95271,E85 Flex Fuel,184.0HP 2.4L 4 Cylinder Engine Flex Fuel Capability,A/T,Black,Black,Unknown,Unknown,12468.0,11,7939.25,0,1,1039.0
Ford,F-150 XL,2021,88883,Gasoline,2.7L V6 24V PDI DOHC Twin Turbo,10-Speed Automatic,Agate Black Metallic,Black,None reported,Yes,33172.0,5,14813.833333333334,0,0,5528.666666666667
Dodge,Grand Caravan R/T,2013,43000,E85 Flex Fuel,283.0HP 3.6L V6 Cylinder Engine Flex Fuel Capability,6-Speed A/T,Red,Black,None reported,Yes,35000.0,13,3071.4285714285716,0,0,2500.0
Ford,Focus SE,2018,33700,E85 Flex Fuel,160.0HP 2.0L 4 Cylinder Engine Flex Fuel Capability,A/T,Gray,Black,At least 1 accident or damage reported,Yes,12000.0,8,3744.4444444444443,0,1,1333.3333333333333
RAM,2500 Big Horn,2016,95115,Diesel,6.7L I6 24V DDI OHV Turbo Diesel,6-Speed Automatic,Bright White Clearcoat,Diesel Gray / Black,None reported,Yes,43640.0,10,8646.818181818182,0,0,3967.2727272727275
Lotus,Elise Base,2005,25250,Gasoline,190.0HP 1.8L 4 Cylinder Engine Gasoline Fuel,M/T,Red,Black,Unknown,Unknown,44000.0,21,1147.7272727272727,0,1,2000.0
Chevrolet,Corvette Base,2007,20200,Gasoline,400.0HP 6.0L 8 Cylinder Engine Gasoline Fuel,6-Speed A/T,Red,Red,None reported,Yes,27500.0,19,1010.0,0,0,1375.0
Audi,allroad 2.0T Prestige,2013,104457,Gasoline,211.0HP 2.0L 4 Cylinder Engine Gasoline Fuel,8-Speed A/T,Silver,Black,None reported,Yes,17900.0,13,7461.214285714285,1,0,1278.5714285714287
McLaren,570S Spider,2018,8984,Gasoline,3.8L V8 32V MPFI DOHC Twin Turbo,7-Speed Automatic with Auto-Shift,Vega Blue,Black,None reported,Unknown,171900.0,8,998.2222222222222,0,0,19100.0
Chevrolet,Express 2500 Work Van,2017,76000,Gasoline,285.0HP 4.8L 8 Cylinder Engine Gasoline Fuel,A/T,Silver,–,None reported,Yes,41400.0,9,7600.0,0,0,4140.0
Chevrolet,Traverse High Country,2020,56247,Gasoline,3.6L V6 24V GDI DOHC,9-Speed Automatic,Stone Gray Metallic,Jet Black,None reported,Yes,39244.0,6,8035.285714285715,0,0,5606.285714285715
Jeep,Wrangler S,1994,50750,–,–,5-Speed M/T,Blue,Gray,None reported,Yes,15000.0,32,1537.878787878788,0,0,454.54545454545456
Acura,ILX Technology Plus Package,2016,61000,Gasoline,201.0HP 2.4L 4 Cylinder Engine Gasoline Fuel,A/T,Black,Black,At least 1 accident or damage reported,Yes,21000.0,10,5545.454545454545,0,1,1909.090909090909
Chevrolet,Camaro 1LT,2019,9111,Gasoline,3.6L V6 GDI DOHC,8-Speed Automatic,Summit White,Jet Black,None reported,Unknown,27599.0,7,1138.875,0,0,3449.875
Lexus,ES 350 Base,2015,100900,Gasoline,3.5 Liter,Automatic,Matador Red Mica,Parchment,None reported,Unknown,21998.0,11,8408.333333333334,1,0,1833.1666666666667
Ford,F-150 XLT,2021,24207,Gasoline,2.7L V6 24V PDI DOHC Twin Turbo,10-Speed Automatic,Black,–,None reported,Yes,43430.0,5,4034.5,0,0,7238.333333333333
Tesla,Model Y Long Range,2022,9411,Gasoline,Dual Motor - Standard,Automatic,Silver,Black,None reported,Unknown,47998.0,4,1882.2,1,0,9599.6
Chevrolet,Corvette Z06,2006,21000,Gasoline,505.0HP 7.0L 8 Cylinder Engine Gasoline Fuel,6-Speed M/T,Silver,Black,None reported,Yes,47500.0,20,1000.0,0,0,2261.904761904762
Cadillac,CTS 3.6L Premium Luxury,2019,136150,Gasoline,335.0HP 3.6L V6 Cylinder Engine Gasoline Fuel,Transmission w/Dual Shift Mode,Silver,Black,At least 1 accident or damage reported,Yes,22500.0,7,17018.75,0,1,2812.5
BMW,M3 Base,2009,78414,Gasoline,420.0HP 4.0L 8 Cylinder Engine Gasoline Fuel,7-Speed A/T,Silver,Gray,At least 1 accident or damage reported,Yes,28750.0,17,4356.333333333333,1,1,1597.2222222222222
Mazda,Mazda3 FWD w/Preferred Package,2019,60800,Gasoline,186.0HP 2.5L 4 Cylinder Engine Gasoline Fuel,6-Speed A/T,Red,Beige,None reported,Yes,19900.0,7,7600.0,0,0,2487.5
Ford,Maverick XLT,2022,16400,Hybrid,191.0HP 2.5L 4 Cylinder Engine Gas/Electric Hybrid,CVT Transmission,Gray,Gray,None reported,Yes,34000.0,4,3280.0,0,0,6800.0
Toyota,Highlander Hybrid Limited,2018,62200,Hybrid,306.0HP 3.5L V6 Cylinder Engine Gas/Electric Hybrid,CVT Transmission,Brown,Beige,None reported,Yes,35707.0,8,6911.111111111111,0,0,3967.4444444444443
BMW,X6 xDrive40i,2021,72903,Hybrid,3.0 Liter Turbo,SCHEDULED FOR OR IN PRODUCTION,Black Sapphire Metallic,Black,At least 1 accident or damage reported,Unknown,53998.0,5,12150.5,1,1,8999.666666666666
Lincoln,Town Car Signature,2003,142215,Gasoline,239.0HP 4.6L 8 Cylinder Engine Gasoline Fuel,4-Speed A/T,Gray,Beige,None reported,Yes,5000.0,23,5925.625,0,0,208.33333333333334
Mercedes-Benz,SL-Class SL550 Roadster,2007,150000,Gasoline,382.0HP 5.5L 8 Cylinder Engine Gasoline Fuel,A/T,Black,Black,None reported,Yes,8000.0,19,7500.0,1,0,400.0
Ford,Mustang GT,1998,49170,Gasoline,225.0HP 4.6L 8 Cylinder Engine Gasoline Fuel,A/T,Silver,Black,None reported,Yes,12500.0,28,1695.5172413793102,0,0,431.0344827586207
Chevrolet,Suburban 1500 LT,2015,167500,Gasoline,355.0HP 5.3L 8 Cylinder Engine Gasoline Fuel,6-Speed A/T,Silver,Black,None reported,Yes,18000.0,11,13958.333333333334,0,0,1500.0
Ford,Fusion SE,2016,110450,Gasoline,231.0HP 2.0L 4 Cylinder Engine Gasoline Fuel,6-Speed A/T,Silver,Brown,None reported,Yes,11000.0,10,10040.90909090909,0,0,1000.0
Audi,S4 3.0T Premium Plus,2014,106000,Gasoline,333.0HP 3.0L V6 Cylinder Engine Gasoline Fuel,6-Speed M/T,Gray,Black,At least 1 accident or damage reported,Yes,23000.0,12,8153.846153846154,1,1,1769.2307692307693
Chevrolet,Suburban Premier,2017,92728,Gasoline,355.0HP 5.3L 8 Cylinder Engine Gasoline Fuel,6-Speed A/T,White,Black,None reported,Yes,34900.0,9,9272.8,0,0,3490.0
Ford,Bronco Big Bend,2022,17000,Gasoline,275.0HP 2.3L 4 Cylinder Engine Gasoline Fuel,A/T,Gray,–,None reported,Yes,44000.0,4,3400.0,0,0,8800.0
Ford,F-250 XL,2016,75200,E85 Flex Fuel,385.0HP 6.2L 8 Cylinder Engine Flex Fuel Capability,6-Speed A/T,White,Gray,None reported,Yes,22000.0,10,6836.363636363636,0,0,2000.0
Dodge,Challenger SRT Hellcat,2015,1800,Gasoline,707.0HP 6.2L 8 Cylinder Engine Gasoline Fuel,A/T,Green,Black,None reported,Yes,64990.0,11,150.0,0,0,5415.833333333333
Toyota,Tacoma TRD Sport,2019,36283,Gasoline,3.5 Liter,Automatic,Barcelona Red,Black,None reported,Unknown,39598.0,7,4535.375,0,0,4949.75
Audi,Q5 S line Premium Plus,2023,6682,Hybrid,2.0 Liter TFSI,Automatic,Mythos Black Metallic,Rock Gray,None reported,Unknown,47798.0,3,1670.5,1,0,11949.5
Jeep,Wrangler Sport,2018,23399,Gasoline,2.0L I4 16V GDI DOHC Turbo,8-Speed Automatic,Black Clearcoat,Black,None reported,Unknown,28999.0,8,2599.8888888888887,0,0,3222.1111111111113
Genesis,G80 3.8,2017,29720,Gasoline,311.0HP 3.8L V6 Cylinder Engine Gasoline Fuel,8-Speed A/T,Brown,Beige,None reported,Yes,29500.0,9,2972.0,0,0,2950.0
Mercedes-Benz,SL-Class SL63 AMG Roadster,2009,56000,Gasoline,518.0HP 6.3L 8 Cylinder Engine Gasoline Fuel,A/T,Black,Black,None reported,Yes,44850.0,17,3111.1111111111113,1,0,2491.6666666666665
Lexus,LX 570 Three-Row,2020,59419,Gasoline,383.0HP 5.7L 8 Cylinder Engine Gasoline Fuel,A/T,Silver,Beige,None reported,Yes,73000.0,6,8488.42857142857,1,0,10428.57142857143
Kia,Stinger GT2,2018,69100,Gasoline,365.0HP 3.3L V6 Cylinder Engine Gasoline Fuel,8-Speed A/T,Red,Black,None reported,Yes,32500.0,8,7677.777777777777,0,0,3611.1111111111113
Nissan,GT-R Premium,2021,22185,Gasoline,3.8L V6 24V MPFI DOHC Twin Turbo,6-Speed Automatic with Auto-Shift,Bayside Blue,Gray,None reported,Yes,131999.0,5,3697.5,0,0,21999.833333333332
Chevrolet,Trailblazer SS,2008,29586,Gasoline,390.0HP 6.0L 8 Cylinder Engine Gasoline Fuel,A/T,White,Black,None reported,Yes,47900.0,18,1557.157894736842,0,0,2521.0526315789475
Chevrolet,Silverado 2500 WT,2021,63866,Gasoline,6.6L V8 16V GDI OHV,Automatic,Silver Ice Metallic,Jet Black,None reported,Yes,41885.0,5,10644.333333333334,0,0,6980.833333333333
Chevrolet,Suburban LTZ,2016,135484,Gasoline,5.3L V8 16V GDI OHV,6-Speed Automatic,Tungsten Metallic,Cocoa / Dune,Unknown,Unknown,29748.0,10,12316.727272727272,0,1,2704.3636363636365
Mercedes-Benz,E-Class E 350,2014,78500,Gasoline,302.0HP 3.5L V6 Cylinder Engine Gasoline Fuel,7-Speed A/T,Silver,Black,At least 1 accident or damage reported,Yes,17900.0,12,6038.461538461538,1,1,1376.923076923077
BMW,M3 Base,2012,7982,Gasoline,414.0HP 4.0L 8 Cylinder Engine Gasoline Fuel,7-Speed A/T,Silver,Red,Unknown,Unknown,51900.0,14,532.1333333333333,1,1,3460.0
Bentley,Continental GT V8,2022,1795,Gasoline,"4L V-8 gasoline direct injection, DOHC, variable valve control,",Automatic,Onyx Black,Beluga,None reported,Unknown,269991.0,4,359.0,0,0,53998.2
Volkswagen,Golf R Base,2022,1067,Gasoline,315.0HP 2.0L 4 Cylinder Engine Gasoline Fuel,7-Speed A/T,White,Blue,None reported,Yes,48000.0,4,213.4,0,0,9600.0
Ford,Explorer Limited,2017,152000,Gasoline,290.0HP 3.5L V6 Cylinder Engine Gasoline Fuel,6-Speed A/T,Gray,Black,None reported,Yes,15499.0,9,15200.0,0,0,1549.9
Honda,Odyssey LX,2011,185000,Gasoline,248.0HP 3.5L V6 Cylinder Engine Gasoline Fuel,A/T,Purple,–,None reported,Yes,8900.0,15,11562.5,0,0,556.25
Dodge,Ram 2500 SLT Mega Cab,2007,97724,Diesel,350.0HP 6.7L Straight 6 Cylinder Engine Diesel Fuel,A/T,Red,Gray,None reported,Yes,19998.0,19,4886.2,0,0,999.9
Honda,Civic Sport,2020,22227,Gasoline,2.0L I4 16V MPFI DOHC,Automatic CVT,Red,Black,Unknown,Unknown,25980.0,6,3175.285714285714,0,1,3711.4285714285716
Honda,Civic LX,2016,111000,Gasoline,158.0HP 2.0L 4 Cylinder Engine Gasoline Fuel,A/T,Blue,Black,None reported,Yes,13000.0,10,10090.90909090909,0,0,1181.8181818181818
Ford,F-250 XLT,2019,32268,E85 Flex Fuel,385.0HP 6.2L 8 Cylinder Engine Flex Fuel Capability,6-Speed A/T,White,Gray,None reported,Yes,46500.0,7,4033.5,0,0,5812.5
Nissan,Pathfinder SV,2019,122009,Gasoline,3.5 Liter,Automatic,Gray,Black,None reported,Unknown,18998.0,7,15251.125,0,0,2374.75
Land,Rover Range Rover HSE SWB,2020,57785,Hybrid,395.0HP 3.0L Straight 6 Cylinder Engine Gasoline/Mild Electric Hybrid,A/T,Black,Black,None reported,Yes,63995.0,6,8255.0,1,0,9142.142857142857
BMW,M3 Base,2002,204884,Gasoline,333.0HP 3.2L Straight 6 Cylinder Engine Gasoline Fuel,6-Speed M/T,Silver,Black,At least 1 accident or damage reported,Yes,21500.0,24,8195.36,1,1,860.0
Hummer,H2 Base,2003,179400,Gasoline,316.0HP 6.0L 8 Cylinder Engine Gasoline Fuel,A/T,White,Brown,At least 1 accident or damage reported,Yes,15000.0,23,7475.0,0,1,625.0
Mazda,RX-8 R3,2009,57000,Gasoline,232.0HP 1.3L Rotary engine Gasoline Fuel,6-Speed M/T,Red,Black,None reported,Yes,14000.0,17,3166.6666666666665,0,0,777.7777777777778
Lexus,LX 570 Three-Row,2021,25997,Gasoline,383.0HP 5.7L 8 Cylinder Engine Gasoline Fuel,A/T,Green,Brown,None reported,Yes,87000.0,5,4332.833333333333,1,0,14500.0
Chevrolet,Suburban Z71,2022,36555,Gasoline,5.3L V8 16V GDI OHV,Automatic,Summit White,Jet Black,None reported,Yes,64288.0,4,7311.0,0,0,12857.6
Mercedes-Benz,S-Class S 580 4MATIC,2023,989,Gasoline,4.0L V8 32V GDI DOHC Twin Turbo,9-Speed Automatic,Black,Black,None reported,Yes,122950.0,3,247.25,1,0,30737.5
Chevrolet,Corvette Base,2007,28514,Gasoline,400.0HP 6.0L 8 Cylinder Engine Gasoline Fuel,Transmission w/Dual Shift Mode,Red,Gray,None reported,Yes,32000.0,19,1425.7,0,0,1600.0
Ford,Mustang GT Premium,2019,10400,Gasoline,460.0HP 5.0L 8 Cylinder Engine Gasoline Fuel,10-Speed A/T,Red,Gray,None reported,Yes,40000.0,7,1300.0,0,0,5000.0
Chevrolet,Equinox Premier w/2LZ,2020,51133,Gasoline,2.0L I4 16V GDI DOHC Turbo,9-Speed Automatic,Iridescent Pearl Tricoat,Jet Black,At least 1 accident or damage reported,Unknown,25800.0,6,7304.714285714285,0,1,3685.714285714286
Chevrolet,Camaro Z28,1999,58800,Gasoline,305.0HP 5.7L 8 Cylinder Engine Gasoline Fuel,A/T,White,White,None reported,Yes,15000.0,27,2100.0,0,0,535.7142857142857
Land,Rover Discovery HSE,2018,85000,Gasoline,340.0HP 3.0L V6 Cylinder Engine Gasoline Fuel,8-Speed A/T,Gray,Black,None reported,Yes,33000.0,8,9444.444444444445,1,0,3666.6666666666665
Jeep,Wrangler SE,2000,95200,Gasoline,120.0HP 2.5L 4 Cylinder Engine Gasoline Fuel,5-Speed M/T,Black,Black,None reported,Yes,11999.0,26,3525.925925925926,0,0,444.4074074074074
Toyota,Highlander XLE,2015,68575,Gasoline,270.0HP 3.5L V6 Cylinder Engine Gasoline Fuel,A/T,Silver,Gray,At least 1 accident or damage reported,Yes,26000.0,11,5714.583333333333,0,1,2166.6666666666665
Chevrolet,Corvette Grand Sport,2011,12300,Gasoline,430.0HP 6.2L 8 Cylinder Engine Gasoline Fuel,6-Speed A/T,Red,Black,None reported,Yes,45000.0,15,768.75,0,0,2812.5
Chevrolet,Corvette Stingray,2018,13900,Gasoline,455.0HP 6.2L 8 Cylinder Engine Gasoline Fuel,8-Speed A/T,White,Red,None reported,Yes,54490.0,8,1544.4444444444443,0,0,6054.444444444444
Mercedes-Benz,SLK-Class SLK230 Kompressor,2001,58800,Gasoline,190.0HP 2.3L 4 Cylinder Engine Gasoline Fuel,A/T,Silver,Black,None reported,Yes,9000.0,25,2261.5384615384614,1,0,346.15384615384613
Nissan,Juke NISMO RS,2016,30700,Gasoline,215.0HP 1.6L 4 Cylinder Engine Gasoline Fuel,6-Speed M/T,Black,Black,At least 1 accident or damage reported,Yes,21500.0,10,2790.909090909091,0,1,1954.5454545454545
Porsche,911 Carrera C2S,2005,104000,Gasoline,355.0HP 3.8L Flat 6 Cylinder Engine Gasoline Fuel,6-Speed M/T,Silver,Black,None reported,Yes,44800.0,21,4727.272727272727,1,0,2036.3636363636363
Chevrolet,Colorado LT,2019,139116,Gasoline,3.6L V6 24V GDI DOHC,Automatic,Red,Jet Black,At least 1 accident or damage reported,Yes,24899.0,7,17389.5,0,1,3112.375
Porsche,Macan S,2019,36700,Gasoline,348.0HP 3.0L V6 Cylinder Engine Gasoline Fuel,7-Speed A/T,Blue,Blue,At least 1 accident or damage reported,Yes,48990.0,7,4587.5,1,1,6123.75
Mercedes-Benz,GLE 350 Base 4MATIC,2022,24500,Gasoline,255.0HP 2.0L 4 Cylinder Engine Gasoline Fuel,9-Speed A/T,White,Beige,None reported,Yes,82150.0,4,4900.0,1,0,16430.0
Toyota,Land Cruiser Base,2017,65000,Gasoline,381.0HP 5.7L 8 Cylinder Engine Gasoline Fuel,A/T,Black,Brown,At least 1 accident or damage reported,Yes,65000.0,9,6500.0,0,1,6500.0
BMW,X6 xDrive40i,2021,27654,Hybrid,3.0 Liter Turbo,Automatic,Mineral White,Black,None reported,Unknown,61998.0,5,4609.0,1,0,10333.0
Rivian,R1S Adventure Package,2023,542,Gasoline,835.0HP Electric Motor Electric Fuel System,A/T,Black,Black,None reported,Yes,92500.0,3,135.5,0,0,23125.0
Toyota,Highlander Platinum,2020,41000,Gasoline,295.0HP 3.5L V6 Cylinder Engine Gasoline Fuel,8-Speed A/T,Blue,Black,None reported,Yes,38700.0,6,5857.142857142857,0,0,5528.571428571428
Mercedes-Benz,SL-Class SL 63 AMG,2011,47400,Gasoline,518.0HP 6.3L 8 Cylinder Engine Gasoline Fuel,7-Speed A/T,White,Black,At least 1 accident or damage reported,Yes,41000.0,15,2962.5,1,1,2562.5
Ford,Thunderbird Deluxe,2002,40110,Gasoline,252.0HP 3.9L 8 Cylinder Engine Gasoline Fuel,A/T,Yellow,Black,None reported,Yes,18500.0,24,1604.4,0,0,740.0
RAM,2500 Big Horn,2014,124700,Gasoline,410.0HP 6.4L 8 Cylinder Engine Gasoline Fuel,6-Speed A/T,Silver,–,None reported,Yes,30000.0,12,9592.307692307691,0,0,2307.6923076923076
Ford,F-350 XLT,2013,31000,E85 Flex Fuel,316.0HP 6.2L 8 Cylinder Engine Flex Fuel Capability,A/T,Black,Gray,At least 1 accident or damage reported,Yes,35000.0,13,2214.285714285714,0,1,2500.0
Toyota,RAV4 Prime XSE,2022,7100,Plug-In Hybrid,302.0HP 2.5L 4 Cylinder Engine Plug-In Electric/Gas,A/T,Gray,Black,None reported,Yes,49000.0,4,1420.0,0,0,9800.0
Jeep,Grand Cherokee Limited,2018,91677,Gasoline,3.6L V6 24V MPFI DOHC,8-Speed Automatic,Granite Crystal Clearcoat Metallic,Black,None reported,Unknown,26816.0,8,10186.333333333334,0,0,2979.5555555555557
Ford,Focus SE,2009,107500,Gasoline,132.0HP 2.0L 4 Cylinder Engine Gasoline Fuel,A/T,White,Black,None reported,Yes,9500.0,17,5972.222222222223,0,0,527.7777777777778
Porsche,911 Carrera 4 GTS,2023,1518,Gasoline,473.0HP 3.0L Flat 6 Cylinder Engine Gasoline Fuel,8-Speed A/T,Beige,Brown,None reported,Yes,194965.0,3,379.5,1,0,48741.25
Chevrolet,Corvette Stingray w/2LT,2023,5200,Gasoline,490.0HP 6.2L 8 Cylinder Engine Gasoline Fuel,8-Speed A/T,White,Red,None reported,Yes,88900.0,3,1300.0,0,0,22225.0
Ford,F-150 XLT SuperCab,1999,48054,Gasoline,220.0HP 4.6L 8 Cylinder Engine Gasoline Fuel,A/T,White,Gray,None reported,Yes,9500.0,27,1716.2142857142858,0,0,339.2857142857143
Porsche,Macan Base,2018,87500,Gasoline,252.0HP 2.0L 4 Cylinder Engine Gasoline Fuel,Transmission w/Dual Shift Mode,Blue,Beige,None reported,Yes,28000.0,8,9722.222222222223,1,0,3111.1111111111113
Acura,ZDX Base,2012,106335,Gasoline,300.0HP 3.7L V6 Cylinder Engine Gasoline Fuel,6-Speed A/T,White,Gray,None reported,Yes,19000.0,14,7089.0,0,0,1266.6666666666667
Chevrolet,Suburban Premier,2017,133598,Gasoline,5.3L V8 16V GDI OHV,6-Speed Automatic,Siren Red Tintcoat,Jet Black,At least 1 accident or damage reported,Yes,29999.0,9,13359.8,0,1,2999.9
Chevrolet,Traverse Premier,2018,68455,Gasoline,3.6L V6 24V GDI DOHC,9-Speed Automatic,Silver Ice Metallic,Jet Black,None reported,Yes,30989.0,8,7606.111111111111,0,0,3443.222222222222
Mercedes-Benz,E-Class E 400,2018,28690,Gasoline,329.0HP 3.0L V6 Cylinder Engine Gasoline Fuel,A/T,White,Beige,None reported,Yes,38880.0,8,3187.777777777778,1,0,4320.0
BMW,M3 Base,2012,83000,Gasoline,414.0HP 4.0L 8 Cylinder Engine Gasoline Fuel,7-Speed A/T,Black,Red,At least 1 accident or damage reported,Yes,31000.0,14,5533.333333333333,1,1,2066.6666666666665
Ford,F-250 XLT,2019,38600,Diesel,450.0HP 6.7L 8 Cylinder Engine Diesel Fuel,6-Speed A/T,Blue,–,None reported,Yes,54500.0,7,4825.0,0,0,6812.5
Toyota,Highlander SE,2019,92000,Gasoline,295.0HP 3.5L V6 Cylinder Engine Gasoline Fuel,A/T,Red,Beige,At least 1 accident or damage reported,Yes,30000.0,7,11500.0,0,1,3750.0
Saturn,Sky Red Line,2009,134000,Gasoline,260.0HP 2.0L 4 Cylinder Engine Gasoline Fuel,5-Speed M/T,Blue,Black,At least 1 accident or damage reported,Yes,9500.0,17,7444.444444444444,0,1,527.7777777777778
Lexus,LS 460 Base,2012,103000,Gasoline,380.0HP 4.6L 8 Cylinder Engine Gasoline Fuel,A/T,White,Beige,None reported,Yes,20500.0,14,6866.666666666667,1,0,1366.6666666666667
Honda,CR-V LX,2004,176261,Gasoline,160.0HP 2.4L 4 Cylinder Engine Gasoline Fuel,M/T,Gray,Gray,None reported,Yes,3750.0,22,7663.521739130435,0,0,163.04347826086956
Ford,Mustang GT Premium,2010,58500,Gasoline,315.0HP 4.6L 8 Cylinder Engine Gasoline Fuel,5-Speed M/T,White,Red,At least 1 accident or damage reported,Yes,20000.0,16,3441.176470588235,0,1,1176.4705882352941
Ford,F-250 Limited,2018,64000,Diesel,450.0HP 6.7L 8 Cylinder Engine Diesel Fuel,A/T,Red,Beige,None reported,Yes,64000.0,8,7111.111111111111,0,0,7111.111111111111
Porsche,Boxster Black Edition,2016,24881,Gasoline,265.0HP 2.7L Flat 6 Cylinder Engine Gasoline Fuel,Transmission w/Dual Shift Mode,Black,Black,At least 1 accident or damage reported,Yes,49999.0,10,2261.909090909091,1,1,4545.363636363636
Chevrolet,Corvette Base,1998,134000,Gasoline,340.0HP 5.7L 8 Cylinder Engine Gasoline Fuel,A/T,Red,Beige,None reported,Yes,11500.0,28,4620.689655172414,0,0,396.55172413793105
Ford,Explorer XLT,2013,82900,Gasoline,290.0HP 3.5L V6 Cylinder Engine Gasoline Fuel,6-Speed A/T,White,Gray,At least 1 accident or damage reported,Yes,16000.0,13,5921.428571428572,0,1,1142.857142857143
BMW,Z4 3.0si,2008,59257,Gasoline,255.0HP 3.0L Straight 6 Cylinder Engine Gasoline Fuel,6-Speed M/T,Gray,Black,None reported,Yes,18200.0,18,3118.7894736842104,1,0,957.8947368421053
Lexus,RX 350 F Sport,2016,81400,Gasoline,295.0HP 3.5L V6 Cylinder Engine Gasoline Fuel,8-Speed A/T,Gray,Red,At least 1 accident or damage reported,Yes,26000.0,10,7400.0,1,1,2363.6363636363635
Hyundai,Accent SEL,2022,5100,Gasoline,120.0HP 1.6L 4 Cylinder Engine Gasoline Fuel,A/T,Blue,Black,None reported,Yes,19500.0,4,1020.0,0,0,3900.0
Ford,Expedition Max XLT,2020,67072,Gasoline,375.0HP 3.5L V6 Cylinder Engine Gasoline Fuel,A/T,Purple,Black,None reported,Yes,38500.0,6,9581.714285714286,0,0,5500.0
BMW,328 i xDrive,2016,65000,Gasoline,240.0HP 2.0L 4 Cylinder Engine Gasoline Fuel,Transmission w/Dual Shift Mode,Silver,Black,None reported,Yes,19500.0,10,5909.090909090909,1,0,1772.7272727272727
Ford,Fusion SE,2014,80800,Gasoline,175.0HP 2.5L 4 Cylinder Engine Gasoline Fuel,A/T,Blue,Beige,None reported,Yes,10000.0,12,6215.384615384615,0,0,769.2307692307693
Ford,F-150 XLT,2020,53401,Gasoline,375.0HP 3.5L V6 Cylinder Engine Gasoline Fuel,10-Speed A/T,Gray,Black,None reported,Yes,39500.0,6,7628.714285714285,0,0,5642.857142857143
Ford,F-150 Platinum,2021,15555,Gasoline,5.0L 8 Cylinder,10-Speed Automatic,Blue,Black,None reported,Yes,62890.0,5,2592.5,0,0,10481.666666666666
Dodge,Ram 1500 SLT Mega Cab,2006,201509,Gasoline,345.0HP 5.7L 8 Cylinder Engine Gasoline Fuel,5-Speed A/T,Gray,Gray,At least 1 accident or damage reported,Yes,11000.0,20,9595.666666666666,0,1,523.8095238095239
Honda,Civic EX,2013,107000,Gasoline,140.0HP 1.8L 4 Cylinder Engine Gasoline Fuel,A/T,Silver,Black,None reported,Yes,14000.0,13,7642.857142857143,0,0,1000.0
Land,Rover Range Rover Velar P250 S R-Dynamic,2020,30500,Gasoline,247.0HP 2.0L 4 Cylinder Engine Gasoline Fuel,A/T,Silver,Beige,None reported,Yes,44000.0,6,4357.142857142857,1,0,6285.714285714285
Toyota,Tacoma Base,2011,36000,Gasoline,159.0HP 2.7L 4 Cylinder Engine Gasoline Fuel,5-Speed M/T,Gray,Gray,None reported,Yes,20000.0,15,2250.0,0,0,1250.0
Ford,F-250 XLT,2019,38514,E85 Flex Fuel,385.0HP 6.2L 8 Cylinder Engine Flex Fuel Capability,A/T,Black,Gray,At least 1 accident or damage reported,Yes,45998.0,7,4814.25,0,1,5749.75
Mercedes-Benz,Sprinter 2500 Standard Roof,2022,4590,Gasoline,188.0HP 2.0L 4 Cylinder Engine Gasoline Fuel,A/T,White,Black,None reported,Yes,64000.0,4,918.0,1,0,12800.0
RAM,2500 Big Horn,2019,97000,Diesel,370.0HP 6.7L Straight 6 Cylinder Engine Diesel Fuel,A/T,White,Gray,At least 1 accident or damage reported,Yes,45000.0,7,12125.0,0,1,5625.0
BMW,328 i xDrive,2011,110000,Gasoline,230.0HP 3.0L Straight 6 Cylinder Engine Gasoline Fuel,6-Speed A/T,Black,Beige,At least 1 accident or damage reported,Yes,6000.0,15,6875.0,1,1,375.0
Ford,Explorer XLT,2017,53000,E85 Flex Fuel,290.0HP 3.5L V6 Cylinder Engine Flex Fuel Capability,6-Speed A/T,Red,Gray,At least 1 accident or damage reported,Yes,25000.0,9,5300.0,0,1,2500.0
Chevrolet,Suburban LTZ,2016,110000,E85 Flex Fuel,355.0HP 5.3L 8 Cylinder Engine Flex Fuel Capability,A/T,Brown,Brown,None reported,Yes,30999.0,10,10000.0,0,0,2818.090909090909
Mazda,MX-5 Miata Sport,2006,218000,Gasoline,170.0HP 2.0L 4 Cylinder Engine Gasoline Fuel,6-Speed M/T,Black,Black,At least 1 accident or damage reported,Yes,4999.0,20,10380.952380952382,0,1,238.04761904761904
INFINITI,G35 Base,2003,106500,Gasoline,280.0HP 3.5L V6 Cylinder Engine Gasoline Fuel,6-Speed M/T,Red,Beige,None reported,Yes,9500.0,23,4437.5,0,0,395.8333333333333
Chevrolet,Express 2500 Work Van,2012,140500,E85 Flex Fuel,324.0HP 6.0L 8 Cylinder Engine Flex Fuel Capability,A/T,White,Gray,None reported,Yes,11800.0,14,9366.666666666666,0,0,786.6666666666666
Ford,Explorer Eddie Bauer,2010,144200,Gasoline,210.0HP 4.0L V6 Cylinder Engine Gasoline Fuel,5-Speed A/T,Black,Beige,None reported,Yes,9999.0,16,8482.35294117647,0,0,588.1764705882352
Chevrolet,Suburban RST,2022,21400,Diesel,277.0HP 3.0L Straight 6 Cylinder Engine Diesel Fuel,10-Speed A/T,Gray,Black,None reported,Yes,69000.0,4,4280.0,0,0,13800.0
Mercedes-Benz,GL-Class GL 550 4MATIC,2015,130000,Gasoline,429.0HP 4.7L 8 Cylinder Engine Gasoline Fuel,7-Speed A/T,Blue,Black,None reported,Yes,24500.0,11,10833.333333333334,1,0,2041.6666666666667
Ford,Focus SE,2012,108045,Gasoline,160.0HP 2.0L 4 Cylinder Engine Gasoline Fuel,6-Speed A/T,Blue,Gray,None reported,Yes,6500.0,14,7203.0,0,0,433.3333333333333
Subaru,Crosstrek Premium,2022,10000,Gasoline,152.0HP 2.0L 4 Cylinder Engine Gasoline Fuel,CVT Transmission,White,Black,None reported,Yes,28000.0,4,2000.0,0,0,5600.0
Hyundai,Genesis Coupe 3.8 Track,2011,75000,Gasoline,306.0HP 3.8L V6 Cylinder Engine Gasoline Fuel,Transmission w/Dual Shift Mode,Red,Black,At least 1 accident or damage reported,Yes,12000.0,15,4687.5,0,1,750.0
Chrysler,Town & Country LX,2009,73500,Gasoline,170.0HP 3.3L V6 Cylinder Engine Gasoline Fuel,A/T,Silver,Gray,At least 1 accident or damage reported,Yes,7858.0,17,4083.3333333333335,0,1,436.55555555555554
Porsche,Panamera Turbo,2018,29850,Gasoline,550.0HP 4.0L 8 Cylinder Engine Gasoline Fuel,8-Speed A/T,Silver,Red,None reported,Yes,89750.0,8,3316.6666666666665,1,0,9972.222222222223
Honda,Pilot EX-L,2016,135350,Gasoline,280.0HP 3.5L V6 Cylinder Engine Gasoline Fuel,6-Speed A/T,White,Beige,At least 1 accident or damage reported,Yes,19900.0,10,12304.545454545454,0,1,1809.090909090909
Mercedes-Benz,GLC 300 GLC 300,2022,16983,Gasoline,2.0 Liter Turbo,Automatic,Black,Black,None reported,Unknown,40998.0,4,3396.6,1,0,8199.6
Audi,A8 L 55,2019,35580,Hybrid,335.0HP 3.0L V6 Cylinder Engine Gasoline/Mild Electric Hybrid,8-Speed A/T,Black,Black,None reported,Yes,49500.0,7,4447.5,1,0,6187.5
Ford,Edge SE,2020,71200,Gasoline,250.0HP 2.0L 4 Cylinder Engine Gasoline Fuel,8-Speed A/T,White,Beige,None reported,Yes,18900.0,6,10171.42857142857,0,0,2700.0
Dodge,Durango GT,2022,24778,Gasoline,3.6L V6 24V MPFI DOHC,8-Speed Automatic,Octane Red Pearlcoat,Black,At least 1 accident or damage reported,Unknown,36599.0,4,4955.6,0,1,7319.8
BMW,328 i,2015,109330,Gasoline,240.0HP 2.0L 4 Cylinder Engine Gasoline Fuel,A/T,Black,Beige,None reported,Yes,13349.0,11,9110.833333333334,1,0,1112.4166666666667
Alfa,Romeo Stelvio Ti,2023,6645,Gasoline,2.0L I4 16V GDI SOHC Turbo,8-Speed Automatic,Alfa White,Black,None reported,Unknown,43900.0,3,1661.25,0,0,10975.0
Mercedes-Benz,GL-Class GL 450 4MATIC,2007,90400,Gasoline,335.0HP 4.7L 8 Cylinder Engine Gasoline Fuel,7-Speed A/T,Silver,Beige,None reported,Yes,10199.0,19,4520.0,1,0,509.95
Ford,Ranger XLT SuperCab,2002,192100,Gasoline,207.0HP 4.0L V6 Cylinder Engine Gasoline Fuel,5-Speed A/T,Gold,Beige,At least 1 accident or damage reported,Yes,6450.0,24,7684.0,0,1,258.0
BMW,M3 CS,2018,32000,Gasoline,453.0HP 3.0L Straight 6 Cylinder Engine Gasoline Fuel,Transmission w/Dual Shift Mode,White,Black,None reported,Yes,70000.0,8,3555.5555555555557,1,0,7777.777777777777
Volkswagen,Golf GTI 2.0T Autobahn,2022,6400,Gasoline,241.0HP 2.0L 4 Cylinder Engine Gasoline Fuel,A/T,Green,Black,None reported,Yes,41500.0,4,1280.0,0,0,8300.0
Toyota,4Runner SR5 Premium,2021,36180,Gasoline,270.0HP 4.0L V6 Cylinder Engine Gasoline Fuel,A/T,Black,–,None reported,Yes,36990.0,5,6030.0,0,0,6165.0
GMC,Yukon SLT,2014,142400,E85 Flex Fuel,320.0HP 5.3L 8 Cylinder Engine Flex Fuel Capability,A/T,Black,Black,At least 1 accident or damage reported,Yes,13500.0,12,10953.846153846154,0,1,1038.4615384615386
Cadillac,ATS 2.0L Turbo Luxury,2016,83000,Gasoline,272.0HP 2.0L 4 Cylinder Engine Gasoline Fuel,8-Speed A/T,Red,Beige,None reported,Yes,16500.0,10,7545.454545454545,0,0,1500.0
Nissan,Xterra S,2012,80000,Gasoline,261.0HP 4.0L V6 Cylinder Engine Gasoline Fuel,A/T,Black,Gray,None reported,Yes,14800.0,14,5333.333333333333,0,0,986.6666666666666
Ford,Bronco Badlands,2021,32437,Gasoline,315.0HP 2.7L V6 Cylinder Engine Gasoline Fuel,10-Speed A/T,Gray,Black,None reported,Yes,51000.0,5,5406.166666666667,0,0,8500.0
BMW,328 i,2011,67500,Gasoline,230.0HP 3.0L Straight 6 Cylinder Engine Gasoline Fuel,6-Speed A/T,White,Beige,None reported,Yes,18000.0,15,4218.75,1,0,1125.0
Toyota,4Runner Limited,2021,25882,Gasoline,"4L V-6 DOHC, VVT-i variable valve control, engine with 270HP",Automatic,Midnight Black Metallic,–,None reported,Unknown,43837.0,5,4313.666666666667,0,0,7306.166666666667
Porsche,911 Turbo,2018,12088,Gasoline,540.0HP 3.8L Flat 6 Cylinder Engine Gasoline Fuel,A/T,Gray,Black,None reported,Yes,169000.0,8,1343.111111111111,1,0,18777.777777777777
Toyota,Tundra SR5 Double Cab,2005,170000,Gasoline,282.0HP 4.7L 8 Cylinder Engine Gasoline Fuel,A/T,Silver,Beige,At least 1 accident or damage reported,Yes,11200.0,21,7727.272727272727,0,1,509.09090909090907
Ford,F-250 Lariat,2023,3763,Diesel,475.0HP 6.7L 8 Cylinder Engine Diesel Fuel,10-Speed A/T,Red,Black,None reported,Yes,92000.0,3,940.75,0,0,23000.0
Land,Rover Range Rover Velar P380 S,2018,46000,Gasoline,380.0HP 3.0L V6 Cylinder Engine Gasoline Fuel,A/T,Red,Beige,None reported,Yes,40000.0,8,5111.111111111111,1,0,4444.444444444444
Ford,F-250 XLT Crew Cab Super Duty,2008,190321,Diesel,350.0HP 6.4L 8 Cylinder Engine Diesel Fuel,A/T,White,Beige,None reported,Yes,15900.0,18,10016.894736842105,0,0,836.8421052631579
Porsche,Macan S,2018,40950,Gasoline,340.0HP 3.0L V6 Cylinder Engine Gasoline Fuel,7-Speed A/T,Black,Black,None reported,Yes,39750.0,8,4550.0,1,0,4416.666666666667
Mercedes-Benz,C-Class C 63 AMG,2014,42000,Gasoline,451.0HP 6.2L 8 Cylinder Engine Gasoline Fuel,7-Speed A/T,Gray,Black,None reported,Yes,45000.0,12,3230.769230769231,1,0,3461.5384615384614
Nissan,Pathfinder S,2014,135000,Gasoline,260.0HP 3.5L V6 Cylinder Engine Gasoline Fuel,A/T,White,Brown,None reported,Yes,8500.0,12,10384.615384615385,0,0,653.8461538461538
Jeep,Gladiator Overland,2020,20655,Gasoline,3.6L V6 24V MPFI DOHC,8-Speed Automatic,Firecracker Red Clearcoat,Black,Unknown,Unknown,42850.0,6,2950.714285714286,0,1,6121.428571428572
Porsche,911 Carrera S,2023,1877,Gasoline,443.0HP 3.0L Flat 6 Cylinder Engine Gasoline Fuel,8-Speed A/T,Red,Red,None reported,Yes,185950.0,3,469.25,1,0,46487.5
Ford,F-250 XLT,2019,33000,Diesel,450.0HP 6.7L 8 Cylinder Engine Diesel Fuel,6-Speed A/T,Black,Gray,None reported,Yes,59000.0,7,4125.0,0,0,7375.0
Ford,Fusion SE,2016,68000,Gasoline,175.0HP 2.5L 4 Cylinder Engine Gasoline Fuel,A/T,Black,Black,None reported,Yes,12500.0,10,6181.818181818182,0,0,1136.3636363636363
Honda,Accord Sport,2013,405000,Gasoline,185.0HP 2.4L 4 Cylinder Engine Gasoline Fuel,CVT Transmission,Black,Black,None reported,Yes,6000.0,13,28928.571428571428,0,0,428.57142857142856
BMW,330 i xDrive,2018,117000,Gasoline,248.0HP 2.0L 4 Cylinder Engine Gasoline Fuel,8-Speed A/T,Black,Beige,None reported,Yes,17000.0,8,13000.0,1,0,1888.888888888889
Acura,MDX Sport,2007,183455,Gasoline,300.0HP 3.7L V6 Cylinder Engine Gasoline Fuel,5-Speed A/T,White,Beige,At least 1 accident or damage reported,Yes,7700.0,19,9172.75,0,1,385.0
Chevrolet,Suburban Premier,2021,51890,Gasoline,5.3L V8 16V GDI OHV,10-Speed Automatic,Shadow Gray Metallic,Jet Black,None reported,Yes,59980.0,5,8648.333333333334,0,0,9996.666666666666
Chevrolet,Suburban High Country,2021,59528,Gasoline,6.2L V8 16V GDI OHV,10-Speed Automatic,Satin Steel Metallic,Jet Black,None reported,Yes,68995.0,5,9921.333333333334,0,0,11499.166666666666
Cadillac,CTS-V Base,2006,123000,Gasoline,400.0HP 6.0L 8 Cylinder Engine Gasoline Fuel,6-Speed M/T,Black,Black,None reported,Yes,15000.0,20,5857.142857142857,0,0,714.2857142857143
Kia,Niro EV EX,2022,20000,Gasoline,201.0HP Electric Motor Electric Fuel System,1-Speed A/T,Silver,Black,None reported,Yes,29998.0,4,4000.0,0,0,5999.6
BMW,X3 xDrive30i,2021,38352,Gasoline,2.0L I4 16V GDI DOHC Turbo,8-Speed Automatic,Phytonic Blue Metallic,Canberra Beige,None reported,Unknown,37400.0,5,6392.0,1,0,6233.333333333333
Porsche,Taycan Base,2021,13344,Gasoline,321.0HP Electric Motor Electric Fuel System,2-Speed A/T,Black,Beige,At least 1 accident or damage reported,Yes,83499.0,5,2224.0,1,1,13916.5
Honda,S2000 CR,2008,44300,Gasoline,237.0HP 2.2L 4 Cylinder Engine Gasoline Fuel,M/T,Yellow,Black,None reported,Yes,62000.0,18,2331.5789473684213,0,0,3263.157894736842
Lexus,HS 250h Premium,2010,123500,Hybrid,147.0HP 2.4L 4 Cylinder Engine Gas/Electric Hybrid,A/T,Red,Black,At least 1 accident or damage reported,Yes,9500.0,16,7264.705882352941,1,1,558.8235294117648
Lincoln,Navigator Base,2013,134000,E85 Flex Fuel,310.0HP 5.4L 8 Cylinder Engine Flex Fuel Capability,6-Speed A/T,Red,Black,None reported,Yes,21500.0,13,9571.42857142857,0,0,1535.7142857142858
Ford,F-150 XLT,2020,57000,Gasoline,375.0HP 3.5L V6 Cylinder Engine Gasoline Fuel,10-Speed A/T,Gray,Gray,At least 1 accident or damage reported,Yes,37500.0,6,8142.857142857143,0,1,5357.142857142857
Kia,K5 GT-Line,2021,100312,Gasoline,1.6L I4 16V GDI DOHC Turbo,8-Speed Automatic,Wolf Gray,Black,None reported,Unknown,19980.0,5,16718.666666666668,0,0,3330.0
Bentley,Continental GT W12,2021,16146,Gasoline,"6L W-12 port/direct injection, DOHC, variable valve control, twi",Automatic,Fountain Blue,Linen,None reported,Unknown,239991.0,5,2691.0,0,0,39998.5
Tesla,Model S Performance,2012,61000,Gasoline,416.0HP Electric Motor Electric Fuel System,A/T,Green,Black,None reported,Yes,29000.0,14,4066.6666666666665,1,0,1933.3333333333333
BMW,Z4 sDrive28i,2014,15889,Gasoline,240.0HP 2.0L 4 Cylinder Engine Gasoline Fuel,8-Speed A/T,Blue,Beige,None reported,Yes,34500.0,12,1222.2307692307693,1,0,2653.846153846154
BMW,528 i xDrive,2015,125500,Gasoline,240.0HP 2.0L 4 Cylinder Engine Gasoline Fuel,A/T,Black,Black,At least 1 accident or damage reported,Yes,12950.0,11,10458.333333333334,1,1,1079.1666666666667
Ford,Expedition Limited,2013,163500,E85 Flex Fuel,310.0HP 5.4L 8 Cylinder Engine Flex Fuel Capability,A/T,Gray,Black,None reported,Yes,16490.0,13,11678.57142857143,0,0,1177.857142857143
Buick,Enclave Leather,2015,89726,Gasoline,288.0HP 3.6L V6 Cylinder Engine Gasoline Fuel,A/T,White,Brown,None reported,Yes,16000.0,11,7477.166666666667,0,0,1333.3333333333333
Mercedes-Benz,SL-Class SL600 Roadster,2005,93000,Gasoline,493.0HP 5.5L 12 Cylinder Engine Gasoline Fuel,A/T,Black,Black,None reported,Yes,22500.0,21,4227.272727272727,1,0,1022.7272727272727
MINI,Cooper S Base,2012,128000,Gasoline,181.0HP 1.6L 4 Cylinder Engine Gasoline Fuel,6-Speed A/T,Black,Black,None reported,Yes,8500.0,14,8533.333333333334,0,0,566.6666666666666
Porsche,Cayenne Turbo,2017,70800,Gasoline,520.0HP 4.8L 8 Cylinder Engine Gasoline Fuel,Transmission w/Dual Shift Mode,White,Black,None reported,Yes,52999.0,9,7080.0,1,0,5299.9
Saturn,Vue Hybrid Base,2009,115000,Hybrid,172.0HP 2.4L 4 Cylinder Engine Gas/Electric Hybrid,A/T,Blue,Beige,None reported,Yes,4400.0,17,6388.888888888889,0,0,244.44444444444446
RAM,2500 Laramie,2018,98650,Diesel,350.0HP 6.7L Straight 6 Cylinder Engine Diesel Fuel,6-Speed A/T,Black,Black,None reported,Yes,56750.0,8,10961.111111111111,0,0,6305.555555555556
RAM,1500 Limited,2019,87768,Hybrid,395.0HP 5.7L 8 Cylinder Engine Gasoline/Mild Electric Hybrid,A/T,Silver,Black,None reported,Yes,44000.0,7,10971.0,0,0,5500.0
Chevrolet,Traverse RS,2023,6000,Gasoline,310.0HP 3.6L V6 Cylinder Engine Gasoline Fuel,9-Speed A/T,Gray,Black,None reported,Yes,48500.0,3,1500.0,0,0,12125.0
Lexus,RX 350 F SPORT Appearance,2021,28262,Gasoline,3.5 Liter,Automatic,Obsidian,–,None reported,Unknown,49998.0,5,4710.333333333333,1,0,8333.0
Mazda,CX-50 2.5 Turbo Premium Package,2023,16200,Gasoline,227.0HP 2.5L 4 Cylinder Engine Gasoline Fuel,6-Speed A/T,Blue,Beige,None reported,Yes,36900.0,3,4050.0,0,0,9225.0
Cadillac,SRX Luxury Collection,2012,87500,E85 Flex Fuel,308.0HP 3.6L V6 Cylinder Engine Flex Fuel Capability,A/T,White,Beige,None reported,Yes,11499.0,14,5833.333333333333,0,0,766.6
FIAT,500 Lounge,2013,85458,Gasoline,101.0HP 1.4L 4 Cylinder Engine Gasoline Fuel,A/T,White,Beige,None reported,Yes,9000.0,13,6104.142857142857,0,0,642.8571428571429
Mercedes-Benz,EQS 450+ Base,2022,16500,Gasoline,329.0HP Electric Motor Electric Fuel System,A/T,Blue,White,None reported,Yes,69500.0,4,3300.0,1,0,13900.0
MINI,Cooper S Clubman Base,2009,83853,Gasoline,172.0HP 1.6L 4 Cylinder Engine Gasoline Fuel,6-Speed M/T,Gray,Black,At least 1 accident or damage reported,Yes,6950.0,17,4658.5,0,1,386.1111111111111
BMW,X6 M50i,2022,22500,Gasoline,523.0HP 4.4L 8 Cylinder Engine Gasoline Fuel,Transmission w/Dual Shift Mode,Black,–,At least 1 accident or damage reported,Yes,74999.0,4,4500.0,1,1,14999.8
Lexus,LS 460 Base,2013,99524,Gasoline,386.0HP 4.6L 8 Cylinder Engine Gasoline Fuel,8-Speed A/T,Gray,Black,At least 1 accident or damage reported,Yes,24900.0,13,7108.857142857143,1,1,1778.5714285714287
Genesis,GV80 2.5T,2023,8100,Gasoline,300.0HP 2.5L 4 Cylinder Engine Gasoline Fuel,Transmission w/Dual Shift Mode,Silver,Beige,None reported,Yes,57300.0,3,2025.0,0,0,14325.0
MINI,Hardtop Cooper S,2016,43073,Gasoline,2.0L I4 16V GDI DOHC Turbo,6-Speed Automatic,Volcanic Orange,Carbon Black,None reported,Unknown,17999.0,10,3915.7272727272725,0,0,1636.2727272727273
Land,Rover Range Rover Velar R-Dynamic S,2023,12425,Gasoline,I4,Automatic,Firenze Red,Ebony,None reported,Unknown,57619.0,3,3106.25,1,0,14404.75
BMW,530 i xDrive,2020,23195,Gasoline,2.0L I4 16V GDI DOHC Turbo,8-Speed Automatic,Dark Graphite Metallic,Black,None reported,Unknown,38900.0,6,3313.5714285714284,1,0,5557.142857142857
Jeep,Grand Cherokee Laredo,2011,118000,Gasoline,360.0HP 5.7L 8 Cylinder Engine Gasoline Fuel,A/T,Gold,Black,At least 1 accident or damage reported,Yes,12500.0,15,7375.0,0,1,781.25
Toyota,Tacoma SR5,2018,65290,Gasoline,278.0HP 3.5L V6 Cylinder Engine Gasoline Fuel,6-Speed A/T,Blue,Black,At least 1 accident or damage reported,Yes,26450.0,8,7254.444444444444,0,1,2938.8888888888887
Porsche,911 Carrera Cabriolet,2001,47885,Gasoline,300.0HP 3.4L Flat 6 Cylinder Engine Gasoline Fuel,6-Speed M/T,Gray,Black,Unknown,Unknown,31995.0,25,1841.7307692307693,1,1,1230.576923076923
Jeep,Gladiator Sport S,2020,13000,Gasoline,285.0HP 3.6L V6 Cylinder Engine Gasoline Fuel,8-Speed A/T,Gray,–,None reported,Yes,39500.0,6,1857.142857142857,0,0,5642.857142857143
Dodge,Challenger SRT Hellcat,2018,29475,Gasoline,707.0HP 6.2L 8 Cylinder Engine Gasoline Fuel,8-Speed A/T,Orange,Black,None reported,Yes,62999.0,8,3275.0,0,0,6999.888888888889
Jeep,Renegade Trailhawk,2017,78717,Gasoline,180.0HP 2.4L 4 Cylinder Engine Gasoline Fuel,A/T,Black,Black,None reported,Yes,17500.0,9,7871.7,0,0,1750.0
Ford,F-150 Lariat,2021,9142,Hybrid,430.0HP 3.5L V6 Cylinder Engine Gas/Electric Hybrid,10-Speed A/T,Black,Gray,None reported,Yes,61500.0,5,1523.6666666666667,0,0,10250.0
Jaguar,XF Premium,2011,106000,Gasoline,385.0HP 5.0L 8 Cylinder Engine Gasoline Fuel,6-Speed A/T,Brown,Beige,At least 1 accident or damage reported,Yes,9400.0,15,6625.0,1,1,587.5
RAM,1500 Laramie,2022,3521,Gasoline,5.7L V8 16V MPFI OHV,Automatic,Diamond Black,Black,None reported,Yes,51074.0,4,704.2,0,0,10214.8
Volkswagen,Golf GTI 2.0T SE 4-Door,2016,90000,Gasoline,210.0HP 2.0L 4 Cylinder Engine Gasoline Fuel,6-Speed A/T,Gray,Black,None reported,Yes,16750.0,10,8181.818181818182,0,0,1522.7272727272727
Porsche,Macan Turbo,2016,46000,Gasoline,400.0HP 3.6L V6 Cylinder Engine Gasoline Fuel,Transmission w/Dual Shift Mode,Gray,–,None reported,Yes,38000.0,10,4181.818181818182,1,0,3454.5454545454545
BMW,X4 M Competition,2020,18362,Gasoline,503.0HP 3.0L Straight 6 Cylinder Engine Gasoline Fuel,A/T,Black,Orange,None reported,Yes,60000.0,6,2623.1428571428573,1,0,8571.42857142857
Lexus,RX 350 Base,2013,164500,Gasoline,270.0HP 3.5L V6 Cylinder Engine Gasoline Fuel,6-Speed A/T,White,Black,At least 1 accident or damage reported,Yes,16500.0,13,11750.0,1,1,1178.5714285714287
GMC,Terrain SLT,2020,55018,Gasoline,170.0HP 1.5L 4 Cylinder Engine Gasoline Fuel,9-Speed A/T,Black,Black,At least 1 accident or damage reported,Yes,25500.0,6,7859.714285714285,0,1,3642.8571428571427
Nissan,Maxima SV,2022,36466,Gasoline,3.5L V6 24V GDI DOHC,Automatic CVT,Brilliant Silver Metallic,Charcoal,None reported,Unknown,24980.0,4,7293.2,0,0,4996.0
Volvo,S60 B5 Inscription,2022,14280,Hybrid,247.0HP 2.0L 4 Cylinder Engine Gasoline/Mild Electric Hybrid,A/T,Blue,Black,None reported,Yes,36500.0,4,2856.0,0,0,7300.0
Subaru,Outback 2.5i Premium,2013,116000,Gasoline,173.0HP 2.5L 4 Cylinder Engine Gasoline Fuel,A/T,Blue,Beige,At least 1 accident or damage reported,Yes,12500.0,13,8285.714285714286,0,1,892.8571428571429
RAM,1500 Laramie,2022,16184,Gasoline,5.7L V8 16V MPFI OHV,8-Speed Automatic,Granite Crystal Clearcoat Metallic,Black,None reported,Unknown,46999.0,4,3236.8,0,0,9399.8
Porsche,Boxster Base,1997,132800,Gasoline,201.0HP 2.5L Flat 6 Cylinder Engine Gasoline Fuel,5-Speed M/T,Red,Beige,Unknown,Unknown,8500.0,29,4426.666666666667,1,1,283.3333333333333
Ford,Explorer XLT,2020,45000,Gasoline,300.0HP 2.3L 4 Cylinder Engine Gasoline Fuel,10-Speed A/T,Silver,Black,None reported,Yes,33500.0,6,6428.571428571428,0,0,4785.714285714285
Ford,F-150 Lariat,2013,102000,Gasoline,365.0HP 3.5L V6 Cylinder Engine Gasoline Fuel,6-Speed A/T,White,Black,None reported,Yes,23000.0,13,7285.714285714285,0,0,1642.857142857143
Ford,Excursion XLS,2004,163000,Diesel,325.0HP 6.0L 8 Cylinder Engine Diesel Fuel,5-Speed A/T,Silver,Gray,At least 1 accident or damage reported,Yes,18000.0,22,7086.95652173913,0,1,782.6086956521739
BMW,M8 Competition,2023,3500,Gasoline,617.0HP 4.4L 8 Cylinder Engine Gasoline Fuel,8-Speed A/T,Gray,Gray,None reported,Yes,129000.0,3,875.0,1,0,32250.0
Porsche,Panamera GTS,2016,42526,Gasoline,440.0HP 4.8L 8 Cylinder Engine Gasoline Fuel,7-Speed A/T,Blue,Black,None reported,Yes,66200.0,10,3866.0,1,0,6018.181818181818
Mazda,Mazda3 i Touring,2012,144900,Gasoline,155.0HP 2.0L 4 Cylinder Engine Gasoline Fuel,Transmission w/Dual Shift Mode,Black,–,None reported,Yes,6000.0,14,9660.0,0,0,400.0
GMC,Sierra 1500 SLT,2016,85000,Gasoline,355.0HP 5.3L 8 Cylinder Engine Gasoline Fuel,A/T,White,Black,None reported,Yes,32750.0,10,7727.272727272727,0,0,2977.2727272727275
Mercedes-Benz,Sprinter 2500 Standard Roof,2022,16113,Diesel,188.0HP 3.0L V6 Cylinder Engine Diesel Fuel,A/T,Gray,Black,None reported,Yes,111000.0,4,3222.6,1,0,22200.0
Mercedes-Benz,GL-Class GL 450,2011,93000,Gasoline,335.0HP 4.7L 8 Cylinder Engine Gasoline Fuel,A/T,Gray,Beige,At least 1 accident or damage reported,Yes,11900.0,15,5812.5,1,1,743.75
RAM,1500 Big Horn,2022,11468,Gasoline,5.7L V8 16V MPFI OHV,Automatic,Bright White Clearcoat,Black,None reported,Yes,50204.0,4,2293.6,0,0,10040.8
Lexus,NX 300 Base,2019,25470,Gasoline,235.0HP 2.0L 4 Cylinder Engine Gasoline Fuel,Transmission w/Dual Shift Mode,Silver,Red,None reported,Yes,32500.0,7,3183.75,1,0,4062.5
BMW,435 i xDrive,2014,90347,Gasoline,300.0HP 3.0L Straight 6 Cylinder Engine Gasoline Fuel,8-Speed A/T,Silver,Black,None reported,Yes,21800.0,12,6949.7692307692305,1,0,1676.923076923077
GMC,Yukon SLE,2017,96000,Gasoline,355.0HP 5.3L 8 Cylinder Engine Gasoline Fuel,A/T,Gray,Black,None reported,Yes,34000.0,9,9600.0,0,0,3400.0
Honda,Pilot EX-L,2016,80500,Gasoline,280.0HP 3.5L V6 Cylinder Engine Gasoline Fuel,6-Speed A/T,Gray,Black,None reported,Yes,23000.0,10,7318.181818181818,0,0,2090.909090909091
Audi,A5 Sportback S line Premium Plus,2021,35000,Hybrid,261.0HP 2.0L 4 Cylinder Engine Gasoline/Mild Electric Hybrid,7-Speed A/T,Black,Black,None reported,Yes,37499.0,5,5833.333333333333,1,0,6249.833333333333
Porsche,911 Carrera,1995,49900,–,–,6-Speed M/T,Silver,Gray,At least 1 accident or damage reported,Yes,97993.0,31,1559.375,1,1,3062.28125
Honda,Civic Sport,2020,121212,Gasoline,1.5L I4 16V GDI DOHC Turbo,Automatic CVT,White,Sport,At least 1 accident or damage reported,Yes,18387.0,6,17316.0,0,1,2626.714285714286
Mercedes-Benz,G 550 4x4 Squared Base,2018,14381,Gasoline,4.0L V8 32V GDI DOHC Twin Turbo,7-Speed Automatic,Designo Magno Matte,Black,None reported,Unknown,204900.0,8,1597.888888888889,1,0,22766.666666666668
Porsche,Panamera Platinum Edition,2022,13500,Gasoline,325.0HP 2.9L V6 Cylinder Engine Gasoline Fuel,8-Speed A/T,Green,Black,None reported,Yes,86999.0,4,2700.0,1,0,17399.8
BMW,740e xDrive iPerformance,2019,33214,Plug-In Hybrid,322.0HP 2.0L 4 Cylinder Engine Plug-In Electric/Gas,A/T,White,Black,None reported,Yes,43500.0,7,4151.75,1,0,5437.5
Ford,F-250 XLT,2017,29719,E85 Flex Fuel,385.0HP 6.2L 8 Cylinder Engine Flex Fuel Capability,A/T,White,Gray,None reported,Yes,31000.0,9,2971.9,0,0,3100.0
Lincoln,Corsair Standard,2022,4520,Gasoline,250.0HP 2.0L 4 Cylinder Engine Gasoline Fuel,8-Speed A/T,Beige,Beige,None reported,Yes,38500.0,4,904.0,0,0,7700.0
Hyundai,Sonata Sport,2017,84129,Gasoline,2.4L I4 16V GDI DOHC,6-Speed Automatic,Phantom Black,Graphite,None reported,Unknown,14599.0,9,8412.9,0,0,1459.9
Nissan,Maxima 3.5 SR,2019,72150,Gasoline,300.0HP 3.5L V6 Cylinder Engine Gasoline Fuel,CVT Transmission,White,Black,At least 1 accident or damage reported,Yes,26999.0,7,9018.75,0,1,3374.875
GMC,Yukon SLT,2015,94500,Gasoline,355.0HP 5.3L 8 Cylinder Engine Gasoline Fuel,A/T,White,Beige,At least 1 accident or damage reported,Yes,30000.0,11,7875.0,0,1,2500.0
Mercedes-Benz,GLS 550 Base 4MATIC,2017,88454,Gasoline,449.0HP 4.7L 8 Cylinder Engine Gasoline Fuel,9-Speed A/T,White,Beige,None reported,Yes,39999.0,9,8845.4,1,0,3999.9
Cadillac,CTS Base,2010,81696,Gasoline,270.0HP 3.0L V6 Cylinder Engine Gasoline Fuel,6-Speed A/T,Silver,Beige,At least 1 accident or damage reported,Yes,9499.0,16,4805.64705882353,0,1,558.7647058823529
Cadillac,CTS Base,2005,94100,Gasoline,255.0HP 3.6L V6 Cylinder Engine Gasoline Fuel,6-Speed M/T,White,Beige,None reported,Yes,6099.0,21,4277.272727272727,0,0,277.22727272727275
Ford,Explorer Limited,2022,17500,Hybrid,318.0HP 3.3L V6 Cylinder Engine Gas/Electric Hybrid,10-Speed A/T,White,Black,None reported,Yes,46000.0,4,3500.0,0,0,9200.0
Acura,RDX,2016,132252,Gasoline,3.5 Liter,Automatic,Crystal Black,Black,None reported,Unknown,18998.0,10,12022.90909090909,0,0,1727.090909090909
Toyota,Highlander XLE,2022,4437,Gasoline,295.0HP 3.5L V6 Cylinder Engine Gasoline Fuel,Transmission w/Dual Shift Mode,Gray,Black,None reported,Yes,42000.0,4,887.4,0,0,8400.0
Volkswagen,Golf GTI 2.0T SE 4-Door,2018,70500,Gasoline,220.0HP 2.0L 4 Cylinder Engine Gasoline Fuel,Transmission w/Dual Shift Mode,White,Black,None reported,Yes,23000.0,8,7833.333333333333,0,0,2555.5555555555557
Nissan,Pickup Truck XE,1994,89144,–,–,A/T,Red,Gray,None reported,Yes,5899.0,32,2701.3333333333335,0,0,178.75757575757575
Toyota,Corolla CE,2008,170000,Gasoline,126.0HP 1.8L 4 Cylinder Engine Gasoline Fuel,A/T,Gray,Gray,None reported,Yes,5199.0,18,8947.368421052632,0,0,273.63157894736844
Honda,Element EX,2008,122000,Gasoline,166.0HP 2.4L 4 Cylinder Engine Gasoline Fuel,A/T,Blue,Gray,None reported,Yes,10500.0,18,6421.0526315789475,0,0,552.6315789473684
Toyota,Camry Solara SE,2008,57852,Gasoline,210.0HP 3.3L V6 Cylinder Engine Gasoline Fuel,A/T,Silver,Gray,Unknown,Unknown,13900.0,18,3044.842105263158,0,1,731.578947368421
Hyundai,Genesis 4.6,2010,120321,Gasoline,378.0HP 4.6L 8 Cylinder Engine Gasoline Fuel,Transmission w/Dual Shift Mode,White,Beige,None reported,Yes,10500.0,16,7077.705882352941,0,0,617.6470588235294
BMW,325 Ci,2004,178000,Gasoline,184.0HP 2.5L Straight 6 Cylinder Engine Gasoline Fuel,5-Speed A/T,Blue,Brown,None reported,Yes,5750.0,22,7739.130434782609,1,0,250.0
BMW,M3 Base,2002,60255,Gasoline,333.0HP 3.2L Straight 6 Cylinder Engine Gasoline Fuel,6-Speed M/T,Yellow,Black,None reported,Yes,28750.0,24,2410.2,1,0,1150.0
Land,Rover Range Rover Sport HSE Dynamic,2019,77690,Gasoline,380.0HP 3.0L V6 Cylinder Engine Gasoline Fuel,8-Speed A/T,White,Beige,None reported,Yes,43500.0,7,9711.25,1,0,5437.5
Chevrolet,Corvette ZR-1,2009,18000,Gasoline,638.0HP 6.2L 8 Cylinder Engine Gasoline Fuel,6-Speed M/T,Gray,Black,None reported,Yes,78000.0,17,1000.0,0,0,4333.333333333333
Honda,Prelude Type SH,2001,125000,Gasoline,200.0HP 2.2L 4 Cylinder Engine Gasoline Fuel,5-Speed M/T,Red,Black,None reported,Yes,18000.0,25,4807.692307692308,0,0,692.3076923076923
Lexus,NX 300 Base,2021,6449,Gasoline,2.0L I4 16V PDI DOHC Turbo,6-Speed Automatic,Silver,Black,At least 1 accident or damage reported,Unknown,35999.0,5,1074.8333333333333,1,1,5999.833333333333
Volkswagen,Golf GTI 2.0T SE 4-Door,2019,33000,Gasoline,228.0HP 2.0L 4 Cylinder Engine Gasoline Fuel,6-Speed M/T,Black,Black,None reported,Yes,27500.0,7,4125.0,0,0,3437.5
Nissan,Armada LE,2009,87130,Gasoline,317.0HP 5.6L 8 Cylinder Engine Gasoline Fuel,A/T,Brown,Black,None reported,Yes,20000.0,17,4840.555555555556,0,0,1111.111111111111
Lexus,SC 300 Base,1998,165000,Gasoline,225.0HP 3.0L Straight 6 Cylinder Engine Gasoline Fuel,A/T,Purple,Beige,None reported,Yes,8700.0,28,5689.6551724137935,1,0,300.0
Toyota,Camry Solara SLE,2008,73000,Gasoline,210.0HP 3.3L V6 Cylinder Engine Gasoline Fuel,5-Speed A/T,Blue,Beige,At least 1 accident or damage reported,Yes,11500.0,18,3842.1052631578946,0,1,605.2631578947369
Porsche,Macan S,2020,22354,Gasoline,3.0L V6 24V GDI DOHC Turbo,7-Speed Automatic with Auto-Shift,Black,Black,None reported,Unknown,54900.0,6,3193.4285714285716,1,0,7842.857142857143
Tesla,Model Y Performance,2023,6188,Gasoline,455.0HP Electric Motor Electric Fuel System,A/T,Gray,White,None reported,Yes,53900.0,3,1547.0,1,0,13475.0
GMC,Terrain SLT,2019,60807,Gasoline,2.0L I4 16V GDI DOHC Turbo,9-Speed Automatic,Red Quartz Tintcoat,Medium Ash Gray,At least 1 accident or damage reported,Yes,25925.0,7,7600.875,0,1,3240.625
Jeep,Compass Latitude,2014,105000,Gasoline,158.0HP 2.0L 4 Cylinder Engine Gasoline Fuel,A/T,Black,Black,None reported,Yes,10950.0,12,8076.923076923077,0,0,842.3076923076923
Audi,Q7 3.0T Prestige,2018,63400,Gasoline,333.0HP 3.0L V6 Cylinder Engine Gasoline Fuel,A/T,Black,Black,None reported,Yes,29900.0,8,7044.444444444444,1,0,3322.222222222222
Ford,F-250 Platinum,2022,4500,Gasoline,430.0HP 7.3L 8 Cylinder Engine Gasoline Fuel,10-Speed A/T,Black,Black,None reported,Yes,86500.0,4,900.0,0,0,17300.0
Jeep,Gladiator Overland,2020,8025,Gasoline,3.6L V6 24V MPFI DOHC,8-Speed Automatic,Firecracker Red Clearcoat,Black,None reported,Yes,42433.0,6,1146.4285714285713,0,0,6061.857142857143
Lincoln,Navigator L Reserve,2019,49131,Gasoline,3.5L V6 24V PDI DOHC Twin Turbo,10-Speed Automatic,Tan,–,Unknown,Unknown,55460.0,7,6141.375,0,1,6932.5
Tesla,Model X P100D,2017,100346,Gasoline,Electric Motor Electric Fuel System,1-Speed A/T,Silver,White,None reported,Yes,45999.0,9,10034.6,1,0,4599.9
Mercedes-Benz,CLS-Class CLS 400 4MATIC,2016,62285,Gasoline,329.0HP 3.0L V6 Cylinder Engine Gasoline Fuel,7-Speed A/T,Black,Black,At least 1 accident or damage reported,Yes,29950.0,10,5662.272727272727,1,1,2722.7272727272725
Lexus,RX 350 Base,2021,5040,Gasoline,295.0HP 3.5L V6 Cylinder Engine Gasoline Fuel,8-Speed A/T,Beige,Beige,At least 1 accident or damage reported,Yes,48900.0,5,840.0,1,1,8150.0
RAM,1500 Laramie,2022,12940,Gasoline,5.7L V8 16V MPFI OHV,8-Speed Automatic,Bright White Clearcoat,Black,At least 1 accident or damage reported,Unknown,46999.0,4,2588.0,0,1,9399.8
Mitsubishi,Outlander Sport ES,2015,98385,Gasoline,166.0HP 2.4L 4 Cylinder Engine Gasoline Fuel,CVT Transmission,Silver,Black,At least 1 accident or damage reported,Yes,10500.0,11,8198.75,0,1,875.0
Hyundai,Sonata SE,2013,43903,Gasoline,200.0HP 2.4L 4 Cylinder Engine Gasoline Fuel,A/T,Red,Black,At least 1 accident or damage reported,Yes,12500.0,13,3135.9285714285716,0,1,892.8571428571429
Ford,Mustang EcoBoost Premium,2017,41650,Gasoline,310.0HP 2.3L 4 Cylinder Engine Gasoline Fuel,A/T,Blue,Black,None reported,Yes,23600.0,9,4165.0,0,0,2360.0
BMW,X5 PHEV xDrive45e,2022,31850,Plug-In Hybrid,389.0HP 3.0L Straight 6 Cylinder Engine Plug-In Electric/Gas,Transmission w/Dual Shift Mode,White,Black,None reported,Yes,60500.0,4,6370.0,1,0,12100.0
Hyundai,Sonata Hybrid Limited,2013,96419,Hybrid,199.0HP 2.4L 4 Cylinder Engine Gas/Electric Hybrid,6-Speed A/T,Black,Gray,At least 1 accident or damage reported,Yes,14999.0,13,6887.071428571428,0,1,1071.357142857143
Honda,Odyssey EX-L,2007,170000,Gasoline,244.0HP 3.5L V6 Cylinder Engine Gasoline Fuel,A/T,Black,Beige,None reported,Yes,7700.0,19,8500.0,0,0,385.0
Chevrolet,Colorado LT Crew Cab,2009,139000,Gasoline,300.0HP 5.3L 8 Cylinder Engine Gasoline Fuel,A/T,Black,Black,None reported,Yes,14500.0,17,7722.222222222223,0,0,805.5555555555555
Buick,Enclave Premium,2016,134655,Gasoline,3.6L V6 24V GDI DOHC,6-Speed Automatic,Ebony Twilight Metallic,Ebony,None reported,Yes,18051.0,10,12241.363636363636,0,0,1641.0
BMW,M235 i,2015,81000,Gasoline,320.0HP 3.0L Straight 6 Cylinder Engine Gasoline Fuel,6-Speed M/T,White,Red,None reported,Yes,27890.0,11,6750.0,1,0,2324.1666666666665
McLaren,720S Performance,2020,9989,Gasoline,710.0HP 4.0L 8 Cylinder Engine Gasoline Fuel,7-Speed A/T,Black,Black,None reported,Yes,324995.0,6,1427.0,0,0,46427.857142857145
Kia,Telluride SX,2022,46347,Gasoline,3.8L V6 24V GDI DOHC,8-Speed Automatic,Glacial White Pearl,Black,None reported,Unknown,46120.0,4,9269.4,0,0,9224.0
Chevrolet,Corvette Base,2007,4048,Gasoline,400.0HP 6.0L 8 Cylinder Engine Gasoline Fuel,6-Speed M/T,Yellow,Gray,None reported,Yes,38000.0,19,202.4,0,0,1900.0
Mercedes-Benz,S-Class S 63 AMG,2015,79876,Gasoline,577.0HP 5.5L 8 Cylinder Engine Gasoline Fuel,7-Speed A/T,Black,White,None reported,Yes,45750.0,11,6656.333333333333,1,0,3812.5
Toyota,Mirai Limited,2021,44000,not supported,182.0HP Electric Motor Hydrogen Fuel,A/T,Gray,Black,None reported,Yes,18500.0,5,7333.333333333333,0,0,3083.3333333333335
Alfa,Romeo Giulia Ti,2017,56910,Gasoline,280.0HP 2.0L 4 Cylinder Engine Gasoline Fuel,Transmission w/Dual Shift Mode,Blue,Black,Unknown,Unknown,23000.0,9,5691.0,0,1,2300.0
Land,Rover Range Rover Sport HSE,2019,65019,Gasoline,340.0HP 3.0L V6 Cylinder Engine Gasoline Fuel,A/T,Black,Beige,None reported,Yes,40500.0,7,8127.375,1,0,5062.5
Nissan,370Z Touring,2009,133409,Gasoline,332.0HP 3.7L V6 Cylinder Engine Gasoline Fuel,6-Speed M/T,Silver,Gray,At least 1 accident or damage reported,Yes,14999.0,17,7411.611111111111,0,1,833.2777777777778
BMW,330 i xDrive,2018,74381,Gasoline,248.0HP 2.0L 4 Cylinder Engine Gasoline Fuel,8-Speed A/T,White,Brown,At least 1 accident or damage reported,Yes,22995.0,8,8264.555555555555,1,1,2555.0
Porsche,Macan,2023,2925,Gasoline,2.0L I4 16V GDI DOHC Turbo,7-Speed Automatic with Auto-Shift,Carrara White Metallic,Black,None reported,Yes,73300.0,3,731.25,1,0,18325.0
BMW,128 i,2013,67874,Gasoline,230.0HP 3.0L Straight 6 Cylinder Engine Gasoline Fuel,6-Speed A/T,Gray,Black,None reported,Yes,18000.0,13,4848.142857142857,1,0,1285.7142857142858
Mercedes-Benz,AMG GLE 63 S Coupe 4MATIC,2018,71500,Gasoline,577.0HP 5.5L 8 Cylinder Engine Gasoline Fuel,7-Speed A/T,White,White,None reported,Yes,61000.0,8,7944.444444444444,1,0,6777.777777777777
Jeep,Wrangler Sport,2014,71000,Gasoline,285.0HP 3.6L V6 Cylinder Engine Gasoline Fuel,5-Speed A/T,Gray,Black,None reported,Yes,22000.0,12,5461.538461538462,0,0,1692.3076923076924
Ford,F-150 Raptor,2018,64517,Gasoline,450.0HP 3.5L V6 Cylinder Engine Gasoline Fuel,10-Speed A/T,Black,Black,None reported,Yes,47995.0,8,7168.555555555556,0,0,5332.777777777777
Dodge,Sprinter 2500 High Roof,2004,55000,Diesel,154.0HP 2.7L 5 Cylinder Engine Diesel Fuel,A/T,White,Gray,None reported,Yes,24000.0,22,2391.304347826087,0,0,1043.4782608695652
BMW,M550 i xDrive,2019,7580,Gasoline,456.0HP 4.4L 8 Cylinder Engine Gasoline Fuel,Transmission w/Dual Shift Mode,Black,Black,None reported,Yes,51500.0,7,947.5,1,0,6437.5
Hyundai,Sonata GLS,2010,135000,Gasoline,168.0HP 2.4L 4 Cylinder Engine Gasoline Fuel,Transmission w/Dual Shift Mode,Blue,Gray,None reported,Yes,3999.0,16,7941.176470588235,0,0,235.23529411764707
Honda,Accord EX-L,2019,62200,Gasoline,192.0HP 1.5L 4 Cylinder Engine Gasoline Fuel,A/T,White,Black,At least 1 accident or damage reported,Yes,21500.0,7,7775.0,0,1,2687.5
Cadillac,CTS 3.6L Premium,2014,69001,Gasoline,321.0HP 3.6L V6 Cylinder Engine Gasoline Fuel,6-Speed A/T,Red,Black,None reported,Yes,19500.0,12,5307.7692307692305,0,0,1500.0
Toyota,4Runner Venture Special Edition,2021,28567,Gasoline,"4L V-6 DOHC, VVT-i variable valve control, regular unleaded, eng",Automatic,–,Black/Graphite,None reported,Unknown,44775.0,5,4761.166666666667,0,0,7462.5
Jaguar,XJ8 L,2006,78049,Gasoline,300.0HP 4.2L 8 Cylinder Engine Gasoline Fuel,6-Speed A/T,White,Beige,None reported,Yes,13980.0,20,3716.6190476190477,1,0,665.7142857142857
Ford,F-150 Lariat,2021,36821,Gasoline,3.5L V6 24V PDI DOHC Twin Turbo,Automatic,Agate Black Metallic,Black,Unknown,Unknown,49273.0,5,6136.833333333333,0,1,8212.166666666666
Chevrolet,Suburban High Country,2021,23292,Gasoline,420.0HP 6.2L 8 Cylinder Engine Gasoline Fuel,10-Speed A/T,Brown,Black,None reported,Yes,73500.0,5,3882.0,0,0,12250.0
Chevrolet,Suburban 1500 LTZ,2010,162671,E85 Flex Fuel,320.0HP 5.3L 8 Cylinder Engine Flex Fuel Capability,A/T,Black,Black,None reported,Yes,12000.0,16,9568.882352941177,0,0,705.8823529411765
Land,Rover LR2 HSE,2010,100472,Gasoline,230.0HP 3.2L Straight 6 Cylinder Engine Gasoline Fuel,6-Speed A/T,Gray,Beige,None reported,Yes,9975.0,16,5910.117647058823,1,0,586.7647058823529
Subaru,WRX Limited,2017,73120,Gasoline,268.0HP 2.0L 4 Cylinder Engine Gasoline Fuel,CVT Transmission,White,Black,At least 1 accident or damage reported,Yes,19950.0,9,7312.0,0,1,1995.0
Ford,Expedition Timberline,2022,23300,Gasoline,440.0HP 3.5L V6 Cylinder Engine Gasoline Fuel,10-Speed A/T,Green,Green,None reported,Yes,67500.0,4,4660.0,0,0,13500.0
Honda,Clarity Plug-In Hybrid Base,2018,71000,Plug-In Hybrid,212.0HP 1.5L 4 Cylinder Engine Plug-In Electric/Gas,A/T,Red,Beige,At least 1 accident or damage reported,Yes,17500.0,8,7888.888888888889,0,1,1944.4444444444443
RAM,3500 Laramie,2022,16648,Diesel,6.7L I6 24V DDI OHV Turbo Diesel,6-Speed Automatic,Flame Red Clearcoat,Black,None reported,Unknown,70999.0,4,3329.6,0,0,14199.8
Chevrolet,Silverado 2500 LT,2011,240000,Diesel,335.0HP 6.6L 8 Cylinder Engine Diesel Fuel,6-Speed A/T,White,Black,None reported,Yes,18500.0,15,15000.0,0,0,1156.25
Lexus,RX 450h Base,2013,119755,Hybrid,295.0HP 3.5L V6 Cylinder Engine Gas/Electric Hybrid,Transmission w/Dual Shift Mode,Silver,Black,None reported,Yes,19500.0,13,8553.92857142857,1,0,1392.857142857143
Mercedes-Benz,M-Class ML 350 4MATIC,2015,88000,E85 Flex Fuel,302.0HP 3.5L V6 Cylinder Engine Flex Fuel Capability,A/T,Silver,Gray,None reported,Yes,19500.0,11,7333.333333333333,1,0,1625.0
BMW,X5 xDrive40i,2021,41000,Hybrid,335.0HP 3.0L Straight 6 Cylinder Engine Gasoline/Mild Electric Hybrid,8-Speed A/T,White,Black,None reported,Yes,50000.0,5,6833.333333333333,1,0,8333.333333333334
Chevrolet,Camaro 2SS,2022,7458,Gasoline,455.0HP 6.2L 8 Cylinder Engine Gasoline Fuel,6-Speed M/T,Red,Black,None reported,Yes,47500.0,4,1491.6,0,0,9500.0
Jeep,Gladiator Sport S,2022,23000,Gasoline,285.0HP 3.6L V6 Cylinder Engine Gasoline Fuel,A/T,Green,Black,None reported,Yes,43000.0,4,4600.0,0,0,8600.0
Land,Rover Discovery LSE,1998,149437,Gasoline,182.0HP 4.0L 8 Cylinder Engine Gasoline Fuel,A/T,Green,Beige,None reported,Yes,9995.0,28,5153.0,1,0,344.6551724137931
Ford,F-250 XLT,2017,244000,Diesel,440.0HP 6.7L 8 Cylinder Engine Diesel Fuel,6-Speed A/T,Red,Beige,None reported,Yes,35500.0,9,24400.0,0,0,3550.0
RAM,1500 Rebel,2019,46000,Hybrid,305.0HP 3.6L V6 Cylinder Engine Gasoline/Mild Electric Hybrid,8-Speed A/T,White,–,None reported,Yes,37900.0,7,5750.0,0,0,4737.5
Audi,Q5 S line Premium Plus,2022,13133,Hybrid,2.0 Liter TFSI,Automatic,Silver,Black,None reported,Unknown,42998.0,4,2626.6,1,0,8599.6
RAM,1500 SLT,2017,45000,Gasoline,395.0HP 5.7L 8 Cylinder Engine Gasoline Fuel,A/T,Black,Gray,None reported,Yes,29999.0,9,4500.0,0,0,2999.9
Mazda,CX-30 Premium Package,2021,18385,Gasoline,2.5L I4 16V GDI DOHC,6-Speed Automatic,Soul Red Crystal Metallic,White / Brown,None reported,Yes,29255.0,5,3064.1666666666665,0,0,4875.833333333333
BMW,840 Gran Coupe i xDrive,2020,25793,Gasoline,3.0L I6 24V GDI DOHC Turbo,8-Speed Automatic,Black Sapphire Metallic,Black,None reported,Unknown,52999.0,6,3684.714285714286,1,0,7571.285714285715
Porsche,Boxster S,2005,44400,Gasoline,280.0HP 3.2L Flat 6 Cylinder Engine Gasoline Fuel,6-Speed M/T,Silver,Black,None reported,Yes,29800.0,21,2018.1818181818182,1,0,1354.5454545454545
Chevrolet,Malibu Limited LT,2016,104000,Gasoline,2.5L 4 Cylinder Engine Gasoline Fuel,6-Speed A/T,Silver,Gray,None reported,Yes,10500.0,10,9454.545454545454,0,0,954.5454545454545
Cadillac,Escalade Premium Luxury,2023,600,Gasoline,420.0HP 6.2L 8 Cylinder Engine Gasoline Fuel,A/T,Black,Black,None reported,Yes,103000.0,3,150.0,0,0,25750.0
MINI,Cooper S Base,2007,45000,Gasoline,172.0HP 1.6L 4 Cylinder Engine Gasoline Fuel,6-Speed M/T,Yellow,Black,None reported,Yes,7900.0,19,2250.0,0,0,395.0
Jeep,Gladiator Mojave,2022,24500,Gasoline,285.0HP 3.6L V6 Cylinder Engine Gasoline Fuel,8-Speed A/T,Blue,Black,None reported,Yes,64000.0,4,4900.0,0,0,12800.0
Buick,Encore GX Essence,2020,35569,Gasoline,1.3L I3 12V MPFI DOHC Turbo,Automatic CVT,Satin Steel Metallic,Ebony,None reported,Unknown,21999.0,6,5081.285714285715,0,0,3142.714285714286
Toyota,Highlander XLE,2020,35000,Gasoline,295.0HP 3.5L V6 Cylinder Engine Gasoline Fuel,A/T,Silver,Black,None reported,Yes,36999.0,6,5000.0,0,0,5285.571428571428
Acura,MDX Touring,2003,165000,Gasoline,260.0HP 3.5L V6 Cylinder Engine Gasoline Fuel,A/T,Silver,Black,At least 1 accident or damage reported,Yes,4000.0,23,6875.0,0,1,166.66666666666666
Land,Rover Range Rover Sport SE MHEV,2021,15000,Hybrid,355.0HP 3.0L Straight 6 Cylinder Engine Gasoline/Mild Electric Hybrid,A/T,Black,Black,None reported,Yes,69000.0,5,2500.0,1,0,11500.0
BMW,535 i xDrive,2014,119750,Gasoline,300.0HP 3.0L Straight 6 Cylinder Engine Gasoline Fuel,8-Speed A/T,White,Beige,None reported,Yes,15499.0,12,9211.538461538461,1,0,1192.2307692307693
Nissan,350Z Touring,2007,90000,Gasoline,306.0HP 3.5L V6 Cylinder Engine Gasoline Fuel,M/T,White,Green,At least 1 accident or damage reported,Yes,12000.0,19,4500.0,0,1,600.0
Ford,Transit Connect XLT,2015,112000,Gasoline,169.0HP 2.5L 4 Cylinder Engine Gasoline Fuel,A/T,White,Black,At least 1 accident or damage reported,Yes,14500.0,11,9333.333333333334,0,1,1208.3333333333333
Mercedes-Benz,SL-Class SL550 Roadster,2008,150000,Gasoline,382.0HP 5.5L 8 Cylinder Engine Gasoline Fuel,7-Speed A/T,Black,Beige,None reported,Yes,16800.0,18,7894.736842105263,1,0,884.2105263157895
Porsche,911 Turbo S,2021,1912,Gasoline,640.0HP 3.8L Flat 6 Cylinder Engine Gasoline Fuel,8-Speed A/T,Silver,Black,None reported,Yes,240000.0,5,318.6666666666667,1,0,40000.0
Hyundai,Sonata Sport 2.0T,2015,82900,Gasoline,245.0HP 2.0L 4 Cylinder Engine Gasoline Fuel,A/T,Black,Black,At least 1 accident or damage reported,Yes,13995.0,11,6908.333333333333,0,1,1166.25
Audi,TT 1.8T,2004,79500,Gasoline,180.0HP 1.8L 4 Cylinder Engine Gasoline Fuel,A/T,Silver,Black,None reported,Yes,12000.0,22,3456.521739130435,1,0,521.7391304347826
Volvo,XC90 T6 Inscription,2019,60000,Gasoline,316.0HP 2.0L 4 Cylinder Engine Gasoline Fuel,8-Speed A/T,White,Black,None reported,Yes,37000.0,7,7500.0,0,0,4625.0
RAM,1500 Big Horn,2021,41800,Diesel,260.0HP 3.0L V6 Cylinder Engine Diesel Fuel,8-Speed A/T,White,Black,None reported,Yes,44900.0,5,6966.666666666667,0,0,7483.333333333333
Chevrolet,Tahoe LT,2021,71536,Gasoline,5.3L V8 16V GDI OHV,10-Speed Automatic,Black,Jet Black,None reported,Yes,49685.0,5,11922.666666666666,0,0,8280.833333333334
Ford,Explorer XLT,2014,127558,Gasoline,3.5L V6 24V MPFI DOHC,6-Speed Automatic,Green,Charcoal Black,None reported,Yes,13715.0,12,9812.153846153846,0,0,1055.0
Ford,Mustang Mach-E Premium,2023,13232,Gasoline,346.0HP Electric Motor Electric Fuel System,1-Speed A/T,Gray,Black,None reported,Yes,45000.0,3,3308.0,0,0,11250.0
Chevrolet,Camaro 1SS,2017,39000,Gasoline,455.0HP 6.2L 8 Cylinder Engine Gasoline Fuel,8-Speed A/T,Yellow,Black,None reported,Yes,31500.0,9,3900.0,0,0,3150.0
Ford,Bronco Big Bend Advanced,2023,11500,Gasoline,315.0HP 2.7L V6 Cylinder Engine Gasoline Fuel,10-Speed A/T,Gray,Black,None reported,Yes,54490.0,3,2875.0,0,0,13622.5
Chrysler,Pacifica Launch Edition,2020,22200,Gasoline,287.0HP 3.6L V6 Cylinder Engine Gasoline Fuel,9-Speed A/T,Black,Black,None reported,Yes,36800.0,6,3171.4285714285716,0,0,5257.142857142857
Tesla,Model Y Long Range,2023,7414,Gasoline,425.0HP Electric Motor Electric Fuel System,A/T,Black,White,None reported,Yes,56515.0,3,1853.5,1,0,14128.75
Lamborghini,Huracan LP580-2,2017,14586,Gasoline,"5.2L V-10 gasoline direct injection, DOHC, variable valve contro",Automatic,Blue Caelum,Nero Ade,None reported,Unknown,209991.0,9,1458.6,0,0,20999.1
RAM,1500 Rebel,2021,32000,Hybrid,395.0HP 5.7L 8 Cylinder Engine Gasoline/Mild Electric Hybrid,8-Speed A/T,White,Black,None reported,Yes,50927.0,5,5333.333333333333,0,0,8487.833333333334
Toyota,86 Base,2020,14700,Gasoline,200.0HP 2.0L 4 Cylinder Engine Gasoline Fuel,A/T,White,Black,None reported,Yes,27350.0,6,2100.0,0,0,3907.1428571428573
BMW,X5 xDrive50i,2016,79995,Gasoline,445.0HP 4.4L 8 Cylinder Engine Gasoline Fuel,Transmission w/Dual Shift Mode,Black,Black,None reported,Yes,23995.0,10,7272.272727272727,1,0,2181.3636363636365
GMC,Yukon Denali,2018,76000,Gasoline,420.0HP 6.2L 8 Cylinder Engine Gasoline Fuel,A/T,Black,Black,None reported,Yes,44500.0,8,8444.444444444445,0,0,4944.444444444444
Honda,Accord EX-L,2014,62000,Gasoline,185.0HP 2.4L 4 Cylinder Engine Gasoline Fuel,CVT Transmission,Gray,Black,At least 1 accident or damage reported,Yes,18987.0,12,4769.2307692307695,0,1,1460.5384615384614
Maserati,Ghibli S Q4,2017,53500,Gasoline,404.0HP 3.0L V6 Cylinder Engine Gasoline Fuel,8-Speed A/T,Gray,Black,None reported,Yes,28700.0,9,5350.0,0,0,2870.0
Hyundai,Kona EV SEL,2022,9400,Gasoline,201.0HP Electric Motor Electric Fuel System,1-Speed A/T,Red,Black,None reported,Yes,31999.0,4,1880.0,0,0,6399.8
BMW,435 i,2014,86500,Gasoline,300.0HP 3.0L Straight 6 Cylinder Engine Gasoline Fuel,A/T,Silver,Black,None reported,Yes,20900.0,12,6653.846153846154,1,0,1607.6923076923076
Mercedes-Benz,GL-Class GL 450,2011,148000,Gasoline,335.0HP 4.7L 8 Cylinder Engine Gasoline Fuel,A/T,Black,Black,At least 1 accident or damage reported,Yes,9900.0,15,9250.0,1,1,618.75
GMC,Sierra 1500 SLE,2014,100080,E85 Flex Fuel,285.0HP 4.3L V6 Cylinder Engine Flex Fuel Capability,6-Speed A/T,White,Gray,None reported,Yes,22989.0,12,7698.461538461538,0,0,1768.3846153846155
Dodge,Challenger SRT Demon,2018,2620,Gasoline,808.0HP 6.2L 8 Cylinder Engine Gasoline Fuel,8-Speed A/T,Black,Black,Unknown,Unknown,155700.0,8,291.1111111111111,0,1,17300.0
BMW,X5 PHEV xDrive45e,2023,3099,Plug-In Hybrid,389.0HP 3.0L Straight 6 Cylinder Engine Plug-In Electric/Gas,8-Speed A/T,Black,Black,None reported,Yes,74995.0,3,774.75,1,0,18748.75
Dodge,Durango R/T,2020,78000,Gasoline,360.0HP 5.7L 8 Cylinder Engine Gasoline Fuel,8-Speed A/T,Black,Red,At least 1 accident or damage reported,Yes,29500.0,6,11142.857142857143,0,1,4214.285714285715
Ferrari,488 Spider Base,2019,9005,Gasoline,3.9L V8 32V GDI DOHC Twin Turbo,7-Speed Automatic with Auto-Shift,White,–,None reported,Unknown,319900.0,7,1125.625,0,0,39987.5
Ford,Bronco Sport Big Bend,2022,16700,Gasoline,181.0HP 1.5L 3 Cylinder Engine Gasoline Fuel,8-Speed A/T,Blue,Black,None reported,Yes,31000.0,4,3340.0,0,0,6200.0
Honda,Civic LX,2015,51300,Gasoline,143.0HP 1.8L 4 Cylinder Engine Gasoline Fuel,5-Speed M/T,Black,Black,None reported,Yes,17500.0,11,4275.0,0,0,1458.3333333333333
Ford,Shelby GT350 Base,2018,8237,Gasoline,526.0HP 5.2L 8 Cylinder Engine Gasoline Fuel,6-Speed M/T,Gray,Black,None reported,Yes,62900.0,8,915.2222222222222,0,0,6988.888888888889
Volkswagen,Jetta S,2010,99000,Gasoline,170.0HP 2.5L 5 Cylinder Engine Gasoline Fuel,A/T,Gray,Black,At least 1 accident or damage reported,Yes,6000.0,16,5823.529411764706,0,1,352.94117647058823
Mazda,CX-5 Grand Touring,2021,62377,Gasoline,2.5L I4 16V,6-Speed Automatic,Jet Black Mica,Black,None reported,Yes,26288.0,5,10396.166666666666,0,0,4381.333333333333
Jeep,Wrangler Rubicon,2009,130000,Gasoline,202.0HP 3.8L V6 Cylinder Engine Gasoline Fuel,6-Speed M/T,Black,Gray,None reported,Yes,15500.0,17,7222.222222222223,0,0,861.1111111111111
Ford,F-250 XLT,2016,94300,E85 Flex Fuel,385.0HP 6.2L 8 Cylinder Engine Flex Fuel Capability,6-Speed A/T,Silver,Gray,At least 1 accident or damage reported,Yes,28999.0,10,8572.727272727272,0,1,2636.2727272727275
Tesla,Model Y Performance,2022,24115,Gasoline,455.0HP Electric Motor Electric Fuel System,A/T,Gray,White,None reported,Yes,46500.0,4,4823.0,1,0,9300.0
BMW,528 i,2016,82000,Gasoline,240.0HP 2.0L 4 Cylinder Engine Gasoline Fuel,8-Speed A/T,Silver,Black,At least 1 accident or damage reported,Yes,16995.0,10,7454.545454545455,1,1,1545.0
Kia,Rio S,2021,67686,Gasoline,120.0HP 1.6L 4 Cylinder Engine Gasoline Fuel,A/T,Silver,Black,None reported,Yes,15700.0,5,11281.0,0,0,2616.6666666666665
Tesla,Model S 85,2014,96800,Gasoline,362.0HP Electric Motor Electric Fuel System,A/T,Blue,Black,None reported,Yes,28450.0,12,7446.153846153846,1,0,2188.4615384615386
Jeep,Wrangler Sport,1997,131000,Gasoline,181.0HP 4.0L Straight 6 Cylinder Engine Gasoline Fuel,5-Speed M/T,Green,Gray,At least 1 accident or damage reported,Yes,5500.0,29,4366.666666666667,0,1,183.33333333333334
Tesla,Model 3 Standard Range,2020,23097,Gasoline,271.0HP Electric Motor Electric Fuel System,A/T,Black,Black,None reported,Yes,29900.0,6,3299.5714285714284,1,0,4271.428571428572
Ferrari,GTC4Lusso T,2018,31000,Gasoline,602.0HP 3.9L 8 Cylinder Engine Gasoline Fuel,A/T,White,Red,None reported,Yes,197499.0,8,3444.4444444444443,0,0,21944.333333333332
BMW,X5 M50i,2021,28898,Gasoline,523.0HP 4.4L 8 Cylinder Engine Gasoline Fuel,A/T,Black,Orange,None reported,Yes,71000.0,5,4816.333333333333,1,0,11833.333333333334
Mazda,MX-5 Miata RF Club,2022,7250,Gasoline,181.0HP 2.0L 4 Cylinder Engine Gasoline Fuel,6-Speed M/T,Gray,Black,None reported,Yes,35619.0,4,1450.0,0,0,7123.8
Ford,F-250 XLT,2014,59459,Diesel,400.0HP 6.7L 8 Cylinder Engine Diesel Fuel,6-Speed A/T,Black,Silver,At least 1 accident or damage reported,Yes,40999.0,12,4573.7692307692305,0,1,3153.769230769231
Jeep,Wrangler Sahara,2012,78000,Gasoline,285.0HP 3.6L V6 Cylinder Engine Gasoline Fuel,5-Speed A/T,Beige,Black,At least 1 accident or damage reported,Yes,22000.0,14,5200.0,0,1,1466.6666666666667
RAM,1500 Laramie,2021,24213,Gasoline,395.0HP 5.7L 8 Cylinder Engine Gasoline Fuel,8-Speed A/T,White,Black,None reported,Yes,46500.0,5,4035.5,0,0,7750.0
RAM,1500 Laramie,2020,21165,Gasoline,5.7L V8 16V MPFI OHV,8-Speed Automatic,Bright White Clearcoat,Black,None reported,Unknown,46105.0,6,3023.5714285714284,0,0,6586.428571428572
GMC,Yukon Denali,2016,107750,Gasoline,420.0HP 6.2L 8 Cylinder Engine Gasoline Fuel,8-Speed A/T,Black,Black,None reported,Yes,35500.0,10,9795.454545454546,0,0,3227.2727272727275
Ford,F-150 Lariat,2016,117000,Gasoline,365.0HP 3.5L V6 Cylinder Engine Gasoline Fuel,A/T,White,Black,None reported,Yes,26500.0,10,10636.363636363636,0,0,2409.090909090909
Chevrolet,Corvette Base,2006,39132,Gasoline,400.0HP 6.0L 8 Cylinder Engine Gasoline Fuel,Transmission w/Dual Shift Mode,Red,Beige,None reported,Yes,35000.0,20,1863.4285714285713,0,0,1666.6666666666667
BMW,Z4 2.5i,2004,94500,Gasoline,184.0HP 2.5L Straight 6 Cylinder Engine Gasoline Fuel,5-Speed M/T,Gray,Black,None reported,Yes,9000.0,22,4108.695652173913,1,0,391.30434782608694
Subaru,Crosstrek 2.0i Premium,2017,50011,Gasoline,148.0HP 2.0L 4 Cylinder Engine Gasoline Fuel,A/T,Red,Beige,At least 1 accident or damage reported,Yes,21495.0,9,5001.1,0,1,2149.5
Lexus,GX 470 Base,2004,215000,Gasoline,235.0HP 4.7L 8 Cylinder Engine Gasoline Fuel,5-Speed A/T,White,Beige,At least 1 accident or damage reported,Yes,7350.0,22,9347.826086956522,1,1,319.5652173913044
RAM,1500 Laramie,2022,16616,Gasoline,5.7L V8 16V MPFI OHV,8-Speed Automatic,Diamond Black,Black,None reported,Unknown,45999.0,4,3323.2,0,0,9199.8
Ford,F-150 XLT,2022,33818,Gasoline,5.0L V8 32V PDI DOHC,Automatic,Agate Black Metallic,Black,None reported,Yes,46552.0,4,6763.6,0,0,9310.4
Jeep,Wagoneer Series III,2022,9099,Gasoline,5.7L V8 16V MPFI OHV,8-Speed Automatic,Velvet Red Pearlcoat,Global Black,None reported,Yes,68362.0,4,1819.8,0,0,13672.4
Volkswagen,GTI Base,2008,95798,Gasoline,200.0HP 2.0L 4 Cylinder Engine Gasoline Fuel,6-Speed M/T,White,Black,None reported,Yes,9850.0,18,5042.0,0,0,518.421052631579
Mercedes-Benz,AMG GLE AMG GLE 63 S-Model 4MATIC,2016,35943,Gasoline,577.0HP 5.5L 8 Cylinder Engine Gasoline Fuel,7-Speed A/T,Black,White,None reported,Yes,51700.0,10,3267.5454545454545,1,0,4700.0
Mazda,Mazda6 iSport VE,2008,106000,Gasoline,156.0HP 2.3L 4 Cylinder Engine Gasoline Fuel,5-Speed A/T,Black,Beige,None reported,Yes,4300.0,18,5578.9473684210525,0,0,226.31578947368422
Kia,Telluride EX X-Line,2023,10400,Gasoline,291.0HP 3.8L V6 Cylinder Engine Gasoline Fuel,8-Speed A/T,Green,Green,None reported,Yes,48000.0,3,2600.0,0,0,12000.0
Chevrolet,Tahoe LT,2022,2894,Gasoline,355.0HP 5.3L 8 Cylinder Engine Gasoline Fuel,10-Speed A/T,Blue,Beige,None reported,Yes,63900.0,4,578.8,0,0,12780.0
Dodge,Durango GT,2022,15592,Gasoline,3.6L V6 24V MPFI DOHC,8-Speed Automatic,DB Black Clearcoat,Black,None reported,Yes,39985.0,4,3118.4,0,0,7997.0
Mercedes-Benz,AMG C 63 Base,2020,33548,Gasoline,469.0HP 4.0L 8 Cylinder Engine Gasoline Fuel,9-Speed A/T,Silver,Black,None reported,Yes,57999.0,6,4792.571428571428,1,0,8285.57142857143
BMW,320 i xDrive,2016,185000,Gasoline,180.0HP 2.0L 4 Cylinder Engine Gasoline Fuel,8-Speed A/T,Black,Beige,At least 1 accident or damage reported,Yes,7500.0,10,16818.18181818182,1,1,681.8181818181819
Porsche,Macan GTS,2023,6483,Gasoline,2.9L V6 24V GDI DOHC Twin Turbo,7-Speed Automatic with Auto-Shift,Chalk,Black,None reported,Unknown,96900.0,3,1620.75,1,0,24225.0
Honda,Pilot EX-L,2020,28886,Gasoline,3.5L V6 24V GDI SOHC,6-Speed Automatic,Gray,Gray,Unknown,Unknown,35645.0,6,4126.571428571428,0,1,5092.142857142857
Mercedes-Benz,GLE 350 Base,2020,26293,Gasoline,2.0 Liter Turbo,Automatic,designo Diamond White Bright,Macchiato/Magmagrey,None reported,Unknown,49998.0,6,3756.1428571428573,1,0,7142.571428571428
Chevrolet,Camaro 2SS,2017,62000,Gasoline,455.0HP 6.2L 8 Cylinder Engine Gasoline Fuel,Transmission w/Dual Shift Mode,Blue,Black,None reported,Yes,34500.0,9,6200.0,0,0,3450.0
Jaguar,XF 35t Prestige,2017,101453,Gasoline,340.0HP 3.0L V6 Cylinder Engine Gasoline Fuel,A/T,White,Beige,At least 1 accident or damage reported,Yes,18500.0,9,10145.3,1,1,1850.0
RAM,3500 Laramie,2013,106385,Diesel,385.0HP 6.7L Straight 6 Cylinder Engine Diesel Fuel,6-Speed A/T,White,Black,At least 1 accident or damage reported,Yes,42900.0,13,7598.928571428572,0,1,3064.285714285714
BMW,335 is,2012,86629,Gasoline,320.0HP 3.0L Straight 6 Cylinder Engine Gasoline Fuel,7-Speed A/T,White,Red,None reported,Yes,20995.0,14,5775.266666666666,1,0,1399.6666666666667
Audi,S6 4.0T Premium Plus,2018,61258,Gasoline,450.0HP 4.0L 8 Cylinder Engine Gasoline Fuel,7-Speed A/T,White,Black,None reported,Yes,49999.0,8,6806.444444444444,1,0,5555.444444444444
Chrysler,300 S,2014,121500,Gasoline,363.0HP 5.7L 8 Cylinder Engine Gasoline Fuel,5-Speed A/T,Blue,Black,None reported,Yes,15999.0,12,9346.153846153846,0,0,1230.6923076923076
GMC,Sierra 1500 AT4,2022,100,Diesel,277.0HP 3.0L Straight 6 Cylinder Engine Diesel Fuel,10-Speed A/T,White,Black,None reported,Yes,62499.0,4,20.0,0,0,12499.8
Chrysler,200 C,2015,170000,E85 Flex Fuel,295.0HP 3.6L V6 Cylinder Engine Flex Fuel Capability,9-Speed A/T,Silver,Black,At least 1 accident or damage reported,Yes,5995.0,11,14166.666666666666,0,1,499.5833333333333
Ford,F-150 XLT SuperCab,2010,232000,Gasoline,292.0HP 4.6L 8 Cylinder Engine Gasoline Fuel,A/T,Blue,Gray,None reported,Yes,3000.0,16,13647.058823529413,0,0,176.47058823529412
MINI,Cooper S Base,2006,95000,Gasoline,168.0HP 1.6L 4 Cylinder Engine Gasoline Fuel,6-Speed M/T,Gray,–,None reported,Yes,12500.0,20,4523.809523809524,0,0,595.2380952380952
Toyota,Venza XLE,2013,103466,Gasoline,268.0HP 3.5L V6 Cylinder Engine Gasoline Fuel,A/T,White,Gray,At least 1 accident or damage reported,Yes,14200.0,13,7390.428571428572,0,1,1014.2857142857143
Toyota,Camry Hybrid Base,2011,133121,Hybrid,147.0HP 2.4L 4 Cylinder Engine Gas/Electric Hybrid,A/T,White,White,At least 1 accident or damage reported,Yes,7900.0,15,8320.0625,0,1,493.75
Chevrolet,Tahoe LT,2012,162731,E85 Flex Fuel,320.0HP 5.3L 8 Cylinder Engine Flex Fuel Capability,A/T,Brown,Gray,None reported,Yes,14500.0,14,10848.733333333334,0,0,966.6666666666666
Mercedes-Benz,CLS-Class CLS 63 AMG S-Model 4MATIC,2014,64500,Gasoline,577.0HP 5.5L 8 Cylinder Engine Gasoline Fuel,7-Speed A/T,Silver,Black,Unknown,Unknown,37500.0,12,4961.538461538462,1,1,2884.6153846153848
Ford,Shelby GT500 Base,2021,568,Gasoline,760.0HP 5.2L 8 Cylinder Engine Gasoline Fuel,7-Speed A/T,Orange,Black,None reported,Yes,90788.0,5,94.66666666666667,0,0,15131.333333333334
Lexus,RX 300 4WD,1999,249083,Gasoline,220.0HP 3.0L V6 Cylinder Engine Gasoline Fuel,A/T,Red,Beige,At least 1 accident or damage reported,Yes,3500.0,27,8895.82142857143,1,1,125.0
Porsche,Macan S,2015,80300,Gasoline,340.0HP 3.0L V6 Cylinder Engine Gasoline Fuel,7-Speed A/T,Gray,Beige,None reported,Yes,23999.0,11,6691.666666666667,1,0,1999.9166666666667
Ford,F-150 XLT SuperCab,2004,187000,Gasoline,300.0HP 5.4L 8 Cylinder Engine Gasoline Fuel,A/T,Beige,Beige,None reported,Yes,6299.0,22,8130.434782608696,0,0,273.8695652173913
Subaru,Outback 2.5 i Special Edition,2009,181870,Gasoline,169.0HP 2.5L 4 Cylinder Engine Gasoline Fuel,A/T,Black,Black,None reported,Yes,6500.0,17,10103.888888888889,0,0,361.1111111111111
GMC,Sierra 2500 AT4,2022,22600,Diesel,6.6L V8 32V DDI OHV Turbo Diesel,Automatic,Ebony Twilight Metallic,Jet Black,Unknown,Unknown,76740.0,4,4520.0,0,1,15348.0
BMW,X5 xDrive40i,2020,37000,Gasoline,335.0HP 3.0L Straight 6 Cylinder Engine Gasoline Fuel,8-Speed A/T,Black,Black,At least 1 accident or damage reported,Yes,50000.0,6,5285.714285714285,1,1,7142.857142857143
Porsche,Taycan Base,2022,9728,Gasoline,375.0HP Electric Motor Electric Fuel System,A/T,White,Beige,None reported,Yes,89000.0,4,1945.6,1,0,17800.0
Lexus,GX 470 Base,2006,152000,Gasoline,263.0HP 4.7L 8 Cylinder Engine Gasoline Fuel,A/T,Blue,Gray,At least 1 accident or damage reported,Yes,13995.0,20,7238.0952380952385,1,1,666.4285714285714
Ford,F-150 Heritage XL SuperCab Flareside,2004,60260,Gasoline,380.0HP 5.4L 8 Cylinder Engine Gasoline Fuel,4-Speed A/T,Blue,Gray,At least 1 accident or damage reported,Yes,30500.0,22,2620.0,0,1,1326.0869565217392
Mazda,MazdaSpeed Miata MX-5 Base,2004,33362,Gasoline,178.0HP 1.8L 4 Cylinder Engine Gasoline Fuel,6-Speed M/T,Silver,Black,At least 1 accident or damage reported,Yes,17599.0,22,1450.5217391304348,0,1,765.1739130434783
GMC,Acadia Denali,2021,47907,Gasoline,3.6L V6 24V GDI DOHC,9-Speed Automatic,Ebony Twilight Metallic,Jet Black,None reported,Yes,38436.0,5,7984.5,0,0,6406.0
Mercedes-Benz,Metris Base,2016,17340,Gasoline,208.0HP 2.0L 4 Cylinder Engine Gasoline Fuel,A/T,White,Black,None reported,Yes,29000.0,10,1576.3636363636363,1,0,2636.3636363636365
Cadillac,DeVille Base,1994,85000,–,–,A/T,White,Blue,None reported,Yes,7900.0,32,2575.757575757576,0,0,239.3939393939394
Ford,Expedition EL XLT,2011,195500,E85 Flex Fuel,310.0HP 5.4L 8 Cylinder Engine Flex Fuel Capability,6-Speed A/T,White,Beige,None reported,Yes,8999.0,15,12218.75,0,0,562.4375
Chevrolet,Monte Carlo SS,2000,74000,Gasoline,200.0HP 3.8L V6 Cylinder Engine Gasoline Fuel,4-Speed A/T,Red,–,None reported,Yes,4700.0,26,2740.740740740741,0,0,174.07407407407408
RAM,1500 Big Horn,2015,140500,Gasoline,395.0HP 5.7L 8 Cylinder Engine Gasoline Fuel,8-Speed A/T,Red,Gray,At least 1 accident or damage reported,Yes,14000.0,11,11708.333333333334,0,1,1166.6666666666667
Jeep,Commander Base,2006,212500,Gasoline,210.0HP 3.7L V6 Cylinder Engine Gasoline Fuel,A/T,Black,Gray,None reported,Yes,6500.0,20,10119.047619047618,0,0,309.5238095238095
Lexus,IS-F Base,2010,77400,Gasoline,416.0HP 5.0L 8 Cylinder Engine Gasoline Fuel,8-Speed A/T,White,Red,At least 1 accident or damage reported,Yes,34500.0,16,4552.941176470588,1,1,2029.4117647058824
Ford,Utility Police Interceptor Base,2017,118000,Gasoline,365.0HP 3.5L V6 Cylinder Engine Gasoline Fuel,6-Speed A/T,Black,Black,None reported,Yes,15000.0,9,11800.0,0,0,1500.0
Porsche,Carrera GT Base,2005,4400,Gasoline,605.0HP 5.7L 10 Cylinder Engine Gasoline Fuel,6-Speed M/T,Gray,Black,None reported,Yes,1599000.0,21,200.0,1,0,72681.81818181818
Cadillac,Escalade ESV Luxury,2016,146200,Gasoline,420.0HP 6.2L 8 Cylinder Engine Gasoline Fuel,8-Speed A/T,White,Beige,None reported,Yes,24500.0,10,13290.90909090909,0,0,2227.2727272727275
Tesla,Model Y Performance,2020,39000,Gasoline,455.0HP Electric Motor Electric Fuel System,1-Speed A/T,Silver,Black,None reported,Yes,43000.0,6,5571.428571428572,1,0,6142.857142857143
Chevrolet,Avalanche 1500 LS,2005,130000,E85 Flex Fuel,295.0HP 5.3L 8 Cylinder Engine Flex Fuel Capability,A/T,Red,Gray,None reported,Yes,7200.0,21,5909.090909090909,0,0,327.27272727272725
Ford,F-150 Lariat,2021,33080,Gasoline,325.0HP 2.7L V6 Cylinder Engine Gasoline Fuel,10-Speed A/T,White,Black,None reported,Yes,47850.0,5,5513.333333333333,0,0,7975.0
Mercedes-Benz,GLB 250 Base 4MATIC,2023,1219,Gasoline,2.0L I4 16V GDI DOHC Turbo,Automatic,Midnight Black,Classic Red,None reported,Unknown,46479.0,3,304.75,1,0,11619.75
Jeep,Wrangler Sport,2016,41000,Gasoline,285.0HP 3.6L V6 Cylinder Engine Gasoline Fuel,5-Speed A/T,White,Black,None reported,Yes,25000.0,10,3727.2727272727275,0,0,2272.7272727272725
Nissan,350Z Touring,2004,110897,Gasoline,287.0HP 3.5L V6 Cylinder Engine Gasoline Fuel,6-Speed M/T,Black,Orange,At least 1 accident or damage reported,Yes,11500.0,22,4821.608695652174,0,1,500.0
Chevrolet,Corvette Z06,2016,49000,Gasoline,650.0HP 6.2L 8 Cylinder Engine Gasoline Fuel,7-Speed M/T,Orange,–,None reported,Yes,75000.0,10,4454.545454545455,0,0,6818.181818181818
Pontiac,Solstice GXP,2007,47000,Gasoline,260.0HP 2.0L 4 Cylinder Engine Gasoline Fuel,5-Speed M/T,Black,Black,None reported,Yes,13300.0,19,2350.0,0,0,665.0
Hyundai,Sonata SE,2018,57690,Gasoline,185.0HP 2.4L 4 Cylinder Engine Gasoline Fuel,A/T,Gray,Gray,At least 1 accident or damage reported,Yes,15900.0,8,6410.0,0,1,1766.6666666666667
Mercedes-Benz,SLS AMG Base,2012,17941,Gasoline,6.2L V8 32V MPFI DOHC,7-Speed Automatic with Auto-Shift,Iridium Silver Metallic,Red,None reported,Yes,226000.0,14,1196.0666666666666,1,0,15066.666666666666
Lincoln,Navigator Reserve,2018,54000,Gasoline,450.0HP 3.5L V6 Cylinder Engine Gasoline Fuel,10-Speed A/T,Brown,Orange,At least 1 accident or damage reported,Yes,46500.0,8,6000.0,0,1,5166.666666666667
Nissan,Maxima SL,2007,101600,Gasoline,255.0HP 3.5L V6 Cylinder Engine Gasoline Fuel,A/T,Silver,Black,None reported,Yes,6700.0,19,5080.0,0,0,335.0
Ford,Ranger XLT,2021,89000,Gasoline,270.0HP 2.3L 4 Cylinder Engine Gasoline Fuel,10-Speed A/T,Black,Black,None reported,Yes,34000.0,5,14833.333333333334,0,0,5666.666666666667
Tesla,Model 3 Long Range,2021,18000,Gasoline,Electric Motor Electric Fuel System,A/T,Black,Black,None reported,Yes,42500.0,5,3000.0,1,0,7083.333333333333
Jaguar,XE 35t Premium,2017,55000,Gasoline,340.0HP 3.0L V6 Cylinder Engine Gasoline Fuel,A/T,Gray,Black,None reported,Yes,25000.0,9,5500.0,1,0,2500.0
Lincoln,MKZ Reserve,2017,71964,Gasoline,240.0HP 2.0L 4 Cylinder Engine Gasoline Fuel,6-Speed A/T,Blue,Black,None reported,Yes,18750.0,9,7196.4,0,0,1875.0
Cadillac,Escalade ESV Platinum,2020,92000,Gasoline,420.0HP 6.2L 8 Cylinder Engine Gasoline Fuel,A/T,Black,Black,None reported,Yes,50000.0,6,13142.857142857143,0,0,7142.857142857143
Ford,Fusion SE,2012,160000,E85 Flex Fuel,240.0HP 3.0L V6 Cylinder Engine Flex Fuel Capability,A/T,Gray,Black,None reported,Yes,4500.0,14,10666.666666666666,0,0,300.0
Mercedes-Benz,E-Class E 350,2012,95816,Gasoline,302.0HP 3.5L V6 Cylinder Engine Gasoline Fuel,7-Speed A/T,White,Beige,None reported,Yes,12000.0,14,6387.733333333334,1,0,800.0
Jeep,Wrangler Unlimited Sport,2014,132600,Gasoline,285.0HP 3.6L V6 Cylinder Engine Gasoline Fuel,5-Speed A/T,White,–,At least 1 accident or damage reported,Yes,17000.0,12,10200.0,0,1,1307.6923076923076
Cadillac,DeVille Base,1994,47000,–,–,A/T,White,Blue,None reported,Yes,5990.0,32,1424.2424242424242,0,0,181.5151515151515
Jeep,Wrangler Sport,2010,149460,Gasoline,202.0HP 3.8L V6 Cylinder Engine Gasoline Fuel,4-Speed A/T,Black,Black,None reported,Yes,10700.0,16,8791.764705882353,0,0,629.4117647058823
Jeep,Wrangler Sport,2011,109646,Gasoline,3.8L V6 12V MPFI OHV,4-Speed Automatic,Mango Tango Pearlcoat,Black,None reported,Unknown,16998.0,15,6852.875,0,0,1062.375
Acura,MDX 3.5L w/Technology Package,2019,90605,Gasoline,3.5 Liter,Automatic,White,Parchment,None reported,Unknown,27698.0,7,11325.625,0,0,3462.25
Volkswagen,Jetta 1.4T S,2019,59000,Gasoline,147.0HP 1.4L 4 Cylinder Engine Gasoline Fuel,A/T,Gray,Black,None reported,Yes,17000.0,7,7375.0,0,0,2125.0
Chevrolet,Camaro Z28,2002,48000,Gasoline,310.0HP 5.7L 8 Cylinder Engine Gasoline Fuel,A/T,White,Black,None reported,Yes,21999.0,24,1920.0,0,0,879.96
Chevrolet,Corvette Z06,2016,41500,Gasoline,650.0HP 6.2L 8 Cylinder Engine Gasoline Fuel,7-Speed M/T,White,Black,None reported,Yes,66000.0,10,3772.7272727272725,0,0,6000.0
Porsche,Cayman R,2012,54000,Gasoline,330.0HP 3.4L Flat 6 Cylinder Engine Gasoline Fuel,7-Speed A/T,Black,Gray,None reported,Yes,75000.0,14,3600.0,1,0,5000.0
Porsche,Cayenne Base,2018,70455,Gasoline,300.0HP 3.6L V6 Cylinder Engine Gasoline Fuel,8-Speed A/T,White,Black,None reported,Yes,45855.0,8,7828.333333333333,1,0,5095.0
Subaru,Crosstrek 2.0i Limited,2018,84054,Gasoline,152.0HP 2.0L 4 Cylinder Engine Gasoline Fuel,CVT Transmission,Gray,Black,None reported,Yes,21499.0,8,9339.333333333334,0,0,2388.777777777778
BMW,750 Li,2007,114528,Gasoline,360.0HP 4.8L 8 Cylinder Engine Gasoline Fuel,A/T,Black,Black,None reported,Yes,9000.0,19,5726.4,1,0,450.0
Jeep,Wrangler Sahara,2013,111850,Gasoline,285.0HP 3.6L V6 Cylinder Engine Gasoline Fuel,A/T,Red,Black,At least 1 accident or damage reported,Yes,26500.0,13,7989.285714285715,0,1,1892.857142857143
GMC,Sierra 2500 AT4,2020,52673,Diesel,445.0HP 6.6L 8 Cylinder Engine Diesel Fuel,6-Speed A/T,Black,Beige,None reported,Yes,69500.0,6,7524.714285714285,0,0,9928.57142857143
BMW,X3 M AWD,2021,31500,Gasoline,473.0HP 3.0L Straight 6 Cylinder Engine Gasoline Fuel,8-Speed A/T,Black,Black,None reported,Yes,54500.0,5,5250.0,1,0,9083.333333333334
BMW,335 i,2011,73000,Gasoline,300.0HP 3.0L Straight 6 Cylinder Engine Gasoline Fuel,Transmission w/Dual Shift Mode,Red,Beige,None reported,Yes,16000.0,15,4562.5,1,0,1000.0
Jeep,Wrangler Unlimited Sahara,2019,59692,Gasoline,285.0HP 3.6L V6 Cylinder Engine Gasoline Fuel,8-Speed A/T,Gray,Black,None reported,Yes,35900.0,7,7461.5,0,0,4487.5
Toyota,Corolla S Plus,2016,68364,Gasoline,132.0HP 1.8L 4 Cylinder Engine Gasoline Fuel,Transmission w/Dual Shift Mode,White,Black,None reported,Yes,16000.0,10,6214.909090909091,0,0,1454.5454545454545
Land,Rover Discovery HSE LUXURY,2017,47200,Gasoline,340.0HP 3.0L V6 Cylinder Engine Gasoline Fuel,8-Speed A/T,Black,Beige,At least 1 accident or damage reported,Yes,29000.0,9,4720.0,1,1,2900.0
Mercedes-Benz,E-Class E 450 4MATIC,2021,18000,Hybrid,362.0HP 3.0L Straight 6 Cylinder Engine Gasoline/Mild Electric Hybrid,9-Speed A/T,Gray,Black,At least 1 accident or damage reported,Yes,62000.0,5,3000.0,1,1,10333.333333333334
Ford,Fusion Hybrid Base,2012,158366,Hybrid,191.0HP 2.5L 4 Cylinder Engine Gas/Electric Hybrid,A/T,Gray,Black,At least 1 accident or damage reported,Yes,8250.0,14,10557.733333333334,0,1,550.0
BMW,X1 xDrive 28i,2017,49700,Gasoline,228.0HP 2.0L 4 Cylinder Engine Gasoline Fuel,8-Speed A/T,Blue,Black,None reported,Yes,26000.0,9,4970.0,1,0,2600.0
GMC,Terrain SLE,2010,81500,Gasoline,182.0HP 2.4L 4 Cylinder Engine Gasoline Fuel,A/T,Brown,Gray,None reported,Yes,12250.0,16,4794.117647058823,0,0,720.5882352941177
BMW,i3 120Ah w/Range Extender,2019,16975,Gasoline,170.0HP 0.65L Electric Motor Electric Fuel System,A/T,Black,Black,None reported,Yes,26990.0,7,2121.875,1,0,3373.75
Porsche,911 GT3,2018,5989,Gasoline,"4L H-6 gasoline direct injection, DOHC, VarioCam Plus variable v","Manual, 6-Spd",GT SILVER,BLACK,None reported,Unknown,209000.0,8,665.4444444444445,1,0,23222.222222222223
Ford,Mustang SVT Cobra,2003,16100,Gasoline,390.0HP 4.6L 8 Cylinder Engine Gasoline Fuel,M/T,Red,Beige,None reported,Yes,35500.0,23,670.8333333333334,0,0,1479.1666666666667
Land,Rover Range Rover Supercharged LWB,2020,54225,Gasoline,518.0HP 5.0L 8 Cylinder Engine Gasoline Fuel,A/T,White,White,None reported,Yes,67500.0,6,7746.428571428572,1,0,9642.857142857143
RAM,2500 Big Horn,2016,89500,Gasoline,410.0HP 6.4L 8 Cylinder Engine Gasoline Fuel,A/T,Black,Gray,None reported,Yes,35000.0,10,8136.363636363636,0,0,3181.818181818182
Ford,E250 Cargo,2013,87501,E85 Flex Fuel,225.0HP 4.6L 8 Cylinder Engine Flex Fuel Capability,4-Speed A/T,White,Gray,At least 1 accident or damage reported,Yes,17777.0,13,6250.071428571428,0,1,1269.7857142857142
MINI,Countryman Cooper S ALL4,2018,12370,Gasoline,189.0HP 2.0L 4 Cylinder Engine Gasoline Fuel,8-Speed A/T,Blue,Black,None reported,Yes,28900.0,8,1374.4444444444443,0,0,3211.1111111111113
RAM,1500 Classic Tradesman,2019,12466,Gasoline,395.0HP 5.7L 8 Cylinder Engine Gasoline Fuel,8-Speed A/T,Gray,Gray,None reported,Yes,28995.0,7,1558.25,0,0,3624.375
Volvo,C70 T5,2011,199000,Gasoline,227.0HP 2.5L 5 Cylinder Engine Gasoline Fuel,Transmission w/Dual Shift Mode,Red,Beige,At least 1 accident or damage reported,Yes,5500.0,15,12437.5,0,1,343.75
Mercedes-Benz,SL-Class SL600 Roadster,2007,78200,Gasoline,510.0HP 5.5L 12 Cylinder Engine Gasoline Fuel,5-Speed A/T,Black,Brown,At least 1 accident or damage reported,Yes,22999.0,19,3910.0,1,1,1149.95
Toyota,Camry Hybrid XLE,2018,22000,Hybrid,208.0HP 2.5L 4 Cylinder Engine Gas/Electric Hybrid,A/T,White,Beige,None reported,Yes,29500.0,8,2444.4444444444443,0,0,3277.777777777778
GMC,Acadia SLE-2,2016,100795,Gasoline,3.6L V6 24V GDI DOHC,6-Speed Automatic,White Frost Tri-Coat,Ebony,At least 1 accident or damage reported,Yes,12995.0,10,9163.181818181818,0,1,1181.3636363636363
Chevrolet,Impala 1LT,2019,99941,Gasoline,3.6L V6 24V GDI DOHC,6-Speed Automatic,Silver Ice Metallic,Jet Black,None reported,Yes,17816.0,7,12492.625,0,0,2227.0
Jeep,Grand Cherokee L Laredo,2021,23588,Gasoline,3.6L V6 24V MPFI DOHC,8-Speed Automatic,Metallic,Global Black,Unknown,Unknown,38633.0,5,3931.3333333333335,0,1,6438.833333333333
Jeep,Liberty Sport,2003,103000,Gasoline,210.0HP 3.7L V6 Cylinder Engine Gasoline Fuel,A/T,Black,Gray,None reported,Yes,5200.0,23,4291.666666666667,0,0,216.66666666666666
Jaguar,XF Luxury,2009,91491,Gasoline,300.0HP 4.2L 8 Cylinder Engine Gasoline Fuel,6-Speed A/T,Blue,Beige,None reported,Yes,7000.0,17,5082.833333333333,1,0,388.8888888888889
Honda,Civic Sport,2020,23131,Gasoline,2.0L I4 16V MPFI DOHC,Automatic CVT,Crystal Black Pearl,Black,At least 1 accident or damage reported,Unknown,23739.0,6,3304.4285714285716,0,1,3391.285714285714
Subaru,Outback 2.5i Premium,2019,77000,Gasoline,175.0HP 2.5L 4 Cylinder Engine Gasoline Fuel,CVT Transmission,Gray,Gray,At least 1 accident or damage reported,Yes,18749.0,7,9625.0,0,1,2343.625
Land,Rover Range Rover Sport HSE Dynamic,2019,20500,Gasoline,380.0HP 3.0L V6 Cylinder Engine Gasoline Fuel,A/T,White,White,None reported,Yes,76000.0,7,2562.5,1,0,9500.0
Tesla,Model Y Long Range,2022,500,Gasoline,425.0HP Electric Motor Electric Fuel System,A/T,White,Black,None reported,Yes,45900.0,4,100.0,1,0,9180.0
Lexus,ES 350 Base,2019,49810,Gasoline,302.0HP 3.5L V6 Cylinder Engine Gasoline Fuel,8-Speed A/T,Gray,Black,At least 1 accident or damage reported,Yes,33900.0,7,6226.25,1,1,4237.5
Honda,CR-V Touring,2022,20229,Gasoline,1.5L I4 16V GDI DOHC Turbo,Automatic CVT,Black,Black,None reported,Unknown,36727.0,4,4045.8,0,0,7345.4
Alfa,Romeo Giulia Quadrifoglio,2021,10558,Gasoline,505.0HP 2.9L V6 Cylinder Engine Gasoline Fuel,8-Speed A/T,White,Black,None reported,Yes,75000.0,5,1759.6666666666667,0,0,12500.0
BMW,330 i,2005,59300,Gasoline,225.0HP 3.0L Straight 6 Cylinder Engine Gasoline Fuel,M/T,Red,Black,None reported,Yes,30900.0,21,2695.4545454545455,1,0,1404.5454545454545
Maybach,Type 57 Base,2004,34254,Gasoline,543.0HP 5.5L 12 Cylinder Engine Gasoline Fuel,5-Speed A/T,Brown,–,None reported,Yes,64250.0,22,1489.304347826087,0,0,2793.478260869565
Lexus,ES 250 Base,2021,24364,Gasoline,2.5 Liter,Automatic,Eminent White Pearl,Chateau,None reported,Unknown,37998.0,5,4060.6666666666665,1,0,6333.0
Mercedes-Benz,Sprinter 2500,2016,139200,Diesel,161.0HP 2.1L 4 Cylinder Engine Diesel Fuel,A/T,White,Black,At least 1 accident or damage reported,Yes,22000.0,10,12654.545454545454,1,1,2000.0
Mercedes-Benz,E-Class E 350,2012,82046,Gasoline,302.0HP 3.5L V6 Cylinder Engine Gasoline Fuel,7-Speed A/T,Black,Beige,None reported,Yes,13999.0,14,5469.733333333334,1,0,933.2666666666667
Dodge,Dakota Sport,1997,285000,Gasoline,230.0HP 5.2L 8 Cylinder Engine Gasoline Fuel,4-Speed A/T,White,Gray,None reported,Yes,6399.0,29,9500.0,0,0,213.3
RAM,1500 Tradesman/Express,2017,26269,E85 Flex Fuel,3.6L V6 24V MPFI DOHC Flexible Fuel,8-Speed Automatic,Bright White Clearcoat,Black,At least 1 accident or damage reported,Unknown,25307.0,9,2626.9,0,1,2530.7
Mazda,CX-9 Touring,2016,127131,Gasoline,227.0HP 2.5L 4 Cylinder Engine Gasoline Fuel,A/T,Brown,–,At least 1 accident or damage reported,Yes,16770.0,10,11557.363636363636,0,1,1524.5454545454545
Porsche,911 Turbo S,2019,31000,Gasoline,580.0HP 3.8L Flat 6 Cylinder Engine Gasoline Fuel,Transmission w/Dual Shift Mode,White,Black,None reported,Yes,179900.0,7,3875.0,1,0,22487.5
BMW,X3 xDrive30i,2021,27000,Gasoline,248.0HP 2.0L 4 Cylinder Engine Gasoline Fuel,8-Speed A/T,Black,Brown,None reported,Yes,38400.0,5,4500.0,1,0,6400.0
Jeep,Grand Cherokee Limited,2015,93400,E85 Flex Fuel,290.0HP 3.6L V6 Cylinder Engine Flex Fuel Capability,A/T,White,Black,None reported,Yes,18900.0,11,7783.333333333333,0,0,1575.0
BMW,X7 xDrive40i,2021,9200,Hybrid,335.0HP 3.0L Straight 6 Cylinder Engine Gasoline/Mild Electric Hybrid,8-Speed A/T,White,Brown,At least 1 accident or damage reported,Yes,71200.0,5,1533.3333333333333,1,1,11866.666666666666
Mercedes-Benz,SL-Class SL 550,2014,76850,Gasoline,429.0HP 4.7L 8 Cylinder Engine Gasoline Fuel,7-Speed A/T,Brown,Beige,At least 1 accident or damage reported,Yes,32999.0,12,5911.538461538462,1,1,2538.3846153846152
Bentley,Continental GT W12,2016,61160,Gasoline,582.0HP 6.0L 12 Cylinder Engine Gasoline Fuel,A/T,Black,Black,At least 1 accident or damage reported,Yes,98000.0,10,5560.0,0,1,8909.09090909091
Jeep,Wrangler Unlimited,2005,146000,Gasoline,190.0HP 4.0L Straight 6 Cylinder Engine Gasoline Fuel,A/T,Red,Black,At least 1 accident or damage reported,Yes,15900.0,21,6636.363636363636,0,1,722.7272727272727
Tesla,Model S 100D,2017,38957,Gasoline,Electric Motor Electric Fuel System,1-Speed A/T,Silver,Beige,None reported,Yes,46750.0,9,3895.7,1,0,4675.0
Volkswagen,Golf SportWagen TSI SE,2017,33850,Gasoline,170.0HP 1.8L 4 Cylinder Engine Gasoline Fuel,6-Speed A/T,Blue,Beige,None reported,Yes,16500.0,9,3385.0,0,0,1650.0
Jeep,Wrangler Unlimited Sahara,2020,61830,Gasoline,2.0L I4 16V GDI DOHC Turbo,8-Speed Automatic,Granite Crystal Clearcoat Metallic,Black,At least 1 accident or damage reported,Unknown,39860.0,6,8832.857142857143,0,1,5694.285714285715
Kia,Sorento SXL,2017,108559,Gasoline,3.3L V6 24V GDI DOHC,6-Speed Automatic,Titanium Silver,Satin Black,None reported,Unknown,15998.0,9,10855.9,0,0,1599.8
Lexus,LS 430 Base,2006,192000,Gasoline,278.0HP 4.3L 8 Cylinder Engine Gasoline Fuel,6-Speed A/T,Silver,Gray,At least 1 accident or damage reported,Yes,7390.0,20,9142.857142857143,1,1,351.9047619047619
Mercedes-Benz,E-Class E 350 4MATIC,2014,83112,Gasoline,302.0HP 3.5L V6 Cylinder Engine Gasoline Fuel,7-Speed A/T,Black,Black,None reported,Yes,15500.0,12,6393.2307692307695,1,0,1192.3076923076924
Tesla,Model X 75D,2016,52000,Gasoline,518.0HP Electric Motor Electric Fuel System,A/T,Black,Beige,None reported,Yes,52000.0,10,4727.272727272727,1,0,4727.272727272727
RAM,1500 Rebel,2020,57300,Gasoline,395.0HP 5.7L 8 Cylinder Engine Gasoline Fuel,8-Speed A/T,Black,Black,None reported,Yes,43500.0,6,8185.714285714285,0,0,6214.285714285715
MINI,Cooper Base,2008,104500,Gasoline,118.0HP 1.6L 4 Cylinder Engine Gasoline Fuel,6-Speed A/T,Red,Black,At least 1 accident or damage reported,Yes,4100.0,18,5500.0,0,1,215.78947368421052
Jeep,Cherokee Sport,1996,170552,Gasoline,190.0HP 4.0L Straight 6 Cylinder Engine Gasoline Fuel,4-Speed A/T,Black,Gray,At least 1 accident or damage reported,Yes,6500.0,30,5501.677419354839,0,1,209.67741935483872
Ford,Mustang GT Premium,2013,18000,Gasoline,412.0HP 5.0L 8 Cylinder Engine Gasoline Fuel,6-Speed A/T,Silver,Black,None reported,Yes,29000.0,13,1285.7142857142858,0,0,2071.4285714285716
Lincoln,Navigator Reserve,2019,39000,Gasoline,450.0HP 3.5L V6 Cylinder Engine Gasoline Fuel,10-Speed A/T,Black,Black,None reported,Yes,51999.0,7,4875.0,0,0,6499.875
Jeep,Gladiator Rubicon,2020,38000,Gasoline,285.0HP 3.6L V6 Cylinder Engine Gasoline Fuel,8-Speed A/T,Black,Black,None reported,Yes,45000.0,6,5428.571428571428,0,0,6428.571428571428
Porsche,Cayman GT4,2016,15168,Gasoline,385.0HP 3.8L Flat 6 Cylinder Engine Gasoline Fuel,6-Speed M/T,White,Black,None reported,Yes,115000.0,10,1378.909090909091,1,0,10454.545454545454
Honda,Civic EX,2012,167506,Gasoline,140.0HP 1.8L 4 Cylinder Engine Gasoline Fuel,A/T,Black,–,None reported,Yes,6500.0,14,11167.066666666668,0,0,433.3333333333333
Jeep,Grand Cherokee Laredo,2012,166000,E85 Flex Fuel,290.0HP 3.6L V6 Cylinder Engine Flex Fuel Capability,A/T,White,Gray,At least 1 accident or damage reported,Yes,13000.0,14,11066.666666666666,0,1,866.6666666666666
Ford,Shelby GT500 Base,2021,19200,Gasoline,760.0HP 5.2L 8 Cylinder Engine Gasoline Fuel,Transmission w/Dual Shift Mode,Black,Black,None reported,Yes,82950.0,5,3200.0,0,0,13825.0
Land,Rover Defender SE,2022,46000,Hybrid,395.0HP 3.0L Straight 6 Cylinder Engine Gasoline/Mild Electric Hybrid,8-Speed A/T,Green,Beige,None reported,Yes,75000.0,4,9200.0,1,0,15000.0
Hummer,H3 Base,2007,201000,Gasoline,242.0HP 3.7L 5 Cylinder Engine Gasoline Fuel,A/T,White,Black,At least 1 accident or damage reported,Yes,7200.0,19,10050.0,0,1,360.0
Kia,Sportage LX,2014,87000,Gasoline,182.0HP 2.4L 4 Cylinder Engine Gasoline Fuel,A/T,Black,Black,At least 1 accident or damage reported,Yes,8900.0,12,6692.307692307692,0,1,684.6153846153846
GMC,Yukon XL 1500 SLT,2015,145000,Gasoline,355.0HP 5.3L 8 Cylinder Engine Gasoline Fuel,6-Speed A/T,White,Beige,None reported,Yes,24950.0,11,12083.333333333334,0,0,2079.1666666666665
Jeep,Wrangler Unlimited Sport,2020,33060,Gasoline,285.0HP 3.6L V6 Cylinder Engine Gasoline Fuel,8-Speed A/T,White,Black,None reported,Yes,36500.0,6,4722.857142857143,0,0,5214.285714285715
Ford,Bronco XLT,1995,195000,–,–,A/T,Blue,Gray,None reported,Yes,15000.0,31,6093.75,0,0,468.75
Tesla,Model S Long Range Plus,2021,10550,Gasoline,557.0HP Electric Motor Electric Fuel System,A/T,Gray,Black,None reported,Yes,67800.0,5,1758.3333333333333,1,0,11300.0
Audi,A6 3.0T Prestige,2014,89500,Gasoline,310.0HP 3.0L V6 Cylinder Engine Gasoline Fuel,Transmission w/Dual Shift Mode,Gray,Black,None reported,Yes,18000.0,12,6884.615384615385,1,0,1384.6153846153845
Jeep,Wrangler 80th Anniversary,2021,27000,Hybrid,285.0HP 3.6L V6 Cylinder Engine Gasoline/Mild Electric Hybrid,8-Speed A/T,Red,Black,None reported,Yes,37500.0,5,4500.0,0,0,6250.0
Jeep,Wrangler Sport,2010,87250,Gasoline,202.0HP 3.8L V6 Cylinder Engine Gasoline Fuel,6-Speed M/T,Blue,Black,None reported,Yes,18500.0,16,5132.35294117647,0,0,1088.235294117647
Volkswagen,CC 2.0T Sport,2016,76495,Gasoline,200.0HP 2.0L 4 Cylinder Engine Gasoline Fuel,A/T,White,Black,At least 1 accident or damage reported,Yes,13000.0,10,6954.090909090909,0,1,1181.8181818181818
Cadillac,SRX Luxury Collection,2016,70503,Gasoline,308.0HP 3.6L V6 Cylinder Engine Gasoline Fuel,6-Speed A/T,Silver,Beige,None reported,Yes,15500.0,10,6409.363636363636,0,0,1409.090909090909
Porsche,Cayenne Turbo,2009,41965,Gasoline,500.0HP 4.8L 8 Cylinder Engine Gasoline Fuel,Transmission w/Dual Shift Mode,Black,Beige,At least 1 accident or damage reported,Yes,35000.0,17,2331.3888888888887,1,1,1944.4444444444443
Toyota,4Runner 4WD,1999,267000,Gasoline,150.0HP 2.7L 4 Cylinder Engine Gasoline Fuel,5-Speed M/T,Silver,Beige,At least 1 accident or damage reported,Yes,8000.0,27,9535.714285714286,0,1,285.7142857142857
Mitsubishi,Eclipse GT,2003,146000,Gasoline,200.0HP 3.0L V6 Cylinder Engine Gasoline Fuel,4-Speed A/T,Gray,Black,At least 1 accident or damage reported,Yes,4200.0,23,6083.333333333333,0,1,175.0
Chevrolet,Corvette Stingray w/1LT,2023,9000,Gasoline,490.0HP 6.2L 8 Cylinder Engine Gasoline Fuel,8-Speed A/T,White,White,None reported,Yes,82500.0,3,2250.0,0,0,20625.0
Toyota,GR86 Premium,2022,1050,Gasoline,228.0HP 2.4L 4 Cylinder Engine Gasoline Fuel,6-Speed A/T,Gray,Black,None reported,Yes,40000.0,4,210.0,0,0,8000.0
Land,Rover Range Rover P525 Westminster,2021,22270,Gasoline,5.0L V8 32V GDI DOHC Supercharged,8-Speed Automatic,Gray,Ebony,None reported,Unknown,89900.0,5,3711.6666666666665,1,0,14983.333333333334
Ford,Mustang GT Premium,2012,19900,Gasoline,412.0HP 5.0L 8 Cylinder Engine Gasoline Fuel,6-Speed A/T,White,Black,None reported,Yes,26500.0,14,1326.6666666666667,0,0,1766.6666666666667
Tesla,Model Y Long Range,2020,19800,Gasoline,425.0HP Electric Motor Electric Fuel System,1-Speed A/T,White,White,None reported,Yes,44990.0,6,2828.5714285714284,1,0,6427.142857142857
RAM,1500 Sport,2012,113500,Gasoline,390.0HP 5.7L 8 Cylinder Engine Gasoline Fuel,A/T,Black,Black,None reported,Yes,17900.0,14,7566.666666666667,0,0,1193.3333333333333
Lamborghini,Gallardo LP550-2,2013,22000,Gasoline,550.0HP 5.2L 10 Cylinder Engine Gasoline Fuel,6-Speed A/T,Black,Black,None reported,Yes,150000.0,13,1571.4285714285713,0,0,10714.285714285714
INFINITI,Q60 3.0t Red Sport 400,2022,3300,Gasoline,400.0HP 3.0L V6 Cylinder Engine Gasoline Fuel,Transmission w/Dual Shift Mode,Red,Black,None reported,Yes,54000.0,4,660.0,0,0,10800.0
Volkswagen,e-Golf SE,2016,41615,Gasoline,115.0HP Electric Motor Electric Fuel System,1-Speed A/T,Blue,Gray,None reported,Yes,12000.0,10,3783.181818181818,0,0,1090.909090909091
Tesla,Model X Long Range,2022,11860,Gasoline,670.0HP Electric Motor Electric Fuel System,A/T,White,White,None reported,Yes,92500.0,4,2372.0,1,0,18500.0
BMW,M5 Base,2015,27000,Gasoline,560.0HP 4.4L 8 Cylinder Engine Gasoline Fuel,7-Speed A/T,Black,Black,None reported,Yes,52500.0,11,2250.0,1,0,4375.0
Kia,K5 GT-Line,2022,22101,Gasoline,1.6L I4 16V GDI DOHC Turbo,8-Speed Automatic,Glacial White Pearl,Black,At least 1 accident or damage reported,Yes,29430.0,4,4420.2,0,1,5886.0
Chevrolet,Caprice Classic Base,1996,60000,Gasoline,260.0HP 5.7L 8 Cylinder Engine Gasoline Fuel,A/T,Purple,Gray,Unknown,Unknown,18500.0,30,1935.483870967742,0,1,596.7741935483871
Subaru,BRZ Limited,2013,46452,Gasoline,200.0HP 2.0L 4 Cylinder Engine Gasoline Fuel,6-Speed M/T,Gray,Black,None reported,Yes,22888.0,13,3318.0,0,0,1634.857142857143
Lincoln,MKZ Reserve I,2019,36000,Gasoline,245.0HP 2.0L 4 Cylinder Engine Gasoline Fuel,6-Speed A/T,White,Beige,None reported,Yes,26500.0,7,4500.0,0,0,3312.5
Chevrolet,Corvette Grand Sport,2019,13100,Gasoline,460.0HP 6.2L 8 Cylinder Engine Gasoline Fuel,7-Speed M/T,Silver,Red,None reported,Yes,61950.0,7,1637.5,0,0,7743.75
Audi,Q5 2.0T Premium Plus,2019,50000,Gasoline,248.0HP 2.0L 4 Cylinder Engine Gasoline Fuel,7-Speed A/T,White,Beige,At least 1 accident or damage reported,Yes,27000.0,7,6250.0,1,1,3375.0
Mazda,CX-9 Signature,2018,19500,Gasoline,227.0HP 2.5L 4 Cylinder Engine Gasoline Fuel,Transmission w/Dual Shift Mode,White,Brown,None reported,Yes,32250.0,8,2166.6666666666665,0,0,3583.3333333333335
Ford,Mustang GT,2016,36000,Gasoline,435.0HP 5.0L 8 Cylinder Engine Gasoline Fuel,6-Speed M/T,Orange,Black,At least 1 accident or damage reported,Yes,31000.0,10,3272.7272727272725,0,1,2818.181818181818
Rolls-Royce,Wraith Base,2016,21000,Gasoline,624.0HP 6.6L 12 Cylinder Engine Gasoline Fuel,A/T,Brown,Black,Unknown,Unknown,217000.0,10,1909.090909090909,0,1,19727.272727272728
Chevrolet,Camaro 1SS,2022,6640,Gasoline,455.0HP 6.2L 8 Cylinder Engine Gasoline Fuel,A/T,Orange,Black,None reported,Yes,51999.0,4,1328.0,0,0,10399.8
BMW,X5 xDrive35i,2016,74850,Gasoline,300.0HP 3.0L Straight 6 Cylinder Engine Gasoline Fuel,A/T,White,Brown,At least 1 accident or damage reported,Yes,21900.0,10,6804.545454545455,1,1,1990.909090909091
Nissan,Maxima SV,2014,117000,Gasoline,290.0HP 3.5L V6 Cylinder Engine Gasoline Fuel,Transmission w/Dual Shift Mode,White,Black,At least 1 accident or damage reported,Yes,10900.0,12,9000.0,0,1,838.4615384615385
Toyota,Tundra TRD Pro,2016,51400,E85 Flex Fuel,381.0HP 5.7L 8 Cylinder Engine Flex Fuel Capability,6-Speed A/T,Black,Black,Unknown,Unknown,39900.0,10,4672.727272727273,0,1,3627.2727272727275
INFINITI,QX60 AUTOGRAPH,2022,6000,Gasoline,295.0HP 3.5L V6 Cylinder Engine Gasoline Fuel,9-Speed A/T,Gold,Brown,None reported,Yes,57999.0,4,1200.0,0,0,11599.8
Mitsubishi,Lancer Evolution MR,2006,128000,Gasoline,286.0HP 2.0L 4 Cylinder Engine Gasoline Fuel,6-Speed M/T,Silver,Black,None reported,Yes,37999.0,20,6095.238095238095,0,0,1809.4761904761904
BMW,X3 xDrive30i,2021,15000,Gasoline,248.0HP 2.0L 4 Cylinder Engine Gasoline Fuel,Transmission w/Dual Shift Mode,White,Brown,None reported,Yes,39995.0,5,2500.0,1,0,6665.833333333333
Toyota,Tundra SR5,2016,119000,Gasoline,381.0HP 5.7L 8 Cylinder Engine Gasoline Fuel,6-Speed A/T,Red,Black,None reported,Yes,29950.0,10,10818.181818181818,0,0,2722.7272727272725
Lincoln,Mark LT Base,2006,87500,Gasoline,300.0HP 5.4L 8 Cylinder Engine Gasoline Fuel,A/T,Silver,Black,At least 1 accident or damage reported,Yes,12999.0,20,4166.666666666667,0,1,619.0
Ford,Flex SEL,2011,149000,Gasoline,262.0HP 3.5L V6 Cylinder Engine Gasoline Fuel,6-Speed A/T,Black,Beige,None reported,Yes,7999.0,15,9312.5,0,0,499.9375
Audi,Q5 2.0T Premium Plus,2015,54700,E85 Flex Fuel,220.0HP 2.0L 4 Cylinder Engine Flex Fuel Capability,8-Speed A/T,Gray,Brown,At least 1 accident or damage reported,Yes,20995.0,11,4558.333333333333,1,1,1749.5833333333333
Ford,F-150 XL,2021,45979,Gasoline,3.5L V6 24V PDI DOHC Twin Turbo,10-Speed Automatic,Agate Black Metallic,Black,None reported,Yes,38532.0,5,7663.166666666667,0,0,6422.0
Lincoln,Continental Reserve,2017,56846,Gasoline,335.0HP 2.7L V6 Cylinder Engine Gasoline Fuel,Transmission w/Dual Shift Mode,White,Beige,None reported,Yes,29000.0,9,5684.6,0,0,2900.0
Tesla,Model X 75D,2017,94100,Gasoline,518.0HP Electric Motor Electric Fuel System,A/T,Black,Orange,At least 1 accident or damage reported,Yes,49900.0,9,9410.0,1,1,4990.0
Jeep,Grand Cherokee Limited,2017,80150,Gasoline,293.0HP 3.6L V6 Cylinder Engine Gasoline Fuel,8-Speed A/T,Blue,Black,At least 1 accident or damage reported,Yes,22500.0,9,8015.0,0,1,2250.0
GMC,Terrain SLT-1,2013,11563,Gasoline,182.0HP 2.4L 4 Cylinder Engine Gasoline Fuel,A/T,Blue,Black,At least 1 accident or damage reported,Yes,12300.0,13,825.9285714285714,0,1,878.5714285714286
Tesla,Model X Long Range,2022,7500,Gasoline,670.0HP Electric Motor Electric Fuel System,A/T,Silver,Black,None reported,Yes,84000.0,4,1500.0,1,0,16800.0
Mercedes-Benz,AMG E 53 Base 4MATIC,2021,15615,Hybrid,429.0HP 3.0L Straight 6 Cylinder Engine Gasoline/Mild Electric Hybrid,9-Speed A/T,Gray,Black,None reported,Yes,78000.0,5,2602.5,1,0,13000.0
Subaru,Impreza WRX Base,2013,113000,Gasoline,265.0HP 2.5L 4 Cylinder Engine Gasoline Fuel,5-Speed M/T,Blue,Black,At least 1 accident or damage reported,Yes,16000.0,13,8071.428571428572,0,1,1142.857142857143
Kia,Optima S,2018,74000,Gasoline,185.0HP 2.4L 4 Cylinder Engine Gasoline Fuel,6-Speed A/T,White,Black,None reported,Yes,15000.0,8,8222.222222222223,0,0,1666.6666666666667
Mercedes-Benz,M-Class ML 350,2011,99200,Gasoline,268.0HP 3.5L V6 Cylinder Engine Gasoline Fuel,A/T,Black,Black,None reported,Yes,11900.0,15,6200.0,1,0,743.75
Volkswagen,Beetle 2.0T S,2018,36824,Gasoline,174.0HP 2.0L 4 Cylinder Engine Gasoline Fuel,6-Speed A/T,Red,Red,None reported,Yes,23999.0,8,4091.5555555555557,0,0,2666.5555555555557
Acura,RSX Base,2005,186040,Gasoline,160.0HP 2.0L 4 Cylinder Engine Gasoline Fuel,A/T,Gray,Beige,At least 1 accident or damage reported,Yes,6700.0,21,8456.363636363636,0,1,304.54545454545456
GMC,Acadia SLE,2020,58000,Gasoline,310.0HP 3.6L V6 Cylinder Engine Gasoline Fuel,9-Speed A/T,Black,Black,None reported,Yes,27700.0,6,8285.714285714286,0,0,3957.1428571428573
Ford,F-150 Lariat,2020,31250,Gasoline,325.0HP 2.7L V6 Cylinder Engine Gasoline Fuel,A/T,Blue,Gray,None reported,Yes,42500.0,6,4464.285714285715,0,0,6071.428571428572
Jeep,Gladiator Overland,2020,43000,Gasoline,285.0HP 3.6L V6 Cylinder Engine Gasoline Fuel,A/T,White,Beige,None reported,Yes,46500.0,6,6142.857142857143,0,0,6642.857142857143
Toyota,Tacoma TRD Sport,2020,41199,Gasoline,3.5 Liter,6 Speed Mt,Black,Black/Gun Metal,None reported,Unknown,41598.0,6,5885.571428571428,0,0,5942.571428571428
Kia,EV6 GT-Line,2022,22000,Gasoline,320.0HP Electric Motor Electric Fuel System,1-Speed A/T,Gray,Black,None reported,Yes,45000.0,4,4400.0,0,0,9000.0
Genesis,GV70 3.5T Sport,2022,12900,Gasoline,375.0HP 3.5L V6 Cylinder Engine Gasoline Fuel,8-Speed A/T,Gray,White,None reported,Yes,53000.0,4,2580.0,0,0,10600.0
Ford,Explorer ST,2022,10500,Gasoline,400.0HP 3.0L V6 Cylinder Engine Gasoline Fuel,Transmission w/Dual Shift Mode,Black,Black,Unknown,Unknown,50000.0,4,2100.0,0,1,10000.0
MINI,Countryman Cooper,2020,74725,Gasoline,1.5L I3 12V GDI DOHC Turbo,7-Speed Automatic with Auto-Shift,Black,Black,None reported,Yes,21612.0,6,10675.0,0,0,3087.4285714285716
Mazda,CX-5 Grand Touring,2021,61117,Gasoline,2.5L I4 16V GDI DOHC,6-Speed Automatic,Sonic Silver Metallic,Black,None reported,Yes,26485.0,5,10186.166666666666,0,0,4414.166666666667
BMW,325 i,2003,142000,Gasoline,184.0HP 2.5L Straight 6 Cylinder Engine Gasoline Fuel,5-Speed M/T,Silver,Black,At least 1 accident or damage reported,Yes,4800.0,23,5916.666666666667,1,1,200.0
Ford,Mustang EcoBoost Premium,2019,31000,–,–,6-Speed M/T,Gray,Black,None reported,Yes,34700.0,7,3875.0,0,0,4337.5
Toyota,Yaris L,2012,129355,Gasoline,106.0HP 1.5L 4 Cylinder Engine Gasoline Fuel,4-Speed A/T,Black,Gray,At least 1 accident or damage reported,Yes,7950.0,14,8623.666666666666,0,1,530.0
Chevrolet,Express 1500 Base,2010,204000,E85 Flex Fuel,310.0HP 5.3L 8 Cylinder Engine Flex Fuel Capability,4-Speed A/T,White,Gray,At least 1 accident or damage reported,Yes,4900.0,16,12000.0,0,1,288.2352941176471
Lincoln,Navigator L Select,2016,115600,Gasoline,380.0HP 3.5L V6 Cylinder Engine Gasoline Fuel,6-Speed A/T,Black,Black,None reported,Yes,22500.0,10,10509.09090909091,0,0,2045.4545454545455
Jeep,Wrangler Sahara Altitude,2023,1563,Hybrid,285.0HP 3.6L V6 Cylinder Engine Gasoline/Mild Electric Hybrid,A/T,Gray,Black,None reported,Yes,62500.0,3,390.75,0,0,15625.0
Bentley,Continental GT Base,2007,72166,Gasoline,552.0HP 6.0L 12 Cylinder Engine Gasoline Fuel,A/T,Black,Black,At least 1 accident or damage reported,Yes,35995.0,19,3608.3,0,1,1799.75
Lexus,RX 350 F Sport,2018,26100,Gasoline,295.0HP 3.5L V6 Cylinder Engine Gasoline Fuel,8-Speed A/T,Gray,Red,None reported,Yes,37899.0,8,2900.0,1,0,4211.0
BMW,430 i,2017,58880,Gasoline,248.0HP 2.0L 4 Cylinder Engine Gasoline Fuel,8-Speed A/T,White,Brown,None reported,Yes,21000.0,9,5888.0,1,0,2100.0
Cadillac,Escalade Sport Platinum,2021,26000,Gasoline,420.0HP 6.2L 8 Cylinder Engine Gasoline Fuel,10-Speed A/T,Black,Black,None reported,Yes,104000.0,5,4333.333333333333,0,0,17333.333333333332
Honda,Civic EX,2008,190640,Gasoline,140.0HP 1.8L 4 Cylinder Engine Gasoline Fuel,5-Speed M/T,Silver,Silver,At least 1 accident or damage reported,Yes,5500.0,18,10033.684210526315,0,1,289.4736842105263
Porsche,Cayenne AWD,2020,37500,Gasoline,335.0HP 3.0L V6 Cylinder Engine Gasoline Fuel,8-Speed A/T,White,Black,None reported,Yes,59900.0,6,5357.142857142857,1,0,8557.142857142857
Ford,Mustang Mach-E GT,2022,13856,Gasoline,480.0HP Electric Motor Electric Fuel System,1-Speed A/T,White,Black,None reported,Yes,54000.0,4,2771.2,0,0,10800.0
Cadillac,ATS 2.5L Luxury,2013,225000,Gasoline,202.0HP 2.5L 4 Cylinder Engine Gasoline Fuel,6-Speed A/T,Blue,Black,None reported,Yes,13600.0,13,16071.42857142857,0,0,971.4285714285714
Lexus,LS 460 Base,2014,123256,Gasoline,386.0HP 4.6L 8 Cylinder Engine Gasoline Fuel,8-Speed A/T,White,Beige,None reported,Yes,24995.0,12,9481.23076923077,1,0,1922.6923076923076
Cadillac,Escalade Premium Luxury,2021,11459,Gasoline,420.0HP 6.2L 8 Cylinder Engine Gasoline Fuel,10-Speed A/T,White,Brown,None reported,Yes,88900.0,5,1909.8333333333333,0,0,14816.666666666666
Mercedes-Benz,C-Class C 300 4MATIC Sport,2016,67289,Gasoline,241.0HP 2.0L 4 Cylinder Engine Gasoline Fuel,7-Speed A/T,White,Gray,None reported,Yes,20490.0,10,6117.181818181818,1,0,1862.7272727272727
Hyundai,Veloster Base,2013,56837,Gasoline,132.0HP 1.6L 4 Cylinder Engine Gasoline Fuel,Transmission w/Dual Shift Mode,Silver,Black,At least 1 accident or damage reported,Yes,10500.0,13,4059.785714285714,0,1,750.0
Chevrolet,Corvette Base,2002,44168,Gasoline,350.0HP 5.7L 8 Cylinder Engine Gasoline Fuel,4-Speed A/T,Orange,Black,None reported,Yes,30000.0,24,1766.72,0,0,1200.0
Mercedes-Benz,C-Class C 300 4MATIC,2019,59766,Gasoline,2.0L I4 16V GDI DOHC Turbo,9-Speed Automatic,Lunar Blue Metallic,Macchiato,None reported,Unknown,26900.0,7,7470.75,1,0,3362.5
Kia,Stinger GT,2018,56300,Gasoline,365.0HP 3.3L V6 Cylinder Engine Gasoline Fuel,A/T,Silver,Black,None reported,Yes,29950.0,8,6255.555555555556,0,0,3327.777777777778
Volvo,S60 R,2004,167000,Gasoline,300.0HP 2.5L 5 Cylinder Engine Gasoline Fuel,6-Speed M/T,Black,Beige,None reported,Yes,8000.0,22,7260.869565217391,0,0,347.82608695652175
Chevrolet,Silverado 2500 LT,2015,122770,E85 Flex Fuel,360.0HP 6.0L 8 Cylinder Engine Flex Fuel Capability,A/T,Brown,Black,None reported,Yes,27499.0,11,10230.833333333334,0,0,2291.5833333333335
Land,Rover Range Rover 3.0L V6 Supercharged HSE,2019,59271,Gasoline,380.0HP 3.0L V6 Cylinder Engine Gasoline Fuel,A/T,Black,Black,None reported,Yes,54995.0,7,7408.875,1,0,6874.375
GMC,Sierra 1500 SLE,2015,102000,Gasoline,355.0HP 5.3L 8 Cylinder Engine Gasoline Fuel,6-Speed A/T,Silver,Black,At least 1 accident or damage reported,Yes,24500.0,11,8500.0,0,1,2041.6666666666667
Chevrolet,Silverado 1500 RST,2020,40929,Gasoline,5.3L V8 16V GDI OHV,Automatic,Cajun Red Tintcoat,Jet Black,At least 1 accident or damage reported,Yes,44800.0,6,5847.0,0,1,6400.0
Porsche,911 Turbo S,2019,22000,Gasoline,580.0HP 3.8L Flat 6 Cylinder Engine Gasoline Fuel,7-Speed A/T,White,Beige,None reported,Yes,174900.0,7,2750.0,1,0,21862.5
Chevrolet,Suburban Z71,2022,19200,Gasoline,420.0HP 6.2L 8 Cylinder Engine Gasoline Fuel,10-Speed A/T,White,Black,None reported,Yes,69790.0,4,3840.0,0,0,13958.0
Mercedes-Benz,G-Class G 550 4MATIC,2019,32376,Gasoline,416.0HP 4.0L 8 Cylinder Engine Gasoline Fuel,A/T,Black,Black,None reported,Yes,128000.0,7,4047.0,1,0,16000.0
Porsche,911 Carrera,2023,19800,Gasoline,379.0HP 3.0L Flat 6 Cylinder Engine Gasoline Fuel,8-Speed A/T,Silver,Black,None reported,Yes,134900.0,3,4950.0,1,0,33725.0
Land,Rover Range Rover Sport HSE,2011,105000,Gasoline,375.0HP 5.0L 8 Cylinder Engine Gasoline Fuel,A/T,Black,Black,None reported,Yes,10000.0,15,6562.5,1,0,625.0
Ford,F-250 Lariat,2016,122650,Diesel,440.0HP 6.7L 8 Cylinder Engine Diesel Fuel,6-Speed A/T,Gray,Black,None reported,Yes,38900.0,10,11150.0,0,0,3536.3636363636365
Subaru,BRZ Limited,2022,14000,Gasoline,228.0HP 2.4L 4 Cylinder Engine Gasoline Fuel,6-Speed M/T,White,Black,None reported,Yes,34999.0,4,2800.0,0,0,6999.8
Lexus,LS 460 Base,2008,100868,Gasoline,380.0HP 4.6L 8 Cylinder Engine Gasoline Fuel,8-Speed A/T,Black,Beige,None reported,Yes,15397.0,18,5308.8421052631575,1,0,810.3684210526316
Land,Rover Range Rover Sport HSE,2013,111000,Gasoline,375.0HP 5.0L 8 Cylinder Engine Gasoline Fuel,6-Speed A/T,Black,Black,At least 1 accident or damage reported,Yes,15000.0,13,7928.571428571428,1,1,1071.4285714285713
Cadillac,Escalade Sport Platinum,2021,38500,Gasoline,420.0HP 6.2L 8 Cylinder Engine Gasoline Fuel,A/T,White,Black,At least 1 accident or damage reported,Yes,94995.0,5,6416.666666666667,0,1,15832.5
Nissan,Pathfinder S,2020,41250,Gasoline,284.0HP 3.5L V6 Cylinder Engine Gasoline Fuel,CVT Transmission,White,–,None reported,Yes,21865.0,6,5892.857142857143,0,0,3123.5714285714284
MINI,Cooper S Base,2006,99600,Gasoline,168.0HP 1.6L 4 Cylinder Engine Gasoline Fuel,6-Speed A/T,Orange,Black,None reported,Yes,5500.0,20,4742.857142857143,0,0,261.9047619047619
Acura,ILX 2.0L w/Premium Package,2013,198000,Gasoline,150.0HP 2.0L 4 Cylinder Engine Gasoline Fuel,Transmission w/Dual Shift Mode,White,Black,At least 1 accident or damage reported,Yes,11000.0,13,14142.857142857143,0,1,785.7142857142857
Lexus,RX 350 Base,2021,20598,Gasoline,3.5L V6 24V PDI DOHC,8-Speed Automatic,Atomic Silver,Gray,At least 1 accident or damage reported,Unknown,42599.0,5,3433.0,1,1,7099.833333333333
Porsche,911 Carrera S,2013,52044,Gasoline,400.0HP 3.8L Flat 6 Cylinder Engine Gasoline Fuel,7-Speed M/T,White,Gray,None reported,Yes,76500.0,13,3717.4285714285716,1,0,5464.285714285715
MINI,Hardtop Cooper S,2022,23777,Gasoline,189.0HP 2.0L 4 Cylinder Engine Gasoline Fuel,6-Speed M/T,Gray,Black,None reported,Yes,30000.0,4,4755.4,0,0,6000.0
Ford,F-150 Platinum,2018,60660,Gasoline,375.0HP 3.5L V6 Cylinder Engine Gasoline Fuel,A/T,Gold,Black,At least 1 accident or damage reported,Yes,46900.0,8,6740.0,0,1,5211.111111111111
BMW,i3 Base,2015,26000,Gasoline,170.0HP 0.65L Electric Motor Electric Fuel System,1-Speed A/T,White,Beige,None reported,Yes,14999.0,11,2166.6666666666665,1,0,1249.9166666666667
Mazda,CX-5 Touring,2018,61000,Gasoline,187.0HP 2.5L 4 Cylinder Engine Gasoline Fuel,Transmission w/Dual Shift Mode,Gray,Black,None reported,Yes,21800.0,8,6777.777777777777,0,0,2422.222222222222
Lexus,RX 350 F Sport Performance,2020,53750,Gasoline,295.0HP 3.5L V6 Cylinder Engine Gasoline Fuel,A/T,Black,Red,None reported,Yes,32600.0,6,7678.571428571428,1,0,4657.142857142857
BMW,X5 M50i,2023,13735,Gasoline,4.4L V8 32V GDI DOHC Twin Turbo,8-Speed Automatic,Black Sapphire Metallic,Black,None reported,Unknown,77897.0,3,3433.75,1,0,19474.25
Mercedes-Benz,E-Class E 300,2019,32580,Gasoline,2.0 Liter Turbo,Automatic,Obsidian Black Metallic,Beige,None reported,Unknown,33998.0,7,4072.5,1,0,4249.75
Porsche,911 Carrera Cabriolet,2006,96275,Gasoline,325.0HP 3.6L Flat 6 Cylinder Engine Gasoline Fuel,6-Speed M/T,Silver,Black,At least 1 accident or damage reported,Yes,52500.0,20,4584.523809523809,1,1,2500.0
Ford,F-350 Lariat,2015,162000,Diesel,440.0HP 6.7L 8 Cylinder Engine Diesel Fuel,Transmission w/Dual Shift Mode,Red,Beige,None reported,Yes,32000.0,11,13500.0,0,0,2666.6666666666665
BMW,X3 xDrive30i,2019,92040,Gasoline,2.0L I4 16V GDI DOHC Turbo,8-Speed Automatic,Alpine White,Black,None reported,Yes,24999.0,7,11505.0,1,0,3124.875
RAM,1500 SLT,2017,73690,Gasoline,395.0HP 5.7L 8 Cylinder Engine Gasoline Fuel,8-Speed A/T,Blue,Gray,At least 1 accident or damage reported,Yes,27000.0,9,7369.0,0,1,2700.0
Toyota,Tacoma Base,2009,48750,Gasoline,159.0HP 2.7L 4 Cylinder Engine Gasoline Fuel,M/T,Brown,Silver,None reported,Yes,17900.0,17,2708.3333333333335,0,0,994.4444444444445
Cadillac,SRX Performance Collection,2011,124542,Gasoline,265.0HP 3.0L V6 Cylinder Engine Gasoline Fuel,6-Speed A/T,Gray,Beige,None reported,Yes,8450.0,15,7783.875,0,0,528.125
Ford,Mustang GT Premium,2010,69000,Gasoline,315.0HP 4.6L 8 Cylinder Engine Gasoline Fuel,5-Speed A/T,White,Black,None reported,Yes,20000.0,16,4058.823529411765,0,0,1176.4705882352941
Dodge,Ram 2500 Laramie Quad Cab,2004,148000,Diesel,250.0HP 5.9L Straight 6 Cylinder Engine Diesel Fuel,4-Speed A/T,Black,Beige,None reported,Yes,19000.0,22,6434.782608695652,0,0,826.0869565217391
BMW,650 i,2006,122141,Gasoline,360.0HP 4.8L 8 Cylinder Engine Gasoline Fuel,6-Speed M/T,Silver,Black,None reported,Yes,10500.0,20,5816.238095238095,1,0,500.0
Subaru,Impreza WRX,2012,106000,Gasoline,265.0HP 2.5L 4 Cylinder Engine Gasoline Fuel,M/T,Black,Black,None reported,Yes,15000.0,14,7066.666666666667,0,0,1000.0
Ford,Edge Titanium,2017,113294,Gasoline,245.0HP 2.0L 4 Cylinder Engine Gasoline Fuel,6-Speed A/T,Gray,Black,At least 1 accident or damage reported,Yes,16500.0,9,11329.4,0,1,1650.0
Kia,Telluride SX,2021,24423,Gasoline,3.8L V6 24V GDI DOHC,8-Speed Automatic,Black,Black,None reported,Unknown,44315.0,5,4070.5,0,0,7385.833333333333
Tesla,Model S Long Range,2022,28000,Gasoline,670.0HP Electric Motor Electric Fuel System,1-Speed A/T,Gray,White,None reported,Yes,68750.0,4,5600.0,1,0,13750.0
RAM,1500 Rebel,2018,54800,Gasoline,395.0HP 5.7L 8 Cylinder Engine Gasoline Fuel,A/T,White,Black,At least 1 accident or damage reported,Yes,37050.0,8,6088.888888888889,0,1,4116.666666666667
Ford,Explorer XLT,2017,161000,Gasoline,290.0HP 3.5L V6 Cylinder Engine Gasoline Fuel,6-Speed A/T,Gray,Black,None reported,Yes,17500.0,9,16100.0,0,0,1750.0
Mercedes-Benz,AMG GLE 43 4MATIC Coupe,2019,28755,Gasoline,385.0HP 3.0L V6 Cylinder Engine Gasoline Fuel,9-Speed A/T,Black,Black,None reported,Yes,61350.0,7,3594.375,1,0,7668.75
Audi,Q5 2.0T Premium Plus,2016,52105,E85 Flex Fuel,220.0HP 2.0L 4 Cylinder Engine Flex Fuel Capability,A/T,White,Beige,At least 1 accident or damage reported,Yes,20499.0,10,4736.818181818182,1,1,1863.5454545454545
Nissan,Armada Platinum,2018,119950,Gasoline,390.0HP 5.6L 8 Cylinder Engine Gasoline Fuel,Transmission w/Dual Shift Mode,Black,Black,None reported,Yes,20999.0,8,13327.777777777777,0,0,2333.222222222222
Mercedes-Benz,SL-Class SL500 Roadster,2003,80081,Gasoline,302.0HP 5.0L 8 Cylinder Engine Gasoline Fuel,5-Speed A/T,White,Beige,None reported,Yes,12500.0,23,3336.7083333333335,1,0,520.8333333333334
Bentley,Bentayga V8,2021,24500,Gasoline,542.0HP 4.0L 8 Cylinder Engine Gasoline Fuel,8-Speed A/T,White,White,None reported,Yes,165000.0,5,4083.3333333333335,0,0,27500.0
Jeep,Gladiator Overland,2021,4100,Gasoline,285.0HP 3.6L V6 Cylinder Engine Gasoline Fuel,A/T,Black,Black,None reported,Yes,55000.0,5,683.3333333333334,0,0,9166.666666666666
BMW,M2 CS,2020,9670,Gasoline,444.0HP 3.0L Straight 6 Cylinder Engine Gasoline Fuel,Transmission w/Dual Shift Mode,Blue,Black,None reported,Yes,103500.0,6,1381.4285714285713,1,0,14785.714285714286
Dodge,Charger SE,2017,63250,Gasoline,292.0HP 3.6L V6 Cylinder Engine Gasoline Fuel,A/T,Red,Black,None reported,Yes,18650.0,9,6325.0,0,0,1865.0
Lincoln,MKX Black Label,2017,69431,Gasoline,335.0HP 2.7L V6 Cylinder Engine Gasoline Fuel,6-Speed A/T,Silver,Black,None reported,Yes,26500.0,9,6943.1,0,0,2650.0
Toyota,Tundra SR5,2015,108044,Gasoline,5.7L V8 32V MPFI DOHC,6-Speed Automatic,Black,–,None reported,Yes,31380.0,11,9003.666666666666,0,0,2615.0
BMW,335 i,2008,98000,Gasoline,300.0HP 3.0L Straight 6 Cylinder Engine Gasoline Fuel,Transmission w/Dual Shift Mode,Black,Brown,None reported,Yes,13998.0,18,5157.894736842105,1,0,736.7368421052631
BMW,X1 xDrive28i,2019,52253,Gasoline,228.0HP 2.0L 4 Cylinder Engine Gasoline Fuel,Transmission w/Dual Shift Mode,White,Black,None reported,Yes,34500.0,7,6531.625,1,0,4312.5
Ford,F-350 Platinum,2022,23850,Diesel,475.0HP 6.7L 8 Cylinder Engine Diesel Fuel,10-Speed A/T,Silver,Black,None reported,Yes,99750.0,4,4770.0,0,0,19950.0
Mercedes-Benz,Sprinter High Roof,2015,1500,Diesel,188.0HP 3.0L V6 Cylinder Engine Diesel Fuel,A/T,White,Gray,None reported,Yes,39500.0,11,125.0,1,0,3291.6666666666665
Dodge,Challenger GT,2021,40000,Gasoline,303.0HP 3.6L V6 Cylinder Engine Gasoline Fuel,A/T,Black,Black,None reported,Yes,32500.0,5,6666.666666666667,0,0,5416.666666666667
Audi,S4 3.0 Prestige,2012,38718,Gasoline,333.0HP 3.0L V6 Cylinder Engine Gasoline Fuel,7-Speed A/T,Black,Black,None reported,Yes,31000.0,14,2581.2,1,0,2066.6666666666665
Toyota,Tacoma TRD Sport,2018,84184,Gasoline,3.5 Liter,Automatic,Magnetic Gray Metallic,Graphite w/Gun Metal,None reported,Unknown,35998.0,8,9353.777777777777,0,0,3999.777777777778
Mercedes-Benz,Sprinter 2500 Standard Roof,2021,13344,Diesel,188.0HP 3.0L V6 Cylinder Engine Diesel Fuel,7-Speed A/T,Red,Black,None reported,Yes,56500.0,5,2224.0,1,0,9416.666666666666
INFINITI,Q50 3.0t Red Sport 400,2018,51850,Gasoline,400.0HP 3.0L V6 Cylinder Engine Gasoline Fuel,Transmission w/Dual Shift Mode,Black,Black,None reported,Yes,28900.0,8,5761.111111111111,0,0,3211.1111111111113
Porsche,911 Carrera 4S,2002,119500,Gasoline,320.0HP 3.6L Flat 6 Cylinder Engine Gasoline Fuel,6-Speed M/T,Black,Black,At least 1 accident or damage reported,Yes,36995.0,24,4780.0,1,1,1479.8
Ford,Expedition Max Limited,2021,30918,Gasoline,375.0HP 3.5L V6 Cylinder Engine Gasoline Fuel,10-Speed A/T,White,Beige,None reported,Yes,51999.0,5,5153.0,0,0,8666.5
Chevrolet,Corvette Stingray w/3LT,2023,1100,Gasoline,490.0HP 6.2L 8 Cylinder Engine Gasoline Fuel,8-Speed A/T,Gray,Beige,None reported,Yes,92000.0,3,275.0,0,0,23000.0
Mercedes-Benz,C-Class C 300,2019,40000,Gasoline,255.0HP 2.0L 4 Cylinder Engine Gasoline Fuel,A/T,Blue,Black,None reported,Yes,27900.0,7,5000.0,1,0,3487.5
Jeep,Grand Cherokee Limited,2005,100500,Gasoline,325.0HP 5.7L 8 Cylinder Engine Gasoline Fuel,A/T,Black,Gray,None reported,Yes,9998.0,21,4568.181818181818,0,0,454.45454545454544
Dodge,Charger SRT Hellcat,2020,54320,Gasoline,707.0HP 6.2L 8 Cylinder Engine Gasoline Fuel,8-Speed A/T,Gray,Black,At least 1 accident or damage reported,Yes,67000.0,6,7760.0,0,1,9571.42857142857
Mercedes-Benz,C-Class C 300 4MATIC,2018,49000,Gasoline,241.0HP 2.0L 4 Cylinder Engine Gasoline Fuel,A/T,Black,Black,None reported,Yes,23450.0,8,5444.444444444444,1,0,2605.5555555555557
Porsche,911 Carrera S,2020,28000,Gasoline,443.0HP 3.0L Flat 6 Cylinder Engine Gasoline Fuel,8-Speed A/T,Gray,Black,None reported,Yes,134999.0,6,4000.0,1,0,19285.571428571428
Porsche,911 GT3,2022,1750,Gasoline,502.0HP 4.0L Flat 6 Cylinder Engine Gasoline Fuel,7-Speed A/T,White,Black,None reported,Yes,275000.0,4,350.0,1,0,55000.0
Cadillac,DTS Luxury,2007,130000,Gasoline,275.0HP 4.6L 8 Cylinder Engine Gasoline Fuel,A/T,Gold,Beige,At least 1 accident or damage reported,Yes,3499.0,19,6500.0,0,1,174.95
Maserati,Grecale Modena,2023,3721,Gasoline,2.0L I4 16V GDI DOHC Turbo,8-Speed Automatic,White,Red,None reported,Yes,69645.0,3,930.25,0,0,17411.25
Mercedes-Benz,S-Class S 550,2016,78101,Gasoline,449.0HP 4.7L 8 Cylinder Engine Gasoline Fuel,7-Speed A/T,Black,Black,None reported,Yes,34500.0,10,7100.090909090909,1,0,3136.3636363636365
Chevrolet,Malibu 1LT,2017,54000,Gasoline,160.0HP 1.5L 4 Cylinder Engine Gasoline Fuel,A/T,Gray,Gray,At least 1 accident or damage reported,Yes,16000.0,9,5400.0,0,1,1600.0
Nissan,Quest SL,2011,185000,Gasoline,260.0HP 3.5L V6 Cylinder Engine Gasoline Fuel,A/T,White,Gray,At least 1 accident or damage reported,Yes,7500.0,15,11562.5,0,1,468.75
Mercedes-Benz,SLK-Class SLK 250,2015,49000,Gasoline,201.0HP 1.8L 4 Cylinder Engine Gasoline Fuel,7-Speed A/T,Blue,Beige,None reported,Yes,23500.0,11,4083.3333333333335,1,0,1958.3333333333333
GMC,Sierra 2500 Denali,2024,2043,Gasoline,401.0HP 6.6L 8 Cylinder Engine Gasoline Fuel,10-Speed A/T,White,Black,None reported,Yes,81500.0,2,681.0,0,0,27166.666666666668
Lexus,RX 350 Base,2016,71750,Gasoline,295.0HP 3.5L V6 Cylinder Engine Gasoline Fuel,8-Speed A/T,Black,Brown,None reported,Yes,28000.0,10,6522.727272727273,1,0,2545.4545454545455
Chevrolet,Corvette Stingray w/3LT,2020,5194,Gasoline,6.2L V8 16V GDI OHV,8-Speed Automatic with Auto-Shift,Arctic White,Tension,None reported,Unknown,87500.0,6,742.0,0,0,12500.0
BMW,330 i,2019,42200,Gasoline,255.0HP 2.0L 4 Cylinder Engine Gasoline Fuel,8-Speed A/T,White,Black,None reported,Yes,27500.0,7,5275.0,1,0,3437.5
Mercedes-Benz,GLC 300 Base,2020,42717,Gasoline,255.0HP 2.0L 4 Cylinder Engine Gasoline Fuel,A/T,Gold,Beige,None reported,Yes,33500.0,6,6102.428571428572,1,0,4785.714285714285
Tesla,Model S 75D,2016,102260,Gasoline,518.0HP Electric Motor Electric Fuel System,1-Speed A/T,White,Black,None reported,Yes,31300.0,10,9296.363636363636,1,0,2845.4545454545455
Chevrolet,Corvette Stingray w/2LT,2022,11089,Gasoline,6.2L V8 16V GDI OHV,8-Speed Manual,Silver Flare Metallic,Adrenaline Red,None reported,Unknown,80900.0,4,2217.8,0,0,16180.0
Jaguar,XF 25t Prestige,2018,37777,Gasoline,247.0HP 2.0L 4 Cylinder Engine Gasoline Fuel,Transmission w/Dual Shift Mode,Black,Black,None reported,Yes,32500.0,8,4197.444444444444,1,0,3611.1111111111113
Ford,F-150 XLT,2021,35921,Gasoline,2.7L V6 24V PDI DOHC Twin Turbo,10-Speed Automatic,Antimatter Blue Metallic,Black,None reported,Unknown,42995.0,5,5986.833333333333,0,0,7165.833333333333
Ford,Bronco Outer Banks,2023,1800,Gasoline,275.0HP 2.3L 4 Cylinder Engine Gasoline Fuel,10-Speed A/T,Gray,Blue,Unknown,Unknown,54900.0,3,450.0,0,1,13725.0
Scion,FR-S Monogram,2014,163019,Gasoline,200.0HP 2.0L 4 Cylinder Engine Gasoline Fuel,6-Speed M/T,Black,Black,At least 1 accident or damage reported,Yes,8900.0,12,12539.923076923076,0,1,684.6153846153846
Mercedes-Benz,C-Class C 300 4MATIC,2020,14220,Gasoline,255.0HP 2.0L 4 Cylinder Engine Gasoline Fuel,9-Speed A/T,Blue,Beige,None reported,Yes,35500.0,6,2031.4285714285713,1,0,5071.428571428572
Chevrolet,Tahoe Premier,2019,48879,Gasoline,5.3L V8 16V GDI OHV,Automatic,Silver Ice Metallic,Jet Black,None reported,Unknown,49573.0,7,6109.875,0,0,6196.625
BMW,M3 Base,2002,117200,Gasoline,333.0HP 3.2L Straight 6 Cylinder Engine Gasoline Fuel,6-Speed A/T,Black,Black,None reported,Yes,15000.0,24,4688.0,1,0,600.0
Ford,F-150 Lariat,2016,25000,E85 Flex Fuel,385.0HP 5.0L 8 Cylinder Engine Flex Fuel Capability,6-Speed A/T,Gray,Black,None reported,Yes,65000.0,10,2272.7272727272725,0,0,5909.090909090909
BMW,i3 Base w/Range Extender,2014,74500,Gasoline,170.0HP 0.65L Electric Motor Electric Fuel System,A/T,White,Gray,None reported,Yes,11499.0,12,5730.7692307692305,1,0,884.5384615384615
INFINITI,G37 Journey,2013,33300,Gasoline,328.0HP 3.7L V6 Cylinder Engine Gasoline Fuel,A/T,Gray,Black,None reported,Yes,21990.0,13,2378.5714285714284,0,0,1570.7142857142858
Ford,Expedition XLT,2007,123921,Gasoline,300.0HP 5.4L 8 Cylinder Engine Gasoline Fuel,6-Speed A/T,White,Beige,None reported,Yes,6900.0,19,6196.05,0,0,345.0
BMW,X3 sDrive30i,2021,12800,Gasoline,248.0HP 2.0L 4 Cylinder Engine Gasoline Fuel,A/T,Blue,Blue,None reported,Yes,39990.0,5,2133.3333333333335,1,0,6665.0
Aston,Martin Vantage GT Base,2015,21100,Gasoline,430.0HP 4.7L 8 Cylinder Engine Gasoline Fuel,6-Speed M/T,Black,Black,None reported,Yes,80000.0,11,1758.3333333333333,0,0,6666.666666666667
Chevrolet,Tahoe LT,2009,104733,E85 Flex Fuel,320.0HP 5.3L 8 Cylinder Engine Flex Fuel Capability,6-Speed A/T,Black,Black,None reported,Yes,15000.0,17,5818.5,0,0,833.3333333333334
Ford,Transit-250 Base,2020,53000,Gasoline,310.0HP 3.5L V6 Cylinder Engine Gasoline Fuel,A/T,White,Black,At least 1 accident or damage reported,Yes,38500.0,6,7571.428571428572,0,1,5500.0
Lexus,ES 250 Base,2021,17570,Gasoline,2.5 Liter,Automatic,Emin White,Black,None reported,Unknown,39998.0,5,2928.3333333333335,1,0,6666.333333333333
RAM,1500 Rebel,2020,63875,Hybrid,395.0HP 5.7L 8 Cylinder Engine Gasoline/Mild Electric Hybrid,8-Speed A/T,Gray,Black,At least 1 accident or damage reported,Yes,41900.0,6,9125.0,0,1,5985.714285714285
Ford,Maverick XL,2023,12500,Hybrid,191.0HP 2.5L 4 Cylinder Engine Gas/Electric Hybrid,A/T,Silver,Black,None reported,Yes,29999.0,3,3125.0,0,0,7499.75
BMW,Z3 3.0i Roadster,2001,103990,Gasoline,225.0HP 3.0L Straight 6 Cylinder Engine Gasoline Fuel,5-Speed M/T,Black,Beige,None reported,Yes,10500.0,25,3999.6153846153848,1,0,403.84615384615387
Chevrolet,Camaro 1SS,2022,7000,Gasoline,455.0HP 6.2L 8 Cylinder Engine Gasoline Fuel,6-Speed M/T,Blue,Black,None reported,Yes,50000.0,4,1400.0,0,0,10000.0
Chevrolet,Corvette Stingray w/3LT,2023,9000,Gasoline,490.0HP 6.2L 8 Cylinder Engine Gasoline Fuel,8-Speed A/T,Blue,Black,None reported,Yes,92000.0,3,2250.0,0,0,23000.0
Pontiac,Solstice GXP,2007,7800,Gasoline,260.0HP 2.0L 4 Cylinder Engine Gasoline Fuel,5-Speed A/T,Silver,Black,None reported,Yes,19000.0,19,390.0,0,0,950.0
Cadillac,XTS Luxury,2017,69289,Gasoline,304.0HP 3.6L V6 Cylinder Engine Gasoline Fuel,6-Speed A/T,Gray,Black,At least 1 accident or damage reported,Yes,20997.0,9,6928.9,0,1,2099.7
Toyota,Highlander Limited,2011,106000,Gasoline,270.0HP 3.5L V6 Cylinder Engine Gasoline Fuel,5-Speed A/T,White,Gray,At least 1 accident or damage reported,Yes,16600.0,15,6625.0,0,1,1037.5
Lincoln,Navigator Reserve,2020,68000,Gasoline,450.0HP 3.5L V6 Cylinder Engine Gasoline Fuel,10-Speed A/T,Black,Gray,At least 1 accident or damage reported,Yes,55999.0,6,9714.285714285714,0,1,7999.857142857143
Toyota,Highlander Hybrid Limited Platinum,2019,13828,Hybrid,306.0HP 3.5L V6 Cylinder Engine Gas/Electric Hybrid,CVT Transmission,Blue,Black,None reported,Yes,43000.0,7,1728.5,0,0,5375.0
Audi,A3 2.0T Tech Premium,2018,39600,Gasoline,220.0HP 2.0L 4 Cylinder Engine Gasoline Fuel,Transmission w/Dual Shift Mode,White,Black,None reported,Yes,26999.0,8,4400.0,1,0,2999.8888888888887
Jeep,Wrangler SE,2003,92000,Gasoline,150.0HP 2.4L 4 Cylinder Engine Gasoline Fuel,M/T,Gold,Black,None reported,Yes,12500.0,23,3833.3333333333335,0,0,520.8333333333334
Toyota,Tacoma SR,2022,5020,Gasoline,278.0HP 3.5L V6 Cylinder Engine Gasoline Fuel,A/T,Black,Gray,None reported,Yes,36500.0,4,1004.0,0,0,7300.0
Chevrolet,Trailblazer SS,2007,107800,Gasoline,395.0HP 6.0L 8 Cylinder Engine Gasoline Fuel,A/T,Black,Black,At least 1 accident or damage reported,Yes,15000.0,19,5390.0,0,1,750.0
Audi,A5 2.0T Premium Plus,2019,23827,Gasoline,248.0HP 2.0L 4 Cylinder Engine Gasoline Fuel,7-Speed A/T,Gray,Black,None reported,Yes,34995.0,7,2978.375,1,0,4374.375
Audi,A6 55 Premium,2020,25300,Hybrid,335.0HP 3.0L V6 Cylinder Engine Gasoline/Mild Electric Hybrid,7-Speed A/T,White,Beige,None reported,Yes,39900.0,6,3614.285714285714,1,0,5700.0
Mercedes-Benz,Sprinter 2500,2016,399000,Diesel,188.0HP 3.0L V6 Cylinder Engine Diesel Fuel,5-Speed A/T,Silver,–,At least 1 accident or damage reported,Yes,24500.0,10,36272.72727272727,1,1,2227.2727272727275
Porsche,911 Carrera,2005,46200,Gasoline,325.0HP 3.6L Flat 6 Cylinder Engine Gasoline Fuel,6-Speed M/T,Silver,Black,None reported,Yes,49999.0,21,2100.0,1,0,2272.681818181818
Chevrolet,Corvette Stingray w/2LT,2022,3158,Gasoline,490.0HP 6.2L 8 Cylinder Engine Gasoline Fuel,8-Speed A/T,Red,Red,None reported,Yes,85989.0,4,631.6,0,0,17197.8
GMC,Acadia SLE,2021,26000,Gasoline,228.0HP 2.0L 4 Cylinder Engine Gasoline Fuel,A/T,White,Black,None reported,Yes,30900.0,5,4333.333333333333,0,0,5150.0
Porsche,911 Carrera,2020,12758,Gasoline,379.0HP 3.0L Flat 6 Cylinder Engine Gasoline Fuel,8-Speed A/T,Silver,Black,None reported,Yes,107900.0,6,1822.5714285714287,1,0,15414.285714285714
Chevrolet,Corvette Base,2007,123500,Gasoline,400.0HP 6.0L 8 Cylinder Engine Gasoline Fuel,Transmission w/Dual Shift Mode,Red,Beige,At least 1 accident or damage reported,Yes,27000.0,19,6175.0,0,1,1350.0
Ford,Mustang GT Premium,2018,26840,Gasoline,460.0HP 5.0L 8 Cylinder Engine Gasoline Fuel,6-Speed M/T,White,Black,None reported,Yes,42500.0,8,2982.222222222222,0,0,4722.222222222223
Ford,Edge SEL,2021,17836,Gasoline,2.0L I4 16V GDI DOHC Turbo,8-Speed Automatic,Silver,Ebony,None reported,Yes,31933.0,5,2972.6666666666665,0,0,5322.166666666667
Cadillac,Escalade Luxury,2012,114500,E85 Flex Fuel,403.0HP 6.2L 8 Cylinder Engine Flex Fuel Capability,A/T,Black,Black,None reported,Yes,16100.0,14,7633.333333333333,0,0,1073.3333333333333
Chevrolet,Corvette Stingray w/3LT,2022,5400,Gasoline,490.0HP 6.2L 8 Cylinder Engine Gasoline Fuel,8-Speed A/T,White,Black,None reported,Yes,89900.0,4,1080.0,0,0,17980.0
Toyota,Corolla LE,2016,17500,Gasoline,132.0HP 1.8L 4 Cylinder Engine Gasoline Fuel,A/T,Red,Gray,None reported,Yes,15100.0,10,1590.909090909091,0,0,1372.7272727272727
Chevrolet,Express 2500 Work Van,2017,56000,Gasoline,285.0HP 4.8L 8 Cylinder Engine Gasoline Fuel,A/T,Blue,–,None reported,Yes,44600.0,9,5600.0,0,0,4460.0
Chevrolet,Trax LS,2020,20800,Gasoline,138.0HP 1.4L 4 Cylinder Engine Gasoline Fuel,6-Speed A/T,Black,Beige,None reported,Yes,19000.0,6,2971.4285714285716,0,0,2714.285714285714
Volkswagen,Golf Auto TSI S,2015,107543,Gasoline,170.0HP 1.8L 4 Cylinder Engine Gasoline Fuel,Transmission w/Dual Shift Mode,Black,Black,None reported,Yes,13200.0,11,8961.916666666666,0,0,1100.0
Nissan,Pathfinder Silver,2012,206000,Gasoline,266.0HP 4.0L V6 Cylinder Engine Gasoline Fuel,Transmission w/Dual Shift Mode,Black,Black,None reported,Yes,5000.0,14,13733.333333333334,0,0,333.3333333333333
Ford,F-150 Platinum,2018,37100,E85 Flex Fuel,395.0HP 5.0L 8 Cylinder Engine Flex Fuel Capability,10-Speed A/T,Black,Black,None reported,Yes,46000.0,8,4122.222222222223,0,0,5111.111111111111
Land,Rover Range Rover Velar P380 SE R-Dynamic,2019,19813,Gasoline,380.0HP 3.0L V6 Cylinder Engine Gasoline Fuel,8-Speed A/T,Silver,Beige,None reported,Yes,51900.0,7,2476.625,1,0,6487.5
Kia,Sportage LX,2010,208321,Gasoline,173.0HP 2.7L V6 Cylinder Engine Gasoline Fuel,A/T,White,Beige,None reported,Yes,3500.0,16,12254.176470588236,0,0,205.88235294117646
Lexus,LS 460 Base,2012,200000,Gasoline,380.0HP 4.6L 8 Cylinder Engine Gasoline Fuel,Transmission w/Dual Shift Mode,White,Beige,At least 1 accident or damage reported,Yes,9995.0,14,13333.333333333334,1,1,666.3333333333334
MINI,Cooper S Base,2012,66000,Gasoline,181.0HP 1.6L 4 Cylinder Engine Gasoline Fuel,6-Speed A/T,White,Black,None reported,Yes,10999.0,14,4400.0,0,0,733.2666666666667
Bentley,Bentayga Activity Edition,2018,41000,Gasoline,600.0HP 6.0L 12 Cylinder Engine Gasoline Fuel,8-Speed A/T,Gray,Gray,None reported,Yes,113000.0,8,4555.555555555556,0,0,12555.555555555555
Volvo,XC60 T6 Inscription,2019,20623,Gasoline,330.0HP 2.0L 4 Cylinder Engine Gasoline Fuel,A/T,Silver,Black,None reported,Yes,36800.0,7,2577.875,0,0,4600.0
Ford,Explorer Limited,2018,86000,Gasoline,290.0HP 3.5L V6 Cylinder Engine Gasoline Fuel,Transmission w/Dual Shift Mode,Black,Black,None reported,Yes,26900.0,8,9555.555555555555,0,0,2988.8888888888887
Porsche,Cayenne Turbo GT,2022,1766,Gasoline,4.0L,Automatic,Custom Color,Black,None reported,Unknown,209995.0,4,353.2,1,0,41999.0
Mercedes-Benz,G-Class G 550 4MATIC,2016,51354,Gasoline,416.0HP 4.0L 8 Cylinder Engine Gasoline Fuel,7-Speed A/T,Blue,Black,None reported,Yes,73000.0,10,4668.545454545455,1,0,6636.363636363636
Jeep,Wrangler Unlimited Rubicon 392,2021,38000,Gasoline,470.0HP 6.4L 8 Cylinder Engine Gasoline Fuel,Transmission w/Dual Shift Mode,Gray,Black,None reported,Yes,72980.0,5,6333.333333333333,0,0,12163.333333333334
Toyota,Avalon Hybrid XLE Premium,2015,161000,Hybrid,200.0HP 2.5L 4 Cylinder Engine Gas/Electric Hybrid,CVT Transmission,Blue,Gray,None reported,Yes,11500.0,11,13416.666666666666,0,0,958.3333333333334
Nissan,Juke SL,2012,74750,Gasoline,188.0HP 1.6L 4 Cylinder Engine Gasoline Fuel,CVT Transmission,Black,Black,None reported,Yes,12500.0,14,4983.333333333333,0,0,833.3333333333334
Porsche,911 Carrera 4,2013,67522,Gasoline,350.0HP 3.4L Flat 6 Cylinder Engine Gasoline Fuel,7-Speed A/T,Gray,Black,At least 1 accident or damage reported,Yes,59500.0,13,4823.0,1,1,4250.0
MINI,Cooper S Base,2012,152000,Gasoline,181.0HP 1.6L 4 Cylinder Engine Gasoline Fuel,6-Speed A/T,White,Black,None reported,Yes,9000.0,14,10133.333333333334,0,0,600.0
Subaru,Ascent Touring 7-Passenger,2019,71273,Gasoline,260.0HP 2.4L 4 Cylinder Engine Gasoline Fuel,CVT Transmission,Black,Brown,None reported,Yes,23900.0,7,8909.125,0,0,2987.5
Subaru,WRX STI Base,2017,37800,Gasoline,305.0HP 2.5L 4 Cylinder Engine Gasoline Fuel,6-Speed M/T,Blue,Black,None reported,Yes,32500.0,9,3780.0,0,0,3250.0
Land,Rover Range Rover Sport HSE,2019,42000,Gasoline,340.0HP 3.0L V6 Cylinder Engine Gasoline Fuel,Transmission w/Dual Shift Mode,White,Black,None reported,Yes,48990.0,7,5250.0,1,0,6123.75
Kia,Sorento Plug-In Hybrid SX Prestige,2022,10101,Plug-In Hybrid,261.0HP 1.6L 4 Cylinder Engine Plug-In Electric/Gas,6-Speed A/T,White,–,None reported,Yes,44990.0,4,2020.2,0,0,8998.0
Chevrolet,Corvette Stingray w/2LT,2022,7900,Gasoline,490.0HP 6.2L 8 Cylinder Engine Gasoline Fuel,8-Speed A/T,White,Red,None reported,Yes,92500.0,4,1580.0,0,0,18500.0
Tesla,Model 3 Performance,2020,45468,Gasoline,455.0HP Electric Motor Electric Fuel System,1-Speed A/T,Silver,White,None reported,Yes,45999.0,6,6495.428571428572,1,0,6571.285714285715
Nissan,Armada SV,2017,187141,Gasoline,390.0HP 5.6L 8 Cylinder Engine Gasoline Fuel,A/T,Black,Black,None reported,Yes,16995.0,9,18714.1,0,0,1699.5
Porsche,Cayenne Turbo S,2014,99100,Gasoline,550.0HP 4.8L 8 Cylinder Engine Gasoline Fuel,8-Speed A/T,White,Black,None reported,Yes,32000.0,12,7623.076923076923,1,0,2461.5384615384614
Subaru,Outback Touring XT,2021,33500,Gasoline,260.0HP 2.4L 4 Cylinder Engine Gasoline Fuel,CVT Transmission,Blue,Brown,None reported,Yes,34000.0,5,5583.333333333333,0,0,5666.666666666667
Acura,RLX Advance Package,2016,102665,Gasoline,310.0HP 3.5L V6 Cylinder Engine Gasoline Fuel,6-Speed A/T,Black,Black,None reported,Yes,15450.0,10,9333.181818181818,0,0,1404.5454545454545
Ford,Mustang GT,2001,52675,Gasoline,260.0HP 4.6L 8 Cylinder Engine Gasoline Fuel,5-Speed M/T,Black,Black,None reported,Yes,16995.0,25,2025.9615384615386,0,0,653.6538461538462
BMW,330 i xDrive,2017,59203,Gasoline,248.0HP 2.0L 4 Cylinder Engine Gasoline Fuel,A/T,White,–,None reported,Yes,23000.0,9,5920.3,1,0,2300.0
Mercedes-Benz,SL-Class SL550 Roadster,2009,60100,Gasoline,382.0HP 5.5L 8 Cylinder Engine Gasoline Fuel,7-Speed A/T,Black,Black,None reported,Yes,27000.0,17,3338.8888888888887,1,0,1500.0
Audi,SQ8 4.0T Premium Plus,2021,43238,Gasoline,500.0HP 4.0L 8 Cylinder Engine Gasoline Fuel,Transmission w/Dual Shift Mode,Black,Red,None reported,Yes,76400.0,5,7206.333333333333,1,0,12733.333333333334
MINI,Cooper S Base,2007,118000,Gasoline,172.0HP 1.6L 4 Cylinder Engine Gasoline Fuel,A/T,Beige,Black,None reported,Yes,3600.0,19,5900.0,0,0,180.0
Ford,Mustang EcoBoost,2021,17300,Gasoline,310.0HP 2.3L 4 Cylinder Engine Gasoline Fuel,10-Speed A/T,Yellow,Black,None reported,Yes,31000.0,5,2883.3333333333335,0,0,5166.666666666667
Audi,RS 7 4.0T Prestige,2016,64800,Gasoline,560.0HP 4.0L 8 Cylinder Engine Gasoline Fuel,8-Speed A/T,White,Brown,None reported,Yes,50000.0,10,5890.909090909091,1,0,4545.454545454545
Mercedes-Benz,GLC 300 GLC 300,2022,1408,Gasoline,2.0 Liter Turbo,Automatic,Lunar Blue Metallic,–,None reported,Unknown,46798.0,4,281.6,1,0,9359.6
Volkswagen,Touareg TDI Lux,2015,15167,Diesel,240.0HP 3.0L V6 Cylinder Engine Diesel Fuel,8-Speed A/T,Gold,Black,None reported,Yes,35000.0,11,1263.9166666666667,0,0,2916.6666666666665
Porsche,Cayenne GTS,2016,64600,Gasoline,440.0HP 3.6L V6 Cylinder Engine Gasoline Fuel,8-Speed A/T,White,Red,None reported,Yes,41000.0,10,5872.727272727273,1,0,3727.2727272727275
Jeep,Grand Wagoneer Series III,2022,31112,Gasoline,471.0HP 6.4L 8 Cylinder Engine Gasoline Fuel,8-Speed A/T,Black,Black,None reported,Yes,83000.0,4,6222.4,0,0,16600.0
Tesla,Model X 100D,2018,23250,Gasoline,518.0HP Electric Motor Electric Fuel System,1-Speed A/T,Gray,White,None reported,Yes,57000.0,8,2583.3333333333335,1,0,6333.333333333333
MINI,Cooper S Base,2011,63500,Gasoline,181.0HP 1.6L 4 Cylinder Engine Gasoline Fuel,6-Speed M/T,Silver,Black,None reported,Yes,10500.0,15,3968.75,0,0,656.25
RAM,1500 Laramie,2022,13464,Gasoline,5.7L V8 16V MPFI OHV,8-Speed Automatic,Diamond Black,Black,None reported,Unknown,46999.0,4,2692.8,0,0,9399.8
Chevrolet,Camaro Base,2001,64776,Gasoline,200.0HP 3.8L V6 Cylinder Engine Gasoline Fuel,A/T,Black,Gray,None reported,Yes,7500.0,25,2491.3846153846152,0,0,288.46153846153845
Jeep,Cherokee X,2022,9601,Gasoline,3.2L V6 24V MPFI DOHC,Automatic,Sting Gray Clearcoat,Black,None reported,Unknown,33498.0,4,1920.2,0,0,6699.6
BMW,ALPINA B7 xDrive,2013,135000,Gasoline,445.0HP 4.4L 8 Cylinder Engine Gasoline Fuel,A/T,Black,Black,At least 1 accident or damage reported,Yes,14000.0,13,9642.857142857143,1,1,1000.0
Volvo,XC90 3.2 Premier Plus,2013,208864,Gasoline,240.0HP 3.2L Straight 6 Cylinder Engine Gasoline Fuel,6-Speed A/T,White,Beige,At least 1 accident or damage reported,Yes,7500.0,13,14918.857142857143,0,1,535.7142857142857
INFINITI,Q50 3.0T Premium,2016,49872,Gasoline,300.0HP 3.0L V6 Cylinder Engine Gasoline Fuel,7-Speed A/T,Gray,Black,At least 1 accident or damage reported,Yes,21500.0,10,4533.818181818182,0,1,1954.5454545454545
MINI,Cooper Base,2009,90367,Gasoline,118.0HP 1.6L 4 Cylinder Engine Gasoline Fuel,6-Speed M/T,Red,Black,None reported,Yes,9250.0,17,5020.388888888889,0,0,513.8888888888889
Porsche,911 Carrera 4S,2014,36670,Gasoline,400.0HP 3.8L Flat 6 Cylinder Engine Gasoline Fuel,Transmission w/Dual Shift Mode,White,Black,None reported,Yes,82499.0,12,2820.769230769231,1,0,6346.076923076923
Jeep,Grand Wagoneer Base,2023,3752,Gasoline,6.4L V8 16V MPFI OHV,8-Speed Automatic,Ember Pearlcoat,Global Black,None reported,Yes,84620.0,3,938.0,0,0,21155.0
Lexus,RX 350 Base,2021,30761,Gasoline,3.5L V6 24V PDI DOHC,8-Speed Automatic,Eminent White Pearl,Black,None reported,Unknown,44950.0,5,5126.833333333333,1,0,7491.666666666667
RAM,1500 Laramie,2022,13438,Gasoline,5.7L V8 16V MPFI OHV,8-Speed Automatic,Diamond Black,Black,None reported,Unknown,46599.0,4,2687.6,0,0,9319.8
Jeep,Gladiator Overland,2020,9100,Gasoline,285.0HP 3.6L V6 Cylinder Engine Gasoline Fuel,8-Speed A/T,Red,Black,None reported,Yes,49895.0,6,1300.0,0,0,7127.857142857143
Chrysler,200 Limited,2017,100600,–,–,A/T,Black,Black,None reported,Yes,10000.0,9,10060.0,0,0,1000.0
Ford,Fusion Hybrid Base,2011,223824,Hybrid,156.0HP 2.5L 4 Cylinder Engine Gas/Electric Hybrid,A/T,White,Brown,At least 1 accident or damage reported,Yes,4500.0,15,13989.0,0,1,281.25
Audi,A6 2.0T Premium Plus,2016,96000,Gasoline,252.0HP 2.0L 4 Cylinder Engine Gasoline Fuel,8-Speed A/T,Black,Black,None reported,Yes,21990.0,10,8727.272727272728,1,0,1999.090909090909
Chevrolet,Silverado 1500 Z71 Extended Cab,2004,185000,Gasoline,295.0HP 5.3L 8 Cylinder Engine Gasoline Fuel,4-Speed A/T,Red,Gray,At least 1 accident or damage reported,Yes,10500.0,22,8043.478260869565,0,1,456.5217391304348
Porsche,Taycan Base,2021,6900,Gasoline,375.0HP Electric Motor Electric Fuel System,2-Speed A/T,White,Beige,None reported,Yes,79999.0,5,1150.0,1,0,13333.166666666666
Honda,Accord Hybrid Touring,2017,96400,Hybrid,212.0HP 2.0L 4 Cylinder Engine Gas/Electric Hybrid,CVT Transmission,White,Beige,At least 1 accident or damage reported,Yes,18500.0,9,9640.0,0,1,1850.0
RAM,2500 SLT,2018,67865,Gasoline,410.0HP 6.4L 8 Cylinder Engine Gasoline Fuel,6-Speed A/T,White,Gray,None reported,Yes,36500.0,8,7540.555555555556,0,0,4055.5555555555557
Land,Rover Range Rover Sport Supercharged,2015,64300,E85 Flex Fuel,550.0HP 5.0L 8 Cylinder Engine Flex Fuel Capability,Transmission w/Dual Shift Mode,Blue,Black,None reported,Yes,44850.0,11,5358.333333333333,1,0,3737.5
Chevrolet,Colorado ZR2,2018,76500,Gasoline,308.0HP 3.6L V6 Cylinder Engine Gasoline Fuel,8-Speed A/T,White,Black,None reported,Yes,33500.0,8,8500.0,0,0,3722.222222222222
GMC,Sierra 2500 Denali,2017,96343,Diesel,445.0HP 6.6L 8 Cylinder Engine Diesel Fuel,6-Speed A/T,Blue,Beige,At least 1 accident or damage reported,Yes,53000.0,9,9634.3,0,1,5300.0
Subaru,Crosstrek 2.0i Limited,2018,74600,Gasoline,152.0HP 2.0L 4 Cylinder Engine Gasoline Fuel,Transmission w/Dual Shift Mode,Blue,Black,None reported,Yes,24000.0,8,8288.888888888889,0,0,2666.6666666666665
Subaru,Outback 2.5i Limited,2014,157530,Gasoline,2.5L H4 16V MPFI DOHC,Automatic CVT,Twilight Blue Metallic,Black,At least 1 accident or damage reported,Yes,9995.0,12,12117.692307692309,0,1,768.8461538461538
Tesla,Model X Plaid,2022,15000,Gasoline,1020.0HP Electric Motor Electric Fuel System,A/T,White,White,None reported,Yes,95999.0,4,3000.0,1,0,19199.8
Jeep,Wrangler Unlimited Rubicon,2012,80000,Gasoline,285.0HP 3.6L V6 Cylinder Engine Gasoline Fuel,A/T,Orange,Black,None reported,Yes,30000.0,14,5333.333333333333,0,0,2000.0
Tesla,Model S 100D,2018,83424,Gasoline,518.0HP Electric Motor Electric Fuel System,1-Speed A/T,Gray,Beige,None reported,Yes,45000.0,8,9269.333333333334,1,0,5000.0
Mercedes-Benz,C-Class C 300 4MATIC,2021,19000,Gasoline,255.0HP 2.0L 4 Cylinder Engine Gasoline Fuel,A/T,Blue,Beige,None reported,Yes,37999.0,5,3166.6666666666665,1,0,6333.166666666667
Porsche,911 Carrera S,2013,64000,Gasoline,400.0HP 3.8L Flat 6 Cylinder Engine Gasoline Fuel,7-Speed A/T,Gray,Black,At least 1 accident or damage reported,Yes,67000.0,13,4571.428571428572,1,1,4785.714285714285
Mercedes-Benz,GLS 450 Base 4MATIC,2019,34068,Gasoline,362.0HP 3.0L V6 Cylinder Engine Gasoline Fuel,9-Speed A/T,White,Beige,None reported,Yes,46900.0,7,4258.5,1,0,5862.5
Buick,Envision Preferred,2021,20104,Gasoline,2.0L I4 16V GDI DOHC Turbo,9-Speed Automatic,Burnished Bronze Metallic,Ebony,None reported,Yes,33295.0,5,3350.6666666666665,0,0,5549.166666666667
Nissan,Armada Platinum,2022,8400,Gasoline,400.0HP 5.6L 8 Cylinder Engine Gasoline Fuel,7-Speed A/T,Red,Beige,None reported,Yes,59950.0,4,1680.0,0,0,11990.0
Porsche,911 Turbo,2021,11938,Gasoline,572.0HP 3.8L Flat 6 Cylinder Engine Gasoline Fuel,Transmission w/Dual Shift Mode,Black,–,Unknown,Unknown,209000.0,5,1989.6666666666667,1,1,34833.333333333336
Chevrolet,Corvette Stingray w/2LT,2021,24670,Gasoline,490.0HP 6.2L 8 Cylinder Engine Gasoline Fuel,Transmission w/Dual Shift Mode,White,Brown,None reported,Yes,72500.0,5,4111.666666666667,0,0,12083.333333333334
Ford,Mustang Shelby GT500,2013,16478,Gasoline,650.0HP 5.8L 8 Cylinder Engine Gasoline Fuel,6-Speed M/T,White,Black,None reported,Yes,66400.0,13,1177.0,0,0,4742.857142857143
Ford,F-150 XL,2018,52500,E85 Flex Fuel,395.0HP 5.0L 8 Cylinder Engine Flex Fuel Capability,A/T,Gray,Gray,None reported,Yes,35000.0,8,5833.333333333333,0,0,3888.8888888888887
Porsche,Cayenne Turbo,2004,92500,Gasoline,450.0HP 4.5L 8 Cylinder Engine Gasoline Fuel,Transmission w/Dual Shift Mode,Silver,Black,None reported,Yes,12000.0,22,4021.7391304347825,1,0,521.7391304347826
Mitsubishi,Eclipse Spyder GT,2008,62930,Gasoline,260.0HP 3.8L V6 Cylinder Engine Gasoline Fuel,A/T,Gray,Black,At least 1 accident or damage reported,Yes,10000.0,18,3312.1052631578946,0,1,526.3157894736842
Lexus,GX 470 Base,2007,116600,Gasoline,263.0HP 4.7L 8 Cylinder Engine Gasoline Fuel,5-Speed A/T,White,Gray,None reported,Yes,19975.0,19,5830.0,1,0,998.75
Dodge,Dakota Big Horn/Lone Star,2010,172024,Gasoline,210.0HP 3.7L V6 Cylinder Engine Gasoline Fuel,4-Speed A/T,Red,Brown,At least 1 accident or damage reported,Yes,7500.0,16,10119.058823529413,0,1,441.1764705882353
Jeep,Wrangler Sport,2012,57237,Gasoline,285.0HP 3.6L V6 Cylinder Engine Gasoline Fuel,A/T,Black,Black,None reported,Yes,22500.0,14,3815.8,0,0,1500.0
Subaru,Outback Limited,2020,44600,Gasoline,182.0HP 2.5L 4 Cylinder Engine Gasoline Fuel,CVT Transmission,Silver,Gray,None reported,Yes,28300.0,6,6371.428571428572,0,0,4042.8571428571427
Jeep,Wrangler Unlimited Rubicon,2013,181830,Gasoline,285.0HP 3.6L V6 Cylinder Engine Gasoline Fuel,6-Speed M/T,Black,Black,None reported,Yes,21000.0,13,12987.857142857143,0,0,1500.0
Subaru,Ascent Touring 7-Passenger,2021,39948,Gasoline,2.4L H4 16V GDI DOHC Turbo,Automatic CVT,Ice Silver Metallic,Black,None reported,Yes,36791.0,5,6658.0,0,0,6131.833333333333
Ford,F-350 XL,2017,156453,Diesel,440.0HP 6.7L 8 Cylinder Engine Diesel Fuel,6-Speed A/T,White,Beige,None reported,Yes,40000.0,9,15645.3,0,0,4000.0
Porsche,Cayenne Turbo S,2014,156193,Gasoline,550.0HP 4.8L 8 Cylinder Engine Gasoline Fuel,8-Speed A/T,Silver,Black,None reported,Yes,36000.0,12,12014.846153846154,1,0,2769.230769230769
BMW,X1 xDrive28i,2020,27989,Gasoline,228.0HP 2.0L 4 Cylinder Engine Gasoline Fuel,A/T,Gray,Black,None reported,Yes,29000.0,6,3998.4285714285716,1,0,4142.857142857143
Toyota,4Runner Limited,2014,146700,Gasoline,270.0HP 4.0L V6 Cylinder Engine Gasoline Fuel,5-Speed A/T,Blue,Black,At least 1 accident or damage reported,Yes,24999.0,12,11284.615384615385,0,1,1923.0
GMC,Yukon Denali,2019,88450,Gasoline,420.0HP 6.2L 8 Cylinder Engine Gasoline Fuel,10-Speed A/T,Black,Beige,At least 1 accident or damage reported,Yes,42900.0,7,11056.25,0,1,5362.5
Toyota,C-HR LE,2020,14065,Gasoline,2.0L I4 16V MPFI DOHC,Automatic CVT,Gray,Black,At least 1 accident or damage reported,Yes,27671.0,6,2009.2857142857142,0,1,3953.0
Subaru,Outback Limited XT,2020,36844,Gasoline,2.4L H4 16V GDI DOHC Turbo,Automatic CVT,Magnetite Gray Metallic,Black,At least 1 accident or damage reported,Unknown,30427.0,6,5263.428571428572,0,1,4346.714285714285
Chevrolet,Silverado 1500 LT Trail Boss,2020,49000,Gasoline,355.0HP 5.3L 8 Cylinder Engine Gasoline Fuel,A/T,White,Black,None reported,Yes,44900.0,6,7000.0,0,0,6414.285714285715
BMW,X5 xDrive50i,2013,58000,Gasoline,400.0HP 4.4L 8 Cylinder Engine Gasoline Fuel,8-Speed A/T,White,Black,None reported,Yes,17900.0,13,4142.857142857143,1,0,1278.5714285714287
Audi,A6 55 Prestige,2021,22800,Hybrid,335.0HP 3.0L V6 Cylinder Engine Gasoline/Mild Electric Hybrid,A/T,Blue,Brown,None reported,Yes,52000.0,5,3800.0,1,0,8666.666666666666
Subaru,Outback 2.5i Limited,2014,78007,Gasoline,173.0HP 2.5L 4 Cylinder Engine Gasoline Fuel,A/T,Blue,Black,None reported,Yes,14750.0,12,6000.538461538462,0,0,1134.6153846153845
Ford,F-250 King Ranch,2020,36500,Diesel,475.0HP 6.7L 8 Cylinder Engine Diesel Fuel,10-Speed A/T,Gray,Brown,None reported,Yes,69900.0,6,5214.285714285715,0,0,9985.714285714286
Honda,CR-V EX,2004,156350,Gasoline,160.0HP 2.4L 4 Cylinder Engine Gasoline Fuel,A/T,Brown,Beige,At least 1 accident or damage reported,Yes,3990.0,22,6797.826086956522,0,1,173.47826086956522
Lexus,GX 460 Luxury,2021,17710,Gasoline,301.0HP 4.6L 8 Cylinder Engine Gasoline Fuel,A/T,White,Red,None reported,Yes,59000.0,5,2951.6666666666665,1,0,9833.333333333334
Ford,Explorer XLT,2013,149000,Gasoline,290.0HP 3.5L V6 Cylinder Engine Gasoline Fuel,A/T,Brown,Beige,At least 1 accident or damage reported,Yes,7850.0,13,10642.857142857143,0,1,560.7142857142857
Subaru,Forester 2.5i Limited,2015,90000,Gasoline,170.0HP 2.5L 4 Cylinder Engine Gasoline Fuel,CVT Transmission,Silver,Gray,None reported,Yes,16000.0,11,7500.0,0,0,1333.3333333333333
Ford,Bronco Wildtrak Advanced,2022,9990,Gasoline,315.0HP 2.7L V6 Cylinder Engine Gasoline Fuel,Transmission w/Dual Shift Mode,Silver,Black,None reported,Yes,64500.0,4,1998.0,0,0,12900.0
Mercedes-Benz,A-Class A 220 4MATIC,2019,28663,Gasoline,2.0L I4 16V GDI DOHC Turbo,7-Speed Automatic with Auto-Shift,Jupiter Red,Black,None reported,Unknown,29500.0,7,3582.875,1,0,3687.5
Lexus,NX 200t Base,2015,124250,Gasoline,235.0HP 2.0L 4 Cylinder Engine Gasoline Fuel,A/T,Gray,Orange,At least 1 accident or damage reported,Yes,17900.0,11,10354.166666666666,1,1,1491.6666666666667
Ford,F-250 Lariat,2017,50780,Diesel,440.0HP 6.7L 8 Cylinder Engine Diesel Fuel,6-Speed A/T,White,Black,None reported,Yes,61000.0,9,5078.0,0,0,6100.0
Porsche,911 Carrera C4S,2006,65000,Gasoline,355.0HP 3.8L Flat 6 Cylinder Engine Gasoline Fuel,6-Speed M/T,Blue,Gray,Unknown,Unknown,43000.0,20,3095.2380952380954,1,1,2047.6190476190477
Tesla,Model 3 Long Range,2022,22457,Gasoline,Electric,Automatic,Midnight Silver Metallic,Black,None reported,Unknown,40036.0,4,4491.4,1,0,8007.2
Toyota,Camry XSE,2022,19361,Gasoline,3.5 Liter,Automatic,Red,Black,None reported,Unknown,38298.0,4,3872.2,0,0,7659.6
BMW,i3 94 Ah,2017,43000,Gasoline,170.0HP 0.65L Electric Motor Electric Fuel System,1-Speed A/T,Black,–,None reported,Yes,16500.0,9,4300.0,1,0,1650.0
Ford,F-250 XL SuperCab H/D,1993,115000,–,–,A/T,Red,Gray,None reported,Yes,21900.0,33,3382.3529411764707,0,0,644.1176470588235
Porsche,Taycan Turbo,2020,2076,Gasoline,Electric,Automatic,Gray,Red,None reported,Unknown,115998.0,6,296.57142857142856,1,0,16571.14285714286
Porsche,911 GT3,2018,9712,Gasoline,4.0L H6 24V GDI DOHC,7-Speed Automatic with Auto-Shift,Red,Black,None reported,Unknown,188900.0,8,1079.111111111111,1,0,20988.88888888889
Mercedes-Benz,E-Class E55 AMG,2005,131000,Gasoline,469.0HP 5.4L 8 Cylinder Engine Gasoline Fuel,5-Speed A/T,Gray,Black,None reported,Yes,16500.0,21,5954.545454545455,1,0,750.0
Toyota,Highlander XLE,2022,31000,Gasoline,295.0HP 3.5L V6 Cylinder Engine Gasoline Fuel,Transmission w/Dual Shift Mode,Gray,Gray,None reported,Yes,43000.0,4,6200.0,0,0,8600.0
Volvo,S60 Recharge Plug-In Hybrid T8 Inscription,2021,24158,Plug-In Hybrid,400.0HP 2.0L 4 Cylinder Engine Plug-In Electric/Gas,8-Speed A/T,Gray,Black,None reported,Yes,44900.0,5,4026.3333333333335,0,0,7483.333333333333
Audi,A6 3.0T Premium Plus,2016,72865,Gasoline,333.0HP 3.0L V6 Cylinder Engine Gasoline Fuel,A/T,Black,Black,At least 1 accident or damage reported,Yes,22000.0,10,6624.090909090909,1,1,2000.0
Mercedes-Benz,E-Class E 350 4MATIC,2014,89563,Gasoline,302.0HP 3.5L V6 Cylinder Engine Gasoline Fuel,7-Speed A/T,Blue,Black,None reported,Yes,18995.0,12,6889.461538461538,1,0,1461.1538461538462
Nissan,Juke SL,2012,72639,Gasoline,188.0HP 1.6L 4 Cylinder Engine Gasoline Fuel,CVT Transmission,Black,Black,At least 1 accident or damage reported,Yes,15000.0,14,4842.6,0,1,1000.0
Mercedes-Benz,CLS-Class CLS 550,2012,79000,Gasoline,402.0HP 4.6L 8 Cylinder Engine Gasoline Fuel,7-Speed A/T,Black,Black,None reported,Yes,19999.0,14,5266.666666666667,1,0,1333.2666666666667
Audi,A3 2.0T Premium,2012,111564,Gasoline,200.0HP 2.0L 4 Cylinder Engine Gasoline Fuel,6-Speed A/T,White,Black,None reported,Yes,11200.0,14,7437.6,1,0,746.6666666666666
Lexus,GX 460 Base,2018,75000,Gasoline,301.0HP 4.6L 8 Cylinder Engine Gasoline Fuel,6-Speed A/T,White,Beige,At least 1 accident or damage reported,Yes,38095.0,8,8333.333333333334,1,1,4232.777777777777
Ford,Mustang Premium,2007,169613,Gasoline,210.0HP 4.0L V6 Cylinder Engine Gasoline Fuel,A/T,Black,Black,At least 1 accident or damage reported,Yes,5900.0,19,8480.65,0,1,295.0
Honda,Pilot EX-L,2011,175000,Gasoline,250.0HP 3.5L V6 Cylinder Engine Gasoline Fuel,5-Speed A/T,Black,Gray,None reported,Yes,9000.0,15,10937.5,0,0,562.5
BMW,540 i,2017,98500,Gasoline,335.0HP 3.0L Straight 6 Cylinder Engine Gasoline Fuel,8-Speed A/T,Black,Black,None reported,Yes,24500.0,9,9850.0,1,0,2450.0
Chrysler,300 S,2012,53000,Gasoline,292.0HP 3.6L V6 Cylinder Engine Gasoline Fuel,Transmission w/Dual Shift Mode,Black,Black,At least 1 accident or damage reported,Yes,13750.0,14,3533.3333333333335,0,1,916.6666666666666
RAM,2500 Longhorn,2015,72200,Diesel,370.0HP 6.7L Straight 6 Cylinder Engine Diesel Fuel,6-Speed A/T,Black,Black,None reported,Yes,52500.0,11,6016.666666666667,0,0,4375.0
Acura,TSX Base,2005,151600,Gasoline,200.0HP 2.4L 4 Cylinder Engine Gasoline Fuel,6-Speed M/T,Black,Black,None reported,Yes,7899.0,21,6890.909090909091,0,0,359.04545454545456
Lotus,Evora 2+2,2011,20000,Gasoline,276.0HP 3.5L V6 Cylinder Engine Gasoline Fuel,6-Speed M/T,White,Red,None reported,Yes,51000.0,15,1250.0,0,0,3187.5
Chevrolet,Avalanche 1500 LT,2010,170000,E85 Flex Fuel,320.0HP 5.3L 8 Cylinder Engine Flex Fuel Capability,A/T,Black,Black,At least 1 accident or damage reported,Yes,9000.0,16,10000.0,0,1,529.4117647058823
Ford,F-150 XLT,2019,69800,E85 Flex Fuel,395.0HP 5.0L 8 Cylinder Engine Flex Fuel Capability,10-Speed A/T,Silver,Gray,None reported,Yes,34600.0,7,8725.0,0,0,4325.0
Toyota,Tundra SR5,2020,26300,Gasoline,381.0HP 5.7L 8 Cylinder Engine Gasoline Fuel,6-Speed A/T,Gray,Gray,At least 1 accident or damage reported,Yes,46199.0,6,3757.1428571428573,0,1,6599.857142857143
Honda,Fit Sport,2007,156111,Gasoline,109.0HP 1.5L 4 Cylinder Engine Gasoline Fuel,Transmission w/Dual Shift Mode,Red,Black,At least 1 accident or damage reported,Yes,5200.0,19,7805.55,0,1,260.0
Chevrolet,Silverado 2500 LTZ,2016,172600,Diesel,397.0HP 6.6L 8 Cylinder Engine Diesel Fuel,A/T,Red,Black,At least 1 accident or damage reported,Yes,32500.0,10,15690.90909090909,0,1,2954.5454545454545
Honda,Accord Crosstour EX-L,2010,145000,Gasoline,271.0HP 3.5L V6 Cylinder Engine Gasoline Fuel,A/T,Green,Black,None reported,Yes,9000.0,16,8529.411764705883,0,0,529.4117647058823
Ford,F-250 XLT Super Duty,2001,64309,Gasoline,260.0HP 5.4L 8 Cylinder Engine Gasoline Fuel,A/T,White,Gray,None reported,Yes,7500.0,25,2473.423076923077,0,0,288.46153846153845
RAM,1500 TRX,2021,15183,Gasoline,702.0HP 6.2L 8 Cylinder Engine Gasoline Fuel,8-Speed A/T,Black,Black,None reported,Yes,90000.0,5,2530.5,0,0,15000.0
Buick,Envision Essence,2020,28548,Gasoline,2.5L I4 16V GDI DOHC,6-Speed Automatic,Ebony Twilight Metallic,Ebony,None reported,Unknown,32063.0,6,4078.285714285714,0,0,4580.428571428572
Volkswagen,Atlas 3.6L SEL Premium R-Line,2022,14000,Gasoline,276.0HP 3.6L V6 Cylinder Engine Gasoline Fuel,8-Speed A/T,Gray,Black,None reported,Yes,46900.0,4,2800.0,0,0,9380.0
Mercedes-Benz,CLS 450 Base,2019,67000,Hybrid,369.0HP 3.0L Straight 6 Cylinder Engine Gasoline/Mild Electric Hybrid,Transmission w/Dual Shift Mode,Yellow,Black,None reported,Yes,44500.0,7,8375.0,1,0,5562.5
Jeep,Wrangler Unlimited Sport,2017,84786,Gasoline,285.0HP 3.6L V6 Cylinder Engine Gasoline Fuel,5-Speed A/T,Gray,Black,None reported,Yes,23500.0,9,8478.6,0,0,2350.0
Mercedes-Benz,S-Class S 63 AMG,2008,93000,Gasoline,518.0HP 6.2L 8 Cylinder Engine Gasoline Fuel,A/T,Black,Black,None reported,Yes,17800.0,18,4894.736842105263,1,0,936.8421052631579
Hyundai,Genesis Coupe 3.8 Track,2010,127500,Gasoline,306.0HP 3.8L V6 Cylinder Engine Gasoline Fuel,6-Speed M/T,Blue,Black,At least 1 accident or damage reported,Yes,6000.0,16,7500.0,0,1,352.94117647058823
Ford,Mustang Mach-E GT,2022,8000,Gasoline,480.0HP Electric Motor Electric Fuel System,1-Speed A/T,Blue,Black,None reported,Yes,60999.0,4,1600.0,0,0,12199.8
GMC,Canyon Elevation Standard,2022,16500,Gasoline,308.0HP 3.6L V6 Cylinder Engine Gasoline Fuel,8-Speed A/T,Gray,Gray,None reported,Yes,32900.0,4,3300.0,0,0,6580.0
Jaguar,XK Base,2013,55700,Gasoline,385.0HP 5.0L 8 Cylinder Engine Gasoline Fuel,6-Speed A/T,Black,Black,None reported,Yes,27200.0,13,3978.5714285714284,1,0,1942.857142857143
Ford,F-250 LARIAT,2021,42245,Diesel,Intercooled Turbo Diesel V-8 6.7 L/406,Automatic,Agate Black Metallic,Black,None reported,Unknown,76598.0,5,7040.833333333333,0,0,12766.333333333334
Toyota,RAV4 Base,2009,78500,Gasoline,179.0HP 2.5L 4 Cylinder Engine Gasoline Fuel,4-Speed A/T,Silver,–,None reported,Yes,12000.0,17,4361.111111111111,0,0,666.6666666666666
Ford,Expedition Platinum,2018,48619,Gasoline,400.0HP 3.5L V6 Cylinder Engine Gasoline Fuel,10-Speed A/T,Gray,White,None reported,Yes,51499.0,8,5402.111111111111,0,0,5722.111111111111
Jeep,Wrangler Unlimited 4xe Sahara,2021,51105,Hybrid,2.0L I4 16V GDI DOHC Turbo Hybrid,8-Speed Automatic,Black Clearcoat,Black,None reported,Yes,42700.0,5,8517.5,0,0,7116.666666666667
Ford,F-150 XLT,2016,25880,E85 Flex Fuel,282.0HP 3.5L V6 Cylinder Engine Flex Fuel Capability,6-Speed A/T,Red,Gray,None reported,Yes,25500.0,10,2352.7272727272725,0,0,2318.181818181818
Tesla,Model S Plaid,2021,20100,Gasoline,1020.0HP Electric Motor Electric Fuel System,A/T,Red,Black,None reported,Yes,69995.0,5,3350.0,1,0,11665.833333333334
Toyota,Tacoma SR5,2018,25083,Gasoline,3.5L V6 24V PDI DOHC,6-Speed Automatic,Red,Gray,At least 1 accident or damage reported,Yes,34955.0,8,2787.0,0,1,3883.8888888888887
Audi,TT Roadster quattro,2002,69300,Gasoline,225.0HP 1.8L 4 Cylinder Engine Gasoline Fuel,6-Speed M/T,Gray,Black,At least 1 accident or damage reported,Yes,9995.0,24,2772.0,1,1,399.8
Toyota,Highlander Hybrid Limited Platinum,2019,46000,Hybrid,306.0HP 3.5L V6 Cylinder Engine Gas/Electric Hybrid,CVT Transmission,Silver,Black,None reported,Yes,40000.0,7,5750.0,0,0,5000.0
Jeep,Liberty Sport,2008,141485,Gasoline,210.0HP 3.7L V6 Cylinder Engine Gasoline Fuel,A/T,Black,Gray,At least 1 accident or damage reported,Yes,6500.0,18,7446.578947368421,0,1,342.10526315789474
Toyota,Sequoia Limited,2018,63990,Gasoline,381.0HP 5.7L 8 Cylinder Engine Gasoline Fuel,6-Speed A/T,White,Gray,At least 1 accident or damage reported,Yes,48000.0,8,7110.0,0,1,5333.333333333333
Ford,Transit-350 Base,2020,19400,Gasoline,310.0HP 3.5L V6 Cylinder Engine Gasoline Fuel,A/T,White,Black,None reported,Yes,58000.0,6,2771.4285714285716,0,0,8285.714285714286
Subaru,BRZ Limited,2013,129858,Gasoline,200.0HP 2.0L 4 Cylinder Engine Gasoline Fuel,6-Speed A/T,Silver,Black,At least 1 accident or damage reported,Yes,13490.0,13,9275.57142857143,0,1,963.5714285714286
Volvo,XC60 3.2,2012,102000,Gasoline,240.0HP 3.2L Straight 6 Cylinder Engine Gasoline Fuel,6-Speed A/T,Blue,Beige,None reported,Yes,10800.0,14,6800.0,0,0,720.0
Subaru,Impreza WRX Sti Special Edition,2010,8700,Gasoline,305.0HP 2.5L 4 Cylinder Engine Gasoline Fuel,6-Speed M/T,Gray,Black,None reported,Yes,39900.0,16,511.7647058823529,0,0,2347.0588235294117
Chevrolet,Bolt EV LT,2018,49279,Gasoline,200.0HP Electric Motor Electric Fuel System,1-Speed A/T,Red,Gray,None reported,Yes,17500.0,8,5475.444444444444,0,0,1944.4444444444443
Chevrolet,Monte Carlo Supercharged SS,2004,148800,Gasoline,240.0HP 3.8L V6 Cylinder Engine Gasoline Fuel,A/T,Red,Black,None reported,Yes,6500.0,22,6469.565217391304,0,0,282.60869565217394
Cadillac,Escalade Platinum Edition,2012,160249,E85 Flex Fuel,403.0HP 6.2L 8 Cylinder Engine Flex Fuel Capability,A/T,Black,Black,None reported,Yes,12900.0,14,10683.266666666666,0,0,860.0
Chrysler,300M Base,2004,45000,Gasoline,250.0HP 3.5L V6 Cylinder Engine Gasoline Fuel,A/T,Gray,Gray,None reported,Yes,6000.0,22,1956.5217391304348,0,0,260.8695652173913
Chevrolet,Silverado 2500 LT H/D Extended Cab,2006,169000,Diesel,360.0HP 6.6L 8 Cylinder Engine Diesel Fuel,6-Speed A/T,White,Gray,None reported,Yes,19500.0,20,8047.619047619048,0,0,928.5714285714286
Mercedes-Benz,AMG C 63 S,2017,46000,Gasoline,503.0HP 4.0L 8 Cylinder Engine Gasoline Fuel,7-Speed A/T,Gray,Black,None reported,Yes,56000.0,9,4600.0,1,0,5600.0
Ferrari,488 Spider Base,2019,13900,Gasoline,660.0HP 3.9L 8 Cylinder Engine Gasoline Fuel,Transmission w/Dual Shift Mode,Red,Black,None reported,Yes,315000.0,7,1737.5,0,0,39375.0
Acura,TLX V6 Tech,2015,38000,Gasoline,290.0HP 3.5L V6 Cylinder Engine Gasoline Fuel,9-Speed A/T,White,Black,None reported,Yes,21900.0,11,3166.6666666666665,0,0,1825.0
Chevrolet,Corvette Z06,2006,42000,Gasoline,505.0HP 7.0L 8 Cylinder Engine Gasoline Fuel,6-Speed M/T,Orange,Black,None reported,Yes,42000.0,20,2000.0,0,0,2000.0
Lexus,NX 350h Premium,2024,300,Hybrid,240.0HP 2.5L 4 Cylinder Engine Gas/Electric Hybrid,A/T,Black,Black,None reported,Yes,50999.0,2,100.0,1,0,16999.666666666668
Mercedes-Benz,SLK-Class SLK 350,2008,120800,Gasoline,268.0HP 3.5L V6 Cylinder Engine Gasoline Fuel,7-Speed A/T,Red,Beige,None reported,Yes,13900.0,18,6357.894736842105,1,0,731.578947368421
Jeep,Wrangler Unlimited Sahara,2020,76313,Gasoline,2.0L I4 16V GDI DOHC Turbo,8-Speed Automatic,Hellayella Clearcoat,Black,None reported,Yes,35234.0,6,10901.857142857143,0,0,5033.428571428572
Chevrolet,Silverado 1500 LT,2012,104000,E85 Flex Fuel,315.0HP 5.3L 8 Cylinder Engine Flex Fuel Capability,6-Speed A/T,Blue,Gray,At least 1 accident or damage reported,Yes,16500.0,14,6933.333333333333,0,1,1100.0
Lexus,GX 460 Base,2010,97097,Gasoline,301.0HP 4.6L 8 Cylinder Engine Gasoline Fuel,A/T,Red,Beige,At least 1 accident or damage reported,Yes,22000.0,16,5711.588235294118,1,1,1294.1176470588234
Jeep,Wrangler Unlimited X,2008,136731,Gasoline,202.0HP 3.8L V6 Cylinder Engine Gasoline Fuel,A/T,Yellow,Gray,None reported,Yes,15900.0,18,7196.368421052632,0,0,836.8421052631579
RAM,1500 Tradesman/Express,2017,40200,Gasoline,395.0HP 5.7L 8 Cylinder Engine Gasoline Fuel,A/T,Blue,Gray,At least 1 accident or damage reported,Yes,24000.0,9,4020.0,0,1,2400.0
Ford,Explorer ST,2021,39105,Gasoline,3.0L V6 24V GDI DOHC Twin Turbo,10-Speed Automatic,Black,–,None reported,Yes,44605.0,5,6517.5,0,0,7434.166666666667
Mercedes-Benz,G 550 4x4 Squared Base,2017,23567,Gasoline,416.0HP 4.0L 8 Cylinder Engine Gasoline Fuel,Transmission w/Dual Shift Mode,White,Black,At least 1 accident or damage reported,Yes,215000.0,9,2356.7,1,1,21500.0
BMW,M4 Competition,2021,12500,Gasoline,503.0HP 3.0L Straight 6 Cylinder Engine Gasoline Fuel,8-Speed A/T,Gray,Blue,At least 1 accident or damage reported,Yes,90000.0,5,2083.3333333333335,1,1,15000.0
Chevrolet,Colorado ZR2,2019,38900,Gasoline,308.0HP 3.6L V6 Cylinder Engine Gasoline Fuel,8-Speed A/T,White,Black,None reported,Yes,34700.0,7,4862.5,0,0,4337.5
Lincoln,Navigator L Select,2016,84272,Gasoline,380.0HP 3.5L V6 Cylinder Engine Gasoline Fuel,6-Speed A/T,Black,Black,At least 1 accident or damage reported,Yes,25221.0,10,7661.090909090909,0,1,2292.818181818182
Mercedes-Benz,E-Class E 350,2016,58375,Gasoline,302.0HP 3.5L V6 Cylinder Engine Gasoline Fuel,A/T,White,Beige,None reported,Yes,24999.0,10,5306.818181818182,1,0,2272.6363636363635
Ford,Mustang Shelby GT500,2007,7346,Gasoline,500.0HP 5.4L 8 Cylinder Engine Gasoline Fuel,6-Speed M/T,Red,Black,None reported,Yes,40999.0,19,367.3,0,0,2049.95
Dodge,Charger SRT8,2008,98231,Gasoline,425.0HP 6.1L 8 Cylinder Engine Gasoline Fuel,5-Speed A/T,Blue,Black,At least 1 accident or damage reported,Yes,15500.0,18,5170.0526315789475,0,1,815.7894736842105
Jaguar,XK Base,2007,56000,Gasoline,300.0HP 4.2L 8 Cylinder Engine Gasoline Fuel,A/T,White,Beige,None reported,Yes,18000.0,19,2800.0,1,0,900.0
Honda,Civic EX,2020,13935,Gasoline,174.0HP 1.5L 4 Cylinder Engine Gasoline Fuel,CVT Transmission,Gray,Black,None reported,Yes,26000.0,6,1990.7142857142858,0,0,3714.285714285714
Subaru,Impreza 2.0i,2019,30000,Gasoline,152.0HP 2.0L 4 Cylinder Engine Gasoline Fuel,CVT Transmission,Gray,Black,At least 1 accident or damage reported,Yes,21250.0,7,3750.0,0,1,2656.25
Saab,9-3 Aero,2009,106000,Gasoline,280.0HP 2.8L V6 Cylinder Engine Gasoline Fuel,6-Speed A/T,Red,Black,None reported,Yes,12950.0,17,5888.888888888889,0,0,719.4444444444445
BMW,650 Gran Coupe i xDrive,2014,82978,Gasoline,445.0HP 4.4L 8 Cylinder Engine Gasoline Fuel,8-Speed A/T,Black,White,None reported,Yes,18700.0,12,6382.923076923077,1,0,1438.4615384615386
Jeep,Wrangler Unlimited Sport,2018,58500,Gasoline,285.0HP 3.6L V6 Cylinder Engine Gasoline Fuel,8-Speed A/T,Black,Black,None reported,Yes,35000.0,8,6500.0,0,0,3888.8888888888887
Ford,F-350 King Ranch,2015,92421,Diesel,440.0HP 6.7L 8 Cylinder Engine Diesel Fuel,6-Speed A/T,White,Brown,None reported,Yes,51900.0,11,7701.75,0,0,4325.0
Mazda,CX-30 Preferred,2020,9927,Gasoline,2.5L I4 16V GDI DOHC,6-Speed Automatic,Snowflake White Pearl,Black,None reported,Yes,27518.0,6,1418.142857142857,0,0,3931.1428571428573
Jeep,Wrangler Sport,2000,122945,Gasoline,181.0HP 4.0L Straight 6 Cylinder Engine Gasoline Fuel,5-Speed M/T,Beige,Brown,None reported,Yes,13900.0,26,4553.518518518518,0,0,514.8148148148148
Lexus,RX 330 Base,2006,110250,Gasoline,230.0HP 3.3L V6 Cylinder Engine Gasoline Fuel,A/T,White,Beige,None reported,Yes,11000.0,20,5250.0,1,0,523.8095238095239
INFINITI,QX56 Base,2011,103010,Gasoline,400.0HP 5.6L 8 Cylinder Engine Gasoline Fuel,7-Speed A/T,Black,Beige,None reported,Yes,13500.0,15,6438.125,0,0,843.75
Hyundai,Veloster Value Edition,2017,55359,Gasoline,1.6L I4 16V GDI DOHC,6-Speed Automatic with Auto-Shift,Ironman Silver,Black,None reported,Unknown,15599.0,9,5535.9,0,0,1559.9
Chevrolet,Silverado 1500 LT Extended Cab,2002,118500,Gasoline,285.0HP 5.3L 8 Cylinder Engine Gasoline Fuel,A/T,Silver,Black,At least 1 accident or damage reported,Yes,5900.0,24,4740.0,0,1,236.0
Rivian,R1S Launch Edition,2022,7800,Gasoline,835.0HP Electric Motor Electric Fuel System,1-Speed A/T,Green,Black,None reported,Yes,92500.0,4,1560.0,0,0,18500.0
Land,Rover Range Rover HSE SWB,2020,41500,Hybrid,395.0HP 3.0L Straight 6 Cylinder Engine Gasoline/Mild Electric Hybrid,8-Speed A/T,Gray,Gray,None reported,Yes,68000.0,6,5928.571428571428,1,0,9714.285714285714
BMW,M4 Base,2020,28000,Gasoline,425.0HP 3.0L Straight 6 Cylinder Engine Gasoline Fuel,7-Speed A/T,White,White,None reported,Yes,59900.0,6,4000.0,1,0,8557.142857142857
Mercedes-Benz,E-Class E 350,2014,53500,Gasoline,302.0HP 3.5L V6 Cylinder Engine Gasoline Fuel,A/T,Black,Brown,None reported,Yes,24500.0,12,4115.384615384615,1,0,1884.6153846153845
Honda,Accord Hybrid Base,2021,33523,Hybrid,2.0L I4 16V MPFI DOHC Hybrid,Automatic CVT,Lunar Silver Metallic,Gray,None reported,Unknown,28748.0,5,5587.166666666667,0,0,4791.333333333333
Toyota,Prius v Three,2016,86300,Hybrid,134.0HP 1.8L 4 Cylinder Engine Gas/Electric Hybrid,A/T,Gray,Black,At least 1 accident or damage reported,Yes,18000.0,10,7845.454545454545,0,1,1636.3636363636363
Subaru,WRX Premium,2022,7738,Gasoline,271.0HP 2.4L 4 Cylinder Engine Gasoline Fuel,Transmission w/Dual Shift Mode,Orange,Black,At least 1 accident or damage reported,Yes,33000.0,4,1547.6,0,1,6600.0
Bentley,Bentayga Speed,2020,22001,Gasoline,6.0L W12 48V PDI DOHC Twin Turbo,8-Speed Automatic,Beluga Black,Hotspur Hide,None reported,Yes,173995.0,6,3143.0,0,0,24856.428571428572
Ford,Explorer ST,2022,14361,Gasoline,400.0HP 3.0L V6 Cylinder Engine Gasoline Fuel,10-Speed A/T,Black,Black,None reported,Yes,51500.0,4,2872.2,0,0,10300.0
Chevrolet,Suburban LT,2016,98000,E85 Flex Fuel,355.0HP 5.3L 8 Cylinder Engine Flex Fuel Capability,Transmission Overdrive Switch,Gray,Gray,At least 1 accident or damage reported,Yes,30000.0,10,8909.09090909091,0,1,2727.2727272727275
Chevrolet,Silverado 1500 Limited Custom,2022,30455,Gasoline,2.7 Liter DOHC Turbo,Automatic,Summit White,Jet Black,None reported,Unknown,37698.0,4,6091.0,0,0,7539.6
Ford,Explorer Platinum,2020,64552,Gasoline,3.0L V6 24V GDI DOHC Twin Turbo,10-Speed Automatic,Iconic Silver Metallic,Ebony,At least 1 accident or damage reported,Yes,36750.0,6,9221.714285714286,0,1,5250.0
Lexus,RX 350 Base,2017,103866,Gasoline,295.0HP 3.5L V6 Cylinder Engine Gasoline Fuel,8-Speed A/T,Beige,Beige,At least 1 accident or damage reported,Yes,24700.0,9,10386.6,1,1,2470.0
Land,Rover Range Rover 3.0L V6 Supercharged HSE,2019,35650,Gasoline,380.0HP 3.0L V6 Cylinder Engine Gasoline Fuel,8-Speed A/T,Black,Black,At least 1 accident or damage reported,Yes,57999.0,7,4456.25,1,1,7249.875
Ford,Explorer Platinum,2021,64957,Gasoline,3.0L V6 24V GDI DOHC Twin Turbo,10-Speed Automatic,Black,Light Slate,None reported,Yes,39979.0,5,10826.166666666666,0,0,6663.166666666667
Dodge,Challenger SRT8 392,2012,33700,–,–,6-Speed M/T,Black,Black,None reported,Yes,33500.0,14,2246.6666666666665,0,0,2233.3333333333335
Chevrolet,Equinox 2LT,2012,96653,Gasoline,264.0HP 3.0L V6 Cylinder Engine Gasoline Fuel,6-Speed A/T,Black,Brown,At least 1 accident or damage reported,Yes,7500.0,14,6443.533333333334,0,1,500.0
Dodge,Challenger SXT,2022,29500,Gasoline,303.0HP 3.6L V6 Cylinder Engine Gasoline Fuel,8-Speed A/T,Gray,Black,None reported,Yes,31000.0,4,5900.0,0,0,6200.0
Porsche,911 Carrera,2021,7400,Gasoline,379.0HP 3.0L Flat 6 Cylinder Engine Gasoline Fuel,8-Speed A/T,Red,Black,Unknown,Unknown,116999.0,5,1233.3333333333333,1,1,19499.833333333332
Volvo,XC70 T6 Platinum,2012,69000,Gasoline,300.0HP 3.0L Straight 6 Cylinder Engine Gasoline Fuel,A/T,Silver,Black,At least 1 accident or damage reported,Yes,15900.0,14,4600.0,0,1,1060.0
Lexus,GX 470 Base,2005,198000,Gasoline,270.0HP 4.7L 8 Cylinder Engine Gasoline Fuel,5-Speed A/T,Gray,Gray,At least 1 accident or damage reported,Yes,15500.0,21,9000.0,1,1,704.5454545454545
Porsche,911 Carrera GTS,2015,23600,Gasoline,430.0HP 3.8L Flat 6 Cylinder Engine Gasoline Fuel,7-Speed M/T,Red,Black,None reported,Yes,132900.0,11,1966.6666666666667,1,0,11075.0
Volvo,XC70 3.2,2008,170000,Gasoline,235.0HP 3.2L Straight 6 Cylinder Engine Gasoline Fuel,6-Speed A/T,White,Beige,None reported,Yes,7000.0,18,8947.368421052632,0,0,368.42105263157896
Nissan,350Z NISMO,2008,76500,Gasoline,306.0HP 3.5L V6 Cylinder Engine Gasoline Fuel,6-Speed M/T,Silver,Red,At least 1 accident or damage reported,Yes,28000.0,18,4026.315789473684,0,1,1473.6842105263158
Porsche,911 Turbo,2007,73500,Gasoline,480.0HP 3.6L Flat 6 Cylinder Engine Gasoline Fuel,5-Speed A/T,Black,Black,None reported,Yes,75499.0,19,3675.0,1,0,3774.95
Land,Rover Range Rover SWB,2020,29000,Hybrid,355.0HP 3.0L Straight 6 Cylinder Engine Gasoline/Mild Electric Hybrid,A/T,Black,Black,None reported,Yes,70000.0,6,4142.857142857143,1,0,10000.0
Porsche,Cayenne E-Hybrid S Platinum Edition,2017,69404,Plug-In Hybrid,416.0HP 3.0L V6 Cylinder Engine Plug-In Electric/Gas,8-Speed A/T,Black,Beige,At least 1 accident or damage reported,Yes,29500.0,9,6940.4,1,1,2950.0
Lexus,IS 350 Base,2007,103000,Gasoline,306.0HP 3.5L V6 Cylinder Engine Gasoline Fuel,6-Speed A/T,Red,Beige,At least 1 accident or damage reported,Yes,12900.0,19,5150.0,1,1,645.0
Porsche,Macan S,2015,70500,Gasoline,340.0HP 3.0L V6 Cylinder Engine Gasoline Fuel,Transmission w/Dual Shift Mode,Silver,Black,At least 1 accident or damage reported,Yes,26500.0,11,5875.0,1,1,2208.3333333333335
Land,Rover Range Rover 5.0L Supercharged,2016,64000,Gasoline,510.0HP 5.0L 8 Cylinder Engine Gasoline Fuel,Transmission w/Dual Shift Mode,White,White,None reported,Yes,36995.0,10,5818.181818181818,1,0,3363.181818181818
GMC,Savana 2500 Work Van,2018,63460,E85 Flex Fuel,341.0HP 6.0L 8 Cylinder Engine Flex Fuel Capability,A/T,White,Beige,None reported,Yes,33000.0,8,7051.111111111111,0,0,3666.6666666666665
Toyota,4Runner SR5,2018,32199,Gasoline,270.0HP 4.0L V6 Cylinder Engine Gasoline Fuel,A/T,Silver,Black,None reported,Yes,35500.0,8,3577.6666666666665,0,0,3944.4444444444443
Hyundai,Palisade SEL,2020,69487,Gasoline,291.0HP 3.8L V6 Cylinder Engine Gasoline Fuel,A/T,White,Black,None reported,Yes,32000.0,6,9926.714285714286,0,0,4571.428571428572
GMC,Sierra 2500 Denali,2015,86000,Diesel,397.0HP 6.6L 8 Cylinder Engine Diesel Fuel,A/T,Gray,Brown,None reported,Yes,49000.0,11,7166.666666666667,0,0,4083.3333333333335
Genesis,GV70 3.5T Sport,2022,8730,Gasoline,3.5L V6 24V PDI DOHC Twin Turbo,8-Speed Automatic,Alta White,Red,None reported,Unknown,48219.0,4,1746.0,0,0,9643.8
Dodge,Ram Van 1500,2002,70000,Gasoline,175.0HP 3.9L V6 Cylinder Engine Gasoline Fuel,A/T,Red,Beige,At least 1 accident or damage reported,Yes,8000.0,24,2800.0,0,1,320.0
Chevrolet,Impala 1LT,2017,70000,Gasoline,305.0HP 3.6L V6 Cylinder Engine Gasoline Fuel,6-Speed A/T,White,Gray,At least 1 accident or damage reported,Yes,17900.0,9,7000.0,0,1,1790.0
Audi,A4 2.0T Premium Plus,2015,83420,E85 Flex Fuel,220.0HP 2.0L 4 Cylinder Engine Flex Fuel Capability,8-Speed A/T,Red,Gray,At least 1 accident or damage reported,Yes,16000.0,11,6951.666666666667,1,1,1333.3333333333333
Nissan,Altima 2.5 S,2003,189000,Gasoline,175.0HP 2.5L 4 Cylinder Engine Gasoline Fuel,A/T,Silver,Beige,At least 1 accident or damage reported,Yes,2899.0,23,7875.0,0,1,120.79166666666667
Porsche,911 Carrera 4S,2017,31500,Gasoline,420.0HP 3.0L Flat 6 Cylinder Engine Gasoline Fuel,7-Speed A/T,Blue,Red,None reported,Yes,97555.0,9,3150.0,1,0,9755.5
BMW,X1 xDrive 28i,2015,85766,Gasoline,240.0HP 2.0L 4 Cylinder Engine Gasoline Fuel,A/T,Gray,Black,None reported,Yes,13000.0,11,7147.166666666667,1,0,1083.3333333333333
GMC,Yukon Denali,2018,92800,Gasoline,420.0HP 6.2L 8 Cylinder Engine Gasoline Fuel,10-Speed A/T,White,Black,None reported,Yes,34000.0,8,10311.111111111111,0,0,3777.777777777778
Land,Rover Defender SE,2021,13970,Hybrid,395.0HP 3.0L Straight 6 Cylinder Engine Gasoline/Mild Electric Hybrid,A/T,Gray,Black,None reported,Yes,75500.0,5,2328.3333333333335,1,0,12583.333333333334
Porsche,911 Turbo S,2023,154,Gasoline,3.8L H6 24V GDI DOHC Twin Turbo,8-Speed Automatic with Auto-Shift,Python Green,Black,None reported,Unknown,274900.0,3,38.5,1,0,68725.0
Toyota,Land Cruiser Base,2000,265000,Gasoline,230.0HP 4.7L 8 Cylinder Engine Gasoline Fuel,4-Speed A/T,Black,Beige,None reported,Yes,15500.0,26,9814.814814814816,0,0,574.074074074074
Scion,xB Base,2011,95426,Gasoline,158.0HP 2.4L 4 Cylinder Engine Gasoline Fuel,A/T,Green,Gray,None reported,Yes,8000.0,15,5964.125,0,0,500.0
Honda,S2000 Base,2001,119900,Gasoline,240.0HP 2.0L 4 Cylinder Engine Gasoline Fuel,6-Speed M/T,Black,Red,At least 1 accident or damage reported,Yes,18000.0,25,4611.538461538462,0,1,692.3076923076923
Mazda,CX-30 Select,2020,23162,Gasoline,2.5L I4 16V GDI DOHC,6-Speed Automatic,Soul Red Crystal Metallic,Black,None reported,Yes,25495.0,6,3308.8571428571427,0,0,3642.1428571428573
BMW,M4 Competition,2023,3950,Gasoline,503.0HP 3.0L Straight 6 Cylinder Engine Gasoline Fuel,A/T,White,Blue,None reported,Yes,83500.0,3,987.5,1,0,20875.0
Porsche,911 Carrera 4S,2006,80000,Gasoline,355.0HP 3.8L Flat 6 Cylinder Engine Gasoline Fuel,6-Speed M/T,Black,Beige,None reported,Yes,43000.0,20,3809.5238095238096,1,0,2047.6190476190477
Ford,F-250 Lariat,2015,94634,E85 Flex Fuel,385.0HP 6.2L 8 Cylinder Engine Flex Fuel Capability,A/T,White,Black,At least 1 accident or damage reported,Yes,32500.0,11,7886.166666666667,0,1,2708.3333333333335
Chevrolet,Corvette Base,2007,65000,Gasoline,400.0HP 6.0L 8 Cylinder Engine Gasoline Fuel,6-Speed A/T,Silver,Beige,At least 1 accident or damage reported,Yes,33885.0,19,3250.0,0,1,1694.25
Lexus,LS 460 L,2008,100000,Gasoline,380.0HP 4.6L 8 Cylinder Engine Gasoline Fuel,A/T,Black,Black,At least 1 accident or damage reported,Yes,11500.0,18,5263.1578947368425,1,1,605.2631578947369
Toyota,Sienna XSE 25th Anniversary,2023,500,Hybrid,245.0HP 2.5L 4 Cylinder Engine Gas/Electric Hybrid,A/T,White,Black,None reported,Yes,59500.0,3,125.0,0,0,14875.0
Mercedes-Benz,AMG G 63 Base,2021,7856,Gasoline,4.0L V8 32V GDI DOHC Twin Turbo,9-Speed Automatic,China Blue,Black,None reported,Yes,425000.0,5,1309.3333333333333,1,0,70833.33333333333
Audi,A4 2.0T Premium quattro,2011,181000,Gasoline,211.0HP 2.0L 4 Cylinder Engine Gasoline Fuel,A/T,White,Black,None reported,Yes,5500.0,15,11312.5,1,0,343.75
Mercedes-Benz,GLC 300 Base 4MATIC,2018,48700,Gasoline,241.0HP 2.0L 4 Cylinder Engine Gasoline Fuel,9-Speed A/T,Blue,Brown,None reported,Yes,27900.0,8,5411.111111111111,1,0,3100.0
Porsche,911 Turbo Cabriolet,2009,13500,Gasoline,480.0HP 3.6L Flat 6 Cylinder Engine Gasoline Fuel,6-Speed M/T,Gray,Black,None reported,Yes,130000.0,17,750.0,1,0,7222.222222222223
Toyota,86 860 Special Edition,2017,87500,Gasoline,200.0HP 2.0L 4 Cylinder Engine Gasoline Fuel,6-Speed A/T,Silver,Black,None reported,Yes,20000.0,9,8750.0,0,0,2000.0
Jaguar,XJ8 L,2000,45000,Gasoline,290.0HP 4.0L 8 Cylinder Engine Gasoline Fuel,A/T,Silver,Beige,None reported,Yes,12500.0,26,1666.6666666666667,1,0,462.962962962963
Chevrolet,Corvette Base,1996,85760,Gasoline,300.0HP 5.7L 8 Cylinder Engine Gasoline Fuel,4-Speed A/T,Silver,Black,None reported,Yes,14500.0,30,2766.451612903226,0,0,467.741935483871
Tesla,Model 3 Long Range,2018,36187,Gasoline,271.0HP Electric Motor Electric Fuel System,1-Speed A/T,White,Black,None reported,Yes,28895.0,8,4020.777777777778,1,0,3210.5555555555557
Hyundai,Tucson SEL,2022,13666,Gasoline,2.5L I4 16V PDI DOHC,8-Speed Automatic,Portofino Gray,Black,None reported,Unknown,27999.0,4,2733.2,0,0,5599.8
Porsche,911 Carrera S,2007,50500,Gasoline,355.0HP 3.8L Flat 6 Cylinder Engine Gasoline Fuel,6-Speed M/T,Silver,Black,None reported,Yes,56000.0,19,2525.0,1,0,2800.0
Lincoln,Nautilus Reserve,2021,19291,Gasoline,2.0L I4 16V GDI DOHC Turbo,8-Speed Automatic,Black,Ebony,None reported,Unknown,44340.0,5,3215.1666666666665,0,0,7390.0
Ford,Mustang Boss 302,2012,1295,Gasoline,444.0HP 5.0L 8 Cylinder Engine Gasoline Fuel,M/T,Silver,Black,None reported,Yes,49990.0,14,86.33333333333333,0,0,3332.6666666666665
Cadillac,Escalade Premium Luxury,2017,55000,Gasoline,420.0HP 6.2L 8 Cylinder Engine Gasoline Fuel,8-Speed A/T,White,Beige,At least 1 accident or damage reported,Yes,49900.0,9,5500.0,0,1,4990.0
MINI,Cooper Base,2010,74000,Gasoline,118.0HP 1.6L 4 Cylinder Engine Gasoline Fuel,6-Speed M/T,Yellow,Black,None reported,Yes,9650.0,16,4352.941176470588,0,0,567.6470588235294
Dodge,Durango R/T,2022,14976,Gasoline,5.7L V8 16V MPFI OHV,8-Speed Automatic,White Knuckle Clearcoat,Black,None reported,Yes,49999.0,4,2995.2,0,0,9999.8
BMW,X5 xDrive35i,2018,25348,Gasoline,3.0L I6 24V GDI DOHC Turbo,8-Speed Automatic,Imperial Blue Metallic,Black,At least 1 accident or damage reported,Unknown,33889.0,8,2816.4444444444443,1,1,3765.4444444444443
Chevrolet,Corvette Base,2010,23133,Gasoline,430.0HP 6.2L 8 Cylinder Engine Gasoline Fuel,6-Speed M/T,White,Black,None reported,Yes,35000.0,16,1360.764705882353,0,0,2058.823529411765
Jaguar,XE 20d Prestige,2018,34322,Diesel,2.0 Liter,Automatic,Blue,Beige,None reported,Unknown,29998.0,8,3813.5555555555557,1,0,3333.1111111111113
Dodge,Challenger R/T,2021,39960,Gasoline,375.0HP 5.7L 8 Cylinder Engine Gasoline Fuel,8-Speed A/T,White,Gray,At least 1 accident or damage reported,Yes,28500.0,5,6660.0,0,1,4750.0
BMW,550 i xDrive,2016,76400,Gasoline,445.0HP 4.4L 8 Cylinder Engine Gasoline Fuel,8-Speed A/T,Black,Black,At least 1 accident or damage reported,Yes,31300.0,10,6945.454545454545,1,1,2845.4545454545455
Ford,Explorer XLT,2022,18533,Gasoline,2.3L I4 16V GDI DOHC Turbo,10-Speed Automatic,White,Ebony,None reported,Yes,38978.0,4,3706.6,0,0,7795.6
GMC,Yukon XL Denali,2023,7500,Gasoline,420.0HP 6.2L 8 Cylinder Engine Gasoline Fuel,10-Speed A/T,Gray,Black,None reported,Yes,92888.0,3,1875.0,0,0,23222.0
INFINITI,QX80 SENSORY,2022,26520,Gasoline,400.0HP 5.6L 8 Cylinder Engine Gasoline Fuel,7-Speed A/T,Blue,Brown,At least 1 accident or damage reported,Yes,64000.0,4,5304.0,0,1,12800.0
Land,Rover Range Rover 3.0L Supercharged,2014,59500,E85 Flex Fuel,340.0HP 3.0L V6 Cylinder Engine Flex Fuel Capability,A/T,Red,Black,None reported,Yes,33800.0,12,4576.923076923077,1,0,2600.0
Honda,Pilot EX-L,2020,44000,Gasoline,280.0HP 3.5L V6 Cylinder Engine Gasoline Fuel,A/T,White,Black,None reported,Yes,34999.0,6,6285.714285714285,0,0,4999.857142857143
Pontiac,Firebird Base,2001,111000,Gasoline,200.0HP 3.8L V6 Cylinder Engine Gasoline Fuel,A/T,White,Gray,None reported,Yes,11000.0,25,4269.2307692307695,0,0,423.0769230769231
Toyota,4Runner Limited,2016,82260,Gasoline,4.0L V6 24V MPFI DOHC,5-Speed Automatic,Nautical Blue Pearl,Black,None reported,Yes,31906.0,10,7478.181818181818,0,0,2900.5454545454545
Porsche,911 Carrera Cabriolet,2006,52744,Gasoline,325.0HP 3.6L Flat 6 Cylinder Engine Gasoline Fuel,Transmission w/Dual Shift Mode,Gray,Black,At least 1 accident or damage reported,Yes,37500.0,20,2511.6190476190477,1,1,1785.7142857142858
BMW,i8 Base,2019,28200,Plug-In Hybrid,369.0HP 1.5L 3 Cylinder Engine Plug-In Electric/Gas,Transmission w/Dual Shift Mode,Gray,Beige,At least 1 accident or damage reported,Yes,79950.0,7,3525.0,1,1,9993.75
Nissan,Maxima GLE,2000,194277,Gasoline,222.0HP 3.0L V6 Cylinder Engine Gasoline Fuel,A/T,Blue,Beige,At least 1 accident or damage reported,Yes,2300.0,26,7195.444444444444,0,1,85.18518518518519
Pontiac,Firebird Trans Am,2001,91812,Gasoline,310.0HP 5.7L 8 Cylinder Engine Gasoline Fuel,A/T,Green,Black,None reported,Yes,12850.0,25,3531.230769230769,0,0,494.2307692307692
Chevrolet,Suburban Premier,2018,84224,Gasoline,5.3L V8 16V GDI OHV,6-Speed Automatic,Tungsten Metallic,Jet Black,None reported,Yes,43775.0,8,9358.222222222223,0,0,4863.888888888889
BMW,X2 xDrive28i,2018,66690,Gasoline,228.0HP 2.0L 4 Cylinder Engine Gasoline Fuel,Transmission w/Dual Shift Mode,Gray,Black,At least 1 accident or damage reported,Yes,24900.0,8,7410.0,1,1,2766.6666666666665
Mercedes-Benz,AMG C 43 Base 4MATIC,2018,41500,Gasoline,362.0HP 3.0L V6 Cylinder Engine Gasoline Fuel,9-Speed A/T,White,Brown,At least 1 accident or damage reported,Yes,39848.0,8,4611.111111111111,1,1,4427.555555555556
BMW,750 i xDrive,2014,85095,Gasoline,445.0HP 4.4L 8 Cylinder Engine Gasoline Fuel,8-Speed A/T,Black,Brown,At least 1 accident or damage reported,Yes,24900.0,12,6545.7692307692305,1,1,1915.3846153846155
Volvo,S60 T5 Premier Plus,2015,39000,Gasoline,250.0HP 2.5L 5 Cylinder Engine Gasoline Fuel,Transmission w/Dual Shift Mode,Silver,Gray,At least 1 accident or damage reported,Yes,17900.0,11,3250.0,0,1,1491.6666666666667
Tesla,Model Y Long Range,2022,20500,Gasoline,425.0HP Electric Motor Electric Fuel System,1-Speed A/T,Gray,Black,None reported,Yes,46500.0,4,4100.0,1,0,9300.0
Ford,F-350 Platinum,2019,112000,Diesel,450.0HP 6.7L 8 Cylinder Engine Diesel Fuel,6-Speed A/T,Black,Black,None reported,Yes,61995.0,7,14000.0,0,0,7749.375
Volkswagen,ID.4 Pro S,2023,1716,Gasoline,Battery Electric,Automatic,Gray,Gray w/Blue Bolsters,None reported,Unknown,39998.0,3,429.0,0,0,9999.5
Audi,A3 2.0T Premium,2016,90360,Gasoline,220.0HP 2.0L 4 Cylinder Engine Gasoline Fuel,A/T,Black,Black,At least 1 accident or damage reported,Yes,15499.0,10,8214.545454545454,1,1,1409.0
Ford,Explorer Limited,2020,82146,Gasoline,2.3L I4 16V GDI DOHC Turbo,10-Speed Automatic,Gray,Ebony,None reported,Yes,30825.0,6,11735.142857142857,0,0,4403.571428571428
Ford,Mustang GT Premium,2020,16850,Gasoline,460.0HP 5.0L 8 Cylinder Engine Gasoline Fuel,10-Speed A/T,Blue,Black,At least 1 accident or damage reported,Yes,41000.0,6,2407.1428571428573,0,1,5857.142857142857
Honda,S2000 Base,2003,101000,Gasoline,240.0HP 2.0L 4 Cylinder Engine Gasoline Fuel,6-Speed M/T,Silver,Black,None reported,Yes,28000.0,23,4208.333333333333,0,0,1166.6666666666667
BMW,M235 i,2015,68750,Gasoline,320.0HP 3.0L Straight 6 Cylinder Engine Gasoline Fuel,6-Speed M/T,Red,Black,None reported,Yes,25999.0,11,5729.166666666667,1,0,2166.5833333333335
Lamborghini,Aventador S Base,2018,5858,Gasoline,729.0HP 6.5L 12 Cylinder Engine Gasoline Fuel,7-Speed A/T,White,Gray,None reported,Yes,491836.0,8,650.8888888888889,0,0,54648.444444444445
Dodge,Durango SLT,2004,143000,Gasoline,335.0HP 5.7L 8 Cylinder Engine Gasoline Fuel,A/T,Beige,Beige,None reported,Yes,3200.0,22,6217.391304347826,0,0,139.1304347826087
Nissan,Armada LE,2005,152270,Gasoline,305.0HP 5.6L 8 Cylinder Engine Gasoline Fuel,A/T,Green,Beige,At least 1 accident or damage reported,Yes,6900.0,21,6921.363636363636,0,1,313.6363636363636
Kia,Sorento S,2021,19605,Gasoline,2.5L I4 16V PDI DOHC,8-Speed Automatic,Glacial White Pearl,Black,None reported,Unknown,33591.0,5,3267.5,0,0,5598.5
Chevrolet,Silverado 1500 RST,2020,19200,Gasoline,355.0HP 5.3L 8 Cylinder Engine Gasoline Fuel,10-Speed A/T,Gray,Black,None reported,Yes,69999.0,6,2742.8571428571427,0,0,9999.857142857143
Chevrolet,Impala Base,2004,64500,Gasoline,180.0HP 3.4L V6 Cylinder Engine Gasoline Fuel,A/T,Beige,Beige,None reported,Yes,5900.0,22,2804.3478260869565,0,0,256.5217391304348
Toyota,Tacoma PreRunner,2011,149000,Gasoline,236.0HP 4.0L V6 Cylinder Engine Gasoline Fuel,A/T,Black,Beige,None reported,Yes,18995.0,15,9312.5,0,0,1187.1875
McLaren,570S Spider,2018,5918,Gasoline,3.8L V8 32V MPFI DOHC Twin Turbo,7-Speed Automatic with Auto-Shift,Silician Yellow,Jet Black,None reported,Unknown,179900.0,8,657.5555555555555,0,0,19988.88888888889
Pontiac,Firebird Trans Am,1997,134033,Gasoline,285.0HP 5.7L 8 Cylinder Engine Gasoline Fuel,A/T,Red,Beige,At least 1 accident or damage reported,Yes,7200.0,29,4467.766666666666,0,1,240.0
Kia,Stinger GT1,2019,37226,Gasoline,"3.3L V-6 gasoline direct injection, DOHC, D-CVVT variable valve",Automatic,Snow White Pearl,Black,None reported,Unknown,34998.0,7,4653.25,0,0,4374.75
Ford,Escape SE,2017,71924,Gasoline,179.0HP 1.5L 4 Cylinder Engine Gasoline Fuel,A/T,Beige,Beige,None reported,Yes,13700.0,9,7192.4,0,0,1370.0
Lamborghini,Huracan EVO Coupe,2021,5718,Gasoline,"5.2L V-10 gasoline direct injection, DOHC, variable valve contro",Automatic,Arancio Borealis,Nero Ade,None reported,Unknown,279991.0,5,953.0,0,0,46665.166666666664
Jeep,Wrangler Unlimited Sport,2014,122200,Gasoline,285.0HP 3.6L V6 Cylinder Engine Gasoline Fuel,A/T,Orange,Black,At least 1 accident or damage reported,Yes,21500.0,12,9400.0,0,1,1653.8461538461538
Land,Rover Range Rover Sport HST MHEV,2020,37248,Hybrid,395.0HP 3.0L Straight 6 Cylinder Engine Gasoline/Mild Electric Hybrid,8-Speed A/T,Silver,Black,None reported,Yes,54500.0,6,5321.142857142857,1,0,7785.714285714285
Chevrolet,Silverado 1500 Base,1999,88750,Gasoline,255.0HP 4.8L 8 Cylinder Engine Gasoline Fuel,A/T,White,Gray,None reported,Yes,6800.0,27,3169.6428571428573,0,0,242.85714285714286
Cadillac,XLR V,2008,64800,Gasoline,443.0HP 4.4L 8 Cylinder Engine Gasoline Fuel,6-Speed A/T,Black,Black,Unknown,Unknown,24700.0,18,3410.5263157894738,0,1,1300.0
Ford,Fusion Hybrid Titanium,2014,112180,Hybrid,2.0L I4 16V MPFI DOHC Hybrid,Automatic CVT,White,Charcoal Black,None reported,Unknown,12599.0,12,8629.23076923077,0,0,969.1538461538462
RAM,2500 SLT,2015,149130,Diesel,350.0HP 6.7L Straight 6 Cylinder Engine Diesel Fuel,6-Speed A/T,White,Black,At least 1 accident or damage reported,Yes,35000.0,11,12427.5,0,1,2916.6666666666665
Tesla,Model Y Long Range,2020,88000,Gasoline,425.0HP Electric Motor Electric Fuel System,1-Speed A/T,Gray,White,None reported,Yes,35500.0,6,12571.42857142857,1,0,5071.428571428572
Toyota,Highlander XLE,2018,74000,Gasoline,295.0HP 3.5L V6 Cylinder Engine Gasoline Fuel,8-Speed A/T,White,Black,None reported,Yes,27950.0,8,8222.222222222223,0,0,3105.5555555555557
Ford,F-150 XLT,2019,44460,Gasoline,325.0HP 2.7L V6 Cylinder Engine Gasoline Fuel,10-Speed A/T,Red,Gray,None reported,Yes,34500.0,7,5557.5,0,0,4312.5
GMC,Acadia SLE-2,2015,96000,Gasoline,281.0HP 3.6L V6 Cylinder Engine Gasoline Fuel,6-Speed A/T,Blue,Beige,None reported,Yes,17000.0,11,8000.0,0,0,1416.6666666666667
Porsche,Boxster Base,2005,75000,Gasoline,240.0HP 2.7L Flat 6 Cylinder Engine Gasoline Fuel,5-Speed M/T,Silver,Black,Unknown,Unknown,17500.0,21,3409.090909090909,1,1,795.4545454545455
Dodge,Charger R/T,2014,95000,Gasoline,370.0HP 5.7L 8 Cylinder Engine Gasoline Fuel,Transmission w/Dual Shift Mode,Black,Black,None reported,Yes,17900.0,12,7307.692307692308,0,0,1376.923076923077
Land,Rover Range Rover Sport Supercharged HSE,2016,49799,Gasoline,340.0HP 3.0L V6 Cylinder Engine Gasoline Fuel,A/T,Brown,Brown,None reported,Yes,37500.0,10,4527.181818181818,1,0,3409.090909090909
Ford,Mustang GT,2006,27407,Gasoline,300.0HP 4.6L 8 Cylinder Engine Gasoline Fuel,5-Speed M/T,Silver,Red,None reported,Yes,21750.0,20,1305.095238095238,0,0,1035.7142857142858
Alfa,Romeo Giulia Ti,2020,23339,Gasoline,2.0L I4 16V GDI SOHC Turbo,8-Speed Automatic,Rosso,Black,Unknown,Unknown,34645.0,6,3334.1428571428573,0,1,4949.285714285715
Tesla,Model S 90D,2016,74122,Gasoline,417.0HP Electric Motor Electric Fuel System,A/T,Black,Black,None reported,Yes,35900.0,10,6738.363636363636,1,0,3263.6363636363635
Jaguar,XK8 Base,1997,50000,Gasoline,290.0HP 4.0L 8 Cylinder Engine Gasoline Fuel,A/T,White,Beige,None reported,Yes,6000.0,29,1666.6666666666667,1,0,200.0
Mercedes-Benz,GLC 300 GLC 300,2021,14745,Gasoline,2.0 Liter Turbo,Automatic,Graphite Grey,–,None reported,Unknown,38998.0,5,2457.5,1,0,6499.666666666667
Chevrolet,Corvette Stingray w/3LT,2021,2700,Gasoline,490.0HP 6.2L 8 Cylinder Engine Gasoline Fuel,Transmission w/Dual Shift Mode,Blue,Blue,None reported,Yes,85950.0,5,450.0,0,0,14325.0
Buick,Regal Turbo - Premium 1,2012,190000,Gasoline,220.0HP 2.0L 4 Cylinder Engine Gasoline Fuel,6-Speed A/T,Beige,Beige,At least 1 accident or damage reported,Yes,6000.0,14,12666.666666666666,0,1,400.0
Audi,A4 2.0T Premium,2014,90236,E85 Flex Fuel,220.0HP 2.0L 4 Cylinder Engine Flex Fuel Capability,Transmission w/Dual Shift Mode,Gray,Black,None reported,Yes,9999.0,12,6941.2307692307695,1,0,769.1538461538462
Jeep,Gladiator Overland,2020,4000,Gasoline,285.0HP 3.6L V6 Cylinder Engine Gasoline Fuel,8-Speed A/T,Silver,Black,None reported,Yes,50000.0,6,571.4285714285714,0,0,7142.857142857143
Land,Rover Range Rover Westminster SWB,2022,2220,Hybrid,395.0HP 3.0L Straight 6 Cylinder Engine Gasoline/Mild Electric Hybrid,8-Speed A/T,Blue,White,None reported,Yes,115999.0,4,444.0,1,0,23199.8
GMC,Yukon XL Denali,2017,124000,Gasoline,420.0HP 6.2L 8 Cylinder Engine Gasoline Fuel,8-Speed A/T,Gray,Beige,At least 1 accident or damage reported,Yes,32000.0,9,12400.0,0,1,3200.0
Ford,Ranger Lariat,2019,45163,Gasoline,2.3L I4 16V GDI DOHC Turbo,10-Speed Automatic,Red,–,None reported,Yes,35690.0,7,5645.375,0,0,4461.25
Volkswagen,Passat 2.0T SE,2020,49400,Gasoline,174.0HP 2.0L 4 Cylinder Engine Gasoline Fuel,6-Speed A/T,Black,Brown,None reported,Yes,20900.0,6,7057.142857142857,0,0,2985.714285714286
Porsche,911 Carrera,2020,11256,Gasoline,379.0HP 3.0L Flat 6 Cylinder Engine Gasoline Fuel,8-Speed A/T,Red,Black,None reported,Yes,124900.0,6,1608.0,1,0,17842.85714285714
Chevrolet,Corvette Stingray w/1LT,2021,13700,Gasoline,490.0HP 6.2L 8 Cylinder Engine Gasoline Fuel,A/T,White,Red,None reported,Yes,75000.0,5,2283.3333333333335,0,0,12500.0
Land,Rover Range Rover HSE,2011,174678,Gasoline,230.0HP 3.2L Straight 6 Cylinder Engine Gasoline Fuel,6-Speed A/T,Black,Black,None reported,Yes,9500.0,15,10917.375,1,0,593.75
Lexus,RX 450h F Sport Handling,2022,1600,Hybrid,308.0HP 3.5L V6 Cylinder Engine Gas/Electric Hybrid,A/T,White,Black,None reported,Yes,59000.0,4,320.0,1,0,11800.0
Porsche,911 GT3 RS,2019,15509,Gasoline,4.0L H6 24V GDI DOHC,7-Speed Automatic with Auto-Shift,Lizard Green,Black,None reported,Unknown,229900.0,7,1938.625,1,0,28737.5
Ford,Expedition Platinum,2020,69849,Gasoline,3.5L V6 24V GDI DOHC Twin Turbo,10-Speed Automatic,Red,Ebony,None reported,Yes,48149.0,6,9978.42857142857,0,0,6878.428571428572
Toyota,Tacoma PreRunner,2008,160000,Gasoline,236.0HP 4.0L V6 Cylinder Engine Gasoline Fuel,A/T,White,–,At least 1 accident or damage reported,Yes,17000.0,18,8421.052631578947,0,1,894.7368421052631
Toyota,Mirai Base,2016,40000,not supported,151.0HP Electric Motor Hydrogen Fuel,A/T,Silver,Black,None reported,Yes,9500.0,10,3636.3636363636365,0,0,863.6363636363636
Ford,Explorer Sport Trac XLT,2007,228000,Gasoline,292.0HP 4.6L 8 Cylinder Engine Gasoline Fuel,A/T,Red,Beige,At least 1 accident or damage reported,Yes,3850.0,19,11400.0,0,1,192.5
GMC,Sierra 1500 SLE1 Extended Cab,2008,187000,–,–,4-Speed A/T,Red,Gray,At least 1 accident or damage reported,Yes,6100.0,18,9842.105263157895,0,1,321.05263157894734
Mercedes-Benz,C-Class C 300 Luxury,2015,102000,Gasoline,241.0HP 2.0L 4 Cylinder Engine Gasoline Fuel,7-Speed A/T,Black,Black,None reported,Yes,17000.0,11,8500.0,1,0,1416.6666666666667
Cadillac,SRX Standard,2016,48000,Gasoline,308.0HP 3.6L V6 Cylinder Engine Gasoline Fuel,6-Speed A/T,White,Black,At least 1 accident or damage reported,Yes,24995.0,10,4363.636363636364,0,1,2272.2727272727275
Chrysler,Town & Country Touring-L,2012,163500,E85 Flex Fuel,283.0HP 3.6L V6 Cylinder Engine Flex Fuel Capability,6-Speed A/T,Gray,Beige,None reported,Yes,5949.0,14,10900.0,0,0,396.6
Porsche,911 Carrera,2023,1500,Gasoline,379.0HP 3.0L Flat 6 Cylinder Engine Gasoline Fuel,A/T,Silver,Black,None reported,Yes,149000.0,3,375.0,1,0,37250.0
Porsche,718 Cayman GT4,2021,2100,Gasoline,414.0HP 4.0L Flat 6 Cylinder Engine Gasoline Fuel,6-Speed M/T,Yellow,Black,Unknown,Unknown,136900.0,5,350.0,1,1,22816.666666666668
Ford,F-350 Lariat,2018,66281,Diesel,450.0HP 6.7L 8 Cylinder Engine Diesel Fuel,Transmission w/Dual Shift Mode,Gray,Black,None reported,Yes,63500.0,8,7364.555555555556,0,0,7055.555555555556
Ford,Mustang Mach-E Select,2021,18000,Gasoline,266.0HP Electric Motor Electric Fuel System,A/T,Blue,Black,None reported,Yes,39499.0,5,3000.0,0,0,6583.166666666667
Ford,F-150 XL,2014,27300,Gasoline,365.0HP 3.5L V6 Cylinder Engine Gasoline Fuel,6-Speed A/T,Gray,Gray,None reported,Yes,21500.0,12,2100.0,0,0,1653.8461538461538
Mazda,CX-30 Base,2020,19319,Gasoline,2.5L I4 16V GDI DOHC,6-Speed Automatic,Snowflake White Pearl,Black,At least 1 accident or damage reported,Yes,24899.0,6,2759.8571428571427,0,1,3557.0
Mercedes-Benz,AMG G AMG G 63 4MATIC,2016,32936,Gasoline,563.0HP 5.5L 8 Cylinder Engine Gasoline Fuel,Transmission w/Dual Shift Mode,White,Beige,At least 1 accident or damage reported,Yes,90000.0,10,2994.181818181818,1,1,8181.818181818182
BMW,M4 Base,2017,30450,Gasoline,425.0HP 3.0L Straight 6 Cylinder Engine Gasoline Fuel,Transmission w/Dual Shift Mode,White,Black,None reported,Yes,52999.0,9,3045.0,1,0,5299.9
Jeep,Wrangler Sport,2017,38200,Gasoline,285.0HP 3.6L V6 Cylinder Engine Gasoline Fuel,A/T,Red,–,None reported,Yes,29500.0,9,3820.0,0,0,2950.0
Jeep,Wrangler Sport,2020,26315,Gasoline,2.0L I4 16V GDI DOHC Turbo,8-Speed Automatic,Black Clearcoat,Black,None reported,Yes,31871.0,6,3759.285714285714,0,0,4553.0
Chevrolet,Silverado 1500 LS,2003,110000,Gasoline,270.0HP 4.8L 8 Cylinder Engine Gasoline Fuel,A/T,Green,Beige,None reported,Yes,8900.0,23,4583.333333333333,0,0,370.8333333333333
MINI,Hardtop Cooper,2014,19700,Gasoline,189.0HP 2.0L 4 Cylinder Engine Gasoline Fuel,6-Speed A/T,Silver,Black,None reported,Yes,13500.0,12,1515.3846153846155,0,0,1038.4615384615386
Honda,Element EX,2008,192000,Gasoline,166.0HP 2.4L 4 Cylinder Engine Gasoline Fuel,5-Speed A/T,Black,Gray,At least 1 accident or damage reported,Yes,11000.0,18,10105.263157894737,0,1,578.9473684210526
Porsche,911 Carrera 4S,2017,26000,Gasoline,420.0HP 3.0L Flat 6 Cylinder Engine Gasoline Fuel,Transmission w/Dual Shift Mode,Gray,Red,None reported,Yes,116911.0,9,2600.0,1,0,11691.1
Subaru,Impreza Outback Sport Wagon,2008,98313,Gasoline,170.0HP 2.5L 4 Cylinder Engine Gasoline Fuel,4-Speed A/T,Silver,Gray,None reported,Yes,7495.0,18,5174.368421052632,0,0,394.4736842105263
Cadillac,XT5 Premium Luxury,2021,66500,Gasoline,310.0HP 3.6L V6 Cylinder Engine Gasoline Fuel,A/T,Silver,Black,None reported,Yes,28500.0,5,11083.333333333334,0,0,4750.0
Nissan,Kicks S,2022,19877,Gasoline,1.6L I4 16V MPFI DOHC,Automatic CVT,Super Black,Charcoal,None reported,Unknown,18999.0,4,3975.4,0,0,3799.8
Kia,Seltos S,2021,16100,Gasoline,146.0HP 2.0L 4 Cylinder Engine Gasoline Fuel,A/T,Blue,Black,None reported,Yes,25500.0,5,2683.3333333333335,0,0,4250.0
GMC,Yukon SLE,2016,83858,Gasoline,355.0HP 5.3L 8 Cylinder Engine Gasoline Fuel,6-Speed A/T,Blue,Gray,At least 1 accident or damage reported,Yes,27633.0,10,7623.454545454545,0,1,2512.090909090909
Mercedes-Benz,GLE 350 Base 4MATIC,2020,24108,Gasoline,255.0HP 2.0L 4 Cylinder Engine Gasoline Fuel,9-Speed A/T,Black,Black,None reported,Yes,56000.0,6,3444.0,1,0,8000.0
Ford,Explorer XLT,2020,42609,Gasoline,2.3L I4 16V GDI DOHC Turbo,10-Speed Automatic,Magnetic Metallic,Ebony,At least 1 accident or damage reported,Yes,32107.0,6,6087.0,0,1,4586.714285714285
Subaru,Impreza 2.0i Premium,2017,160000,Gasoline,152.0HP 2.0L 4 Cylinder Engine Gasoline Fuel,A/T,White,Beige,At least 1 accident or damage reported,Yes,7750.0,9,16000.0,0,1,775.0
INFINITI,QX80 Base,2017,121525,Gasoline,400.0HP 5.6L 8 Cylinder Engine Gasoline Fuel,A/T,Black,Black,At least 1 accident or damage reported,Yes,28500.0,9,12152.5,0,1,2850.0
Kia,Telluride S,2023,6423,Gasoline,291.0HP 3.8L V6 Cylinder Engine Gasoline Fuel,A/T,Gray,Black,None reported,Yes,42500.0,3,1605.75,0,0,10625.0
Pontiac,Solstice Base,2007,62310,Gasoline,177.0HP 2.4L 4 Cylinder Engine Gasoline Fuel,5-Speed A/T,Gray,Black,None reported,Yes,12900.0,19,3115.5,0,0,645.0
Mazda,Mazda6 Carbon Edition,2021,21444,Gasoline,2.5L I4 16V,6-Speed Automatic,Polymetal Gray Metallic,Red,None reported,Yes,29995.0,5,3574.0,0,0,4999.166666666667
Ford,Transit-350 Base,2015,112000,Gasoline,310.0HP 3.5L V6 Cylinder Engine Gasoline Fuel,A/T,White,Gray,At least 1 accident or damage reported,Yes,29500.0,11,9333.333333333334,0,1,2458.3333333333335
Hyundai,Genesis Coupe 3.8 Grand Touring,2013,60000,Gasoline,344.0HP 3.8L V6 Cylinder Engine Gasoline Fuel,A/T,White,–,None reported,Yes,16500.0,13,4285.714285714285,0,0,1178.5714285714287
Dodge,Dart SE,2013,153250,Gasoline,160.0HP 1.4L 4 Cylinder Engine Gasoline Fuel,6-Speed A/T,Silver,Black,None reported,Yes,4399.0,13,10946.42857142857,0,0,314.2142857142857
Jeep,Wrangler Unlimited Sahara,2019,57000,Gasoline,285.0HP 3.6L V6 Cylinder Engine Gasoline Fuel,8-Speed A/T,Gray,Black,None reported,Yes,39900.0,7,7125.0,0,0,4987.5
Chevrolet,Tahoe LTZ,2011,140401,E85 Flex Fuel,320.0HP 5.3L 8 Cylinder Engine Flex Fuel Capability,6-Speed A/T,Red,Beige,At least 1 accident or damage reported,Yes,16000.0,15,8775.0625,0,1,1000.0
Ford,F-150 Tremor,2023,5500,Gasoline,400.0HP 3.5L V6 Cylinder Engine Gasoline Fuel,10-Speed A/T,Gray,Black,None reported,Yes,70000.0,3,1375.0,0,0,17500.0
Chevrolet,Corvette Stingray w/2LT,2022,2010,Gasoline,490.0HP 6.2L 8 Cylinder Engine Gasoline Fuel,Transmission w/Dual Shift Mode,Gray,Brown,None reported,Yes,89000.0,4,402.0,0,0,17800.0
Tesla,Model 3 Long Range,2018,24360,Gasoline,271.0HP Electric Motor Electric Fuel System,A/T,Black,White,None reported,Yes,31500.0,8,2706.6666666666665,1,0,3500.0
Audi,A4 2.0T Premium,2013,96800,Gasoline,211.0HP 2.0L 4 Cylinder Engine Gasoline Fuel,A/T,Gray,Black,At least 1 accident or damage reported,Yes,11000.0,13,6914.285714285715,1,1,785.7142857142857
Cadillac,CTS Performance,2014,34988,Gasoline,318.0HP 3.6L V6 Cylinder Engine Gasoline Fuel,6-Speed A/T,Red,Black,None reported,Yes,21500.0,12,2691.3846153846152,0,0,1653.8461538461538
Nissan,Frontier SV,2012,65750,Gasoline,261.0HP 4.0L V6 Cylinder Engine Gasoline Fuel,A/T,Black,Gray,At least 1 accident or damage reported,Yes,15995.0,14,4383.333333333333,0,1,1066.3333333333333
Chevrolet,Silverado 1500 LTZ,2019,56654,Gasoline,6.2L V8 16V GDI OHV,Automatic,Cajun Red Tintcoat,Jet Black,None reported,Yes,43860.0,7,7081.75,0,0,5482.5
Lincoln,MKT Base,2016,140200,Gasoline,303.0HP 3.7L V6 Cylinder Engine Gasoline Fuel,6-Speed A/T,Black,Black,None reported,Yes,10500.0,10,12745.454545454546,0,0,954.5454545454545
Chevrolet,Cruze LT Automatic,2016,122971,Gasoline,1.4L I4 16V GDI DOHC Turbo,6-Speed Automatic,Kinetic Blue,Jet Black,At least 1 accident or damage reported,Yes,12999.0,10,11179.181818181818,0,1,1181.7272727272727
Nissan,Xterra S,2008,227010,Gasoline,261.0HP 4.0L V6 Cylinder Engine Gasoline Fuel,5-Speed A/T,Gray,Gray,None reported,Yes,3850.0,18,11947.894736842105,0,0,202.6315789473684
Ford,F-150 Lariat SuperCrew,2004,271000,Gasoline,300.0HP 5.4L 8 Cylinder Engine Gasoline Fuel,A/T,Red,Beige,At least 1 accident or damage reported,Yes,9500.0,22,11782.608695652174,0,1,413.04347826086956
Porsche,911 Turbo,2022,13800,Gasoline,572.0HP 3.8L Flat 6 Cylinder Engine Gasoline Fuel,8-Speed A/T,Gray,Red,None reported,Yes,234000.0,4,2760.0,1,0,46800.0
Dodge,Ram 2500 Quad Cab,2001,171079,Diesel,245.0HP 5.9L Straight 6 Cylinder Engine Diesel Fuel,A/T,Silver,Gray,None reported,Yes,27500.0,25,6579.961538461538,0,0,1057.6923076923076
Chevrolet,Colorado ZR2,2021,24915,Gasoline,3.6L V6 24V GDI DOHC,Automatic,Satin Steel Metallic,Jet Black,None reported,Unknown,44791.0,5,4152.5,0,0,7465.166666666667
Nissan,Kicks S,2022,15577,Gasoline,1.6L I4 16V MPFI DOHC,Automatic CVT,Electric Blue Metallic,Charcoal,None reported,Unknown,19599.0,4,3115.4,0,0,3919.8
Audi,S4 3.0T Premium Plus,2014,102370,Gasoline,333.0HP 3.0L V6 Cylinder Engine Gasoline Fuel,7-Speed A/T,Gray,Black,None reported,Yes,21373.0,12,7874.615384615385,1,0,1644.076923076923
Lamborghini,Gallardo LP570-4 Superleggera,2011,16000,Gasoline,562.0HP 5.2L 10 Cylinder Engine Gasoline Fuel,Transmission w/Dual Shift Mode,Yellow,Black,None reported,Yes,229000.0,15,1000.0,0,0,14312.5
Mercedes-Benz,C-Class C 250 Luxury,2012,122000,Gasoline,201.0HP 1.8L 4 Cylinder Engine Gasoline Fuel,7-Speed A/T,White,White,None reported,Yes,15000.0,14,8133.333333333333,1,0,1000.0
FIAT,500X Trekking Plus,2016,48500,Gasoline,180.0HP 2.4L 4 Cylinder Engine Gasoline Fuel,A/T,Yellow,Brown,None reported,Yes,15999.0,10,4409.090909090909,0,0,1454.4545454545455
Ford,F-150 XLT,2018,53500,Gasoline,325.0HP 2.7L V6 Cylinder Engine Gasoline Fuel,10-Speed A/T,Brown,Beige,At least 1 accident or damage reported,Yes,31500.0,8,5944.444444444444,0,1,3500.0
Ford,F-250 XL Crew Cab Super Duty,2004,315000,Diesel,325.0HP 6.0L 8 Cylinder Engine Diesel Fuel,A/T,White,Gray,None reported,Yes,9200.0,22,13695.652173913044,0,0,400.0
Ford,E350 Super Duty Base,2006,158000,Gasoline,305.0HP 6.8L 10 Cylinder Engine Gasoline Fuel,A/T,White,Gray,At least 1 accident or damage reported,Yes,8500.0,20,7523.809523809524,0,1,404.76190476190476
Kia,Sorento SXL,2019,43850,Gasoline,290.0HP 3.3L V6 Cylinder Engine Gasoline Fuel,8-Speed A/T,Black,Black,At least 1 accident or damage reported,Yes,30000.0,7,5481.25,0,1,3750.0
Mercedes-Benz,C-Class C 300 4MATIC Sport,2015,73500,Gasoline,241.0HP 2.0L 4 Cylinder Engine Gasoline Fuel,7-Speed A/T,White,Black,None reported,Yes,19000.0,11,6125.0,1,0,1583.3333333333333
Nissan,Altima 2.5 SL,2014,153350,Gasoline,182.0HP 2.5L 4 Cylinder Engine Gasoline Fuel,A/T,Black,Black,At least 1 accident or damage reported,Yes,9000.0,12,11796.153846153846,0,1,692.3076923076923
Volkswagen,Tiguan 2.0T SEL Premium R-Line,2019,74000,Gasoline,184.0HP 2.0L 4 Cylinder Engine Gasoline Fuel,A/T,White,Silver,None reported,Yes,25500.0,7,9250.0,0,0,3187.5
BMW,328 i xDrive,2013,52000,Gasoline,240.0HP 2.0L 4 Cylinder Engine Gasoline Fuel,Transmission w/Dual Shift Mode,White,Beige,None reported,Yes,17500.0,13,3714.285714285714,1,0,1250.0
Audi,Q4 e-tron 50 Premium Plus,2022,250,Gasoline,295.0HP Electric Motor Electric Fuel System,1-Speed A/T,Gray,Black,None reported,Yes,52000.0,4,50.0,1,0,10400.0
Nissan,Pathfinder S,2017,145000,Gasoline,284.0HP 3.5L V6 Cylinder Engine Gasoline Fuel,A/T,Silver,Gray,At least 1 accident or damage reported,Yes,8500.0,9,14500.0,0,1,850.0
Subaru,Ascent Touring 7-Passenger,2020,40971,Gasoline,260.0HP 2.4L 4 Cylinder Engine Gasoline Fuel,Transmission w/Dual Shift Mode,Blue,Brown,None reported,Yes,32500.0,6,5853.0,0,0,4642.857142857143
Ford,E350 Super Duty XLT,2010,248000,E85 Flex Fuel,255.0HP 5.4L 8 Cylinder Engine Flex Fuel Capability,A/T,Silver,Beige,At least 1 accident or damage reported,Yes,14000.0,16,14588.235294117647,0,1,823.5294117647059
GMC,HUMMER EV Edition 1,2023,940,Gasoline,Electric Motor Electric Fuel System,A/T,White,Black,Unknown,Unknown,146000.0,3,235.0,0,1,36500.0
BMW,M3 CS,2018,38000,Gasoline,453.0HP 3.0L Straight 6 Cylinder Engine Gasoline Fuel,A/T,White,Black,None reported,Yes,60500.0,8,4222.222222222223,1,0,6722.222222222223
Acura,TLX V6 Advance,2016,128000,Gasoline,290.0HP 3.5L V6 Cylinder Engine Gasoline Fuel,A/T,Gray,Black,None reported,Yes,19500.0,10,11636.363636363636,0,0,1772.7272727272727
Chevrolet,Silverado 1500 ZR2,2022,7455,Gasoline,6.2L V8 16V GDI OHV,Automatic,Glacier Blue Metallic,Jet Black,None reported,Unknown,68990.0,4,1491.0,0,0,13798.0
Jeep,Wrangler SE,1999,137790,Gasoline,120.0HP 2.5L 4 Cylinder Engine Gasoline Fuel,5-Speed M/T,Red,–,None reported,Yes,12000.0,27,4921.071428571428,0,0,428.57142857142856
Ford,Edge Sport,2016,92000,Gasoline,315.0HP 2.7L V6 Cylinder Engine Gasoline Fuel,6-Speed A/T,White,Black,None reported,Yes,19995.0,10,8363.636363636364,0,0,1817.7272727272727
Porsche,911 Carrera Cabriolet,2001,21450,Gasoline,300.0HP 3.4L Flat 6 Cylinder Engine Gasoline Fuel,6-Speed M/T,Black,Black,None reported,Yes,36000.0,25,825.0,1,0,1384.6153846153845
Nissan,Murano SL,2021,43875,Gasoline,3.5L V6 24V MPFI DOHC,Automatic CVT,Magnetic Black,Graphite,At least 1 accident or damage reported,Unknown,29725.0,5,7312.5,0,1,4954.166666666667
Pontiac,G8 GT,2009,81327,Gasoline,355.0HP 6.0L 8 Cylinder Engine Gasoline Fuel,Transmission w/Dual Shift Mode,Black,Black,None reported,Yes,17500.0,17,4518.166666666667,0,0,972.2222222222222
Mercedes-Benz,E-Class E 350,2021,72836,Gasoline,255.0HP 2.0L 4 Cylinder Engine Gasoline Fuel,9-Speed A/T,White,Beige,None reported,Yes,41000.0,5,12139.333333333334,1,0,6833.333333333333
McLaren,720S Performance,2020,5072,Gasoline,4.0L V8 32V MPFI DOHC Twin Turbo,7-Speed Automatic with Auto-Shift,Black,Red,None reported,Yes,279950.0,6,724.5714285714286,0,0,39992.857142857145
Jeep,Commander Sport,2007,161900,E85 Flex Fuel,235.0HP 4.7L 8 Cylinder Engine Flex Fuel Capability,A/T,Blue,Gray,At least 1 accident or damage reported,Yes,4800.0,19,8095.0,0,1,240.0
Audi,A5 45 S line Premium Plus,2022,24500,Hybrid,261.0HP 2.0L 4 Cylinder Engine Gasoline/Mild Electric Hybrid,Transmission w/Dual Shift Mode,White,Black,None reported,Yes,47000.0,4,4900.0,1,0,9400.0
BMW,M550 i xDrive,2018,14993,Gasoline,456.0HP 4.4L 8 Cylinder Engine Gasoline Fuel,8-Speed A/T,Gray,Black,None reported,Yes,44900.0,8,1665.888888888889,1,0,4988.888888888889
Volkswagen,Jetta 1.4T R-Line,2019,96000,Gasoline,147.0HP 1.4L 4 Cylinder Engine Gasoline Fuel,A/T,Orange,White,At least 1 accident or damage reported,Yes,14980.0,7,12000.0,0,1,1872.5
Porsche,Taycan 4S,2022,7900,Gasoline,482.0HP Electric Motor Electric Fuel System,2-Speed A/T,Red,–,None reported,Yes,108000.0,4,1580.0,1,0,21600.0
Cadillac,CTS 2.0L Turbo Luxury,2019,35566,Gasoline,265.0HP 2.0L 4 Cylinder Engine Gasoline Fuel,8-Speed A/T,White,Beige,At least 1 accident or damage reported,Yes,26000.0,7,4445.75,0,1,3250.0
Lexus,IS-F Base,2008,113000,Gasoline,416.0HP 5.0L 8 Cylinder Engine Gasoline Fuel,8-Speed A/T,Black,Black,At least 1 accident or damage reported,Yes,34000.0,18,5947.368421052632,1,1,1789.4736842105262
Ford,Explorer XLT,2022,20678,Gasoline,300.0HP 2.3L 4 Cylinder Engine Gasoline Fuel,A/T,Red,Black,None reported,Yes,46000.0,4,4135.6,0,0,9200.0
Porsche,911 Turbo Cabriolet,2008,10900,Gasoline,480.0HP 3.6L Flat 6 Cylinder Engine Gasoline Fuel,6-Speed M/T,Black,Black,None reported,Yes,129000.0,18,573.6842105263158,1,0,6789.473684210527
Buick,LaCrosse Leather,2012,19079,Hybrid,182.0HP 2.4L 4 Cylinder Engine Gasoline/Mild Electric Hybrid,6-Speed A/T,Gold,Beige,None reported,Yes,15995.0,14,1271.9333333333334,0,0,1066.3333333333333
Mazda,RX-8 Sport,2008,155500,Gasoline,212.0HP 1.3L Rotary engine Gasoline Fuel,A/T,Blue,Black,At least 1 accident or damage reported,Yes,6800.0,18,8184.210526315789,0,1,357.89473684210526
Ford,Mustang GT Premium,2019,35500,Gasoline,460.0HP 5.0L 8 Cylinder Engine Gasoline Fuel,10-Speed A/T,White,Black,None reported,Yes,32300.0,7,4437.5,0,0,4037.5
Mazda,Mazda6 Touring,2021,52253,Gasoline,2.5L I4 16V GDI DOHC,6-Speed Automatic,Snowflake White Pearl,Black,At least 1 accident or damage reported,Yes,25215.0,5,8708.833333333334,0,1,4202.5
Ford,Ranger Edge SuperCab,2004,110000,Gasoline,148.0HP 3.0L V6 Cylinder Engine Gasoline Fuel,A/T,White,Gray,At least 1 accident or damage reported,Yes,8500.0,22,4782.608695652174,0,1,369.5652173913044
Volkswagen,Golf GTI 2.0T SE w/Performance Package 4-Door,2016,59250,Gasoline,220.0HP 2.0L 4 Cylinder Engine Gasoline Fuel,Transmission w/Dual Shift Mode,Gray,Black,None reported,Yes,18999.0,10,5386.363636363636,0,0,1727.1818181818182
Ford,Thunderbird Deluxe,2004,39000,Gasoline,280.0HP 3.9L 8 Cylinder Engine Gasoline Fuel,A/T,Black,Beige,Unknown,Unknown,22000.0,22,1695.6521739130435,0,1,956.5217391304348
Hummer,H2 Base,2008,155000,Gasoline,393.0HP 6.2L 8 Cylinder Engine Gasoline Fuel,6-Speed A/T,Green,Black,At least 1 accident or damage reported,Yes,37000.0,18,8157.894736842105,0,1,1947.3684210526317
BMW,X5 sDrive35i,2017,39250,Gasoline,300.0HP 3.0L Straight 6 Cylinder Engine Gasoline Fuel,A/T,Black,Beige,None reported,Yes,28900.0,9,3925.0,1,0,2890.0
BMW,X3 xDrive30i,2020,23647,Gasoline,2.0L I4 16V GDI DOHC Turbo,8-Speed Automatic,Black Sapphire Metallic,Canberra Beige,None reported,Yes,37998.0,6,3378.1428571428573,1,0,5428.285714285715
Hyundai,Accent GLS,2014,127941,Gasoline,138.0HP 1.6L 4 Cylinder Engine Gasoline Fuel,A/T,Silver,Gray,None reported,Yes,7500.0,12,9841.615384615385,0,0,576.9230769230769
RAM,1500 Big Horn,2014,124000,Gasoline,395.0HP 5.7L 8 Cylinder Engine Gasoline Fuel,8-Speed A/T,Black,Black,None reported,Yes,24850.0,12,9538.461538461539,0,0,1911.5384615384614
Ford,Bronco Heritage Edition Advanced,2023,1500,Gasoline,275.0HP 2.3L 4 Cylinder Engine Gasoline Fuel,7-Speed M/T,Red,–,None reported,Yes,60000.0,3,375.0,0,0,15000.0
MINI,Countryman Cooper S ALL4,2014,70700,Gasoline,181.0HP 1.6L 4 Cylinder Engine Gasoline Fuel,6-Speed A/T,White,Black,None reported,Yes,15750.0,12,5438.461538461538,0,0,1211.5384615384614
Cadillac,Escalade Premium,2013,113395,E85 Flex Fuel,403.0HP 6.2L 8 Cylinder Engine Flex Fuel Capability,6-Speed A/T,Beige,Beige,At least 1 accident or damage reported,Yes,18800.0,13,8099.642857142857,0,1,1342.857142857143
Mercedes-Benz,GLE 350 GLE 350,2022,18815,Gasoline,2.0 Liter Turbo,Automatic,Black,Black,None reported,Unknown,61998.0,4,3763.0,1,0,12399.6
Toyota,4Runner Limited,2014,65000,Gasoline,270.0HP 4.0L V6 Cylinder Engine Gasoline Fuel,A/T,Gray,Red,None reported,Yes,27999.0,12,5000.0,0,0,2153.769230769231
Audi,A8 L 55,2019,23350,Hybrid,335.0HP 3.0L V6 Cylinder Engine Gasoline/Mild Electric Hybrid,Transmission w/Dual Shift Mode,Black,Brown,None reported,Yes,48000.0,7,2918.75,1,0,6000.0
Lexus,ES 350 Base,2019,39000,Gasoline,302.0HP 3.5L V6 Cylinder Engine Gasoline Fuel,Transmission w/Dual Shift Mode,Black,Red,At least 1 accident or damage reported,Yes,34000.0,7,4875.0,1,1,4250.0
Toyota,4Runner Limited Nightshade,2019,48842,Gasoline,4.0L V6 24V MPFI DOHC,5-Speed Automatic,White,–,At least 1 accident or damage reported,Yes,39857.0,7,6105.25,0,1,4982.125
FIAT,500 Sport,2015,47800,Gasoline,101.0HP 1.4L 4 Cylinder Engine Gasoline Fuel,A/T,Black,Black,At least 1 accident or damage reported,Yes,11500.0,11,3983.3333333333335,0,1,958.3333333333334
Ford,Maverick XLT,2022,52000,Hybrid,191.0HP 2.5L 4 Cylinder Engine Gas/Electric Hybrid,CVT Transmission,Blue,Gray,None reported,Yes,28000.0,4,10400.0,0,0,5600.0
Ford,Mustang GT,2006,16000,Gasoline,300.0HP 4.6L 8 Cylinder Engine Gasoline Fuel,5-Speed A/T,Silver,Black,None reported,Yes,22000.0,20,761.9047619047619,0,0,1047.6190476190477
Jeep,Wrangler Sport,2023,7102,Gasoline,2.0L I4 16V GDI DOHC Turbo,8-Speed Automatic,Bright White Clearcoat,Black,None reported,Yes,40995.0,3,1775.5,0,0,10248.75
Jeep,Grand Cherokee Limited,2015,157000,E85 Flex Fuel,290.0HP 3.6L V6 Cylinder Engine Flex Fuel Capability,A/T,White,Black,None reported,Yes,17000.0,11,13083.333333333334,0,0,1416.6666666666667
Ford,Mustang Mach-E GT,2023,9095,Gasoline,480.0HP Electric Motor Electric Fuel System,A/T,Orange,Gray,None reported,Yes,59000.0,3,2273.75,0,0,14750.0
Jeep,Compass Sport,2010,179700,Gasoline,172.0HP 2.4L 4 Cylinder Engine Gasoline Fuel,A/T,Black,Gray,At least 1 accident or damage reported,Yes,4500.0,16,10570.588235294117,0,1,264.70588235294116
Lexus,LS 430 Base,2006,170000,Gasoline,278.0HP 4.3L 8 Cylinder Engine Gasoline Fuel,A/T,Silver,Gray,None reported,Yes,7500.0,20,8095.238095238095,1,0,357.14285714285717
Rolls-Royce,Cullinan,2022,3420,Gasoline,6.7L V12 48V GDI DOHC Twin Turbo,8-Speed Automatic,Red,Black,None reported,Yes,399950.0,4,684.0,0,0,79990.0
Ford,F-250 King Ranch,2021,93400,Diesel,475.0HP 6.7L 8 Cylinder Engine Diesel Fuel,10-Speed A/T,Red,Brown,Unknown,Unknown,69995.0,5,15566.666666666666,0,1,11665.833333333334
BMW,X5 xDrive50i,2011,110000,Gasoline,400.0HP 4.4L 8 Cylinder Engine Gasoline Fuel,Transmission w/Dual Shift Mode,White,Blue,At least 1 accident or damage reported,Yes,12000.0,15,6875.0,1,1,750.0
Porsche,911 Carrera,2016,22500,Gasoline,350.0HP 3.4L Flat 6 Cylinder Engine Gasoline Fuel,A/T,Gray,Beige,None reported,Yes,78000.0,10,2045.4545454545455,1,0,7090.909090909091
Ford,Focus ST Base,2013,20800,Gasoline,252.0HP 2.0L 4 Cylinder Engine Gasoline Fuel,6-Speed M/T,Yellow,Gray,None reported,Yes,19795.0,13,1485.7142857142858,0,0,1413.9285714285713
Lexus,ES 300h Base,2018,100868,Hybrid,200.0HP 2.5L 4 Cylinder Engine Gas/Electric Hybrid,CVT Transmission,White,Beige,At least 1 accident or damage reported,Yes,23400.0,8,11207.555555555555,1,1,2600.0
Volkswagen,CC Sport,2012,131986,Gasoline,200.0HP 2.0L 4 Cylinder Engine Gasoline Fuel,M/T,White,Black,At least 1 accident or damage reported,Yes,9000.0,14,8799.066666666668,0,1,600.0
Volkswagen,Golf SportWagen TSI S 4-Door,2016,127770,Gasoline,170.0HP 1.8L 4 Cylinder Engine Gasoline Fuel,5-Speed M/T,White,Beige,None reported,Yes,13800.0,10,11615.454545454546,0,0,1254.5454545454545
Porsche,911 Carrera S,2013,56985,Gasoline,400.0HP 3.8L Flat 6 Cylinder Engine Gasoline Fuel,7-Speed A/T,Blue,Gray,None reported,Yes,65900.0,13,4070.3571428571427,1,0,4707.142857142857
Toyota,Prius Plug-in Base,2014,106000,Plug-In Hybrid,134.0HP 1.8L 4 Cylinder Engine Plug-In Electric/Gas,A/T,Green,Beige,At least 1 accident or damage reported,Yes,11800.0,12,8153.846153846154,0,1,907.6923076923077
Ford,F-250 XLT,2019,92671,Diesel,450.0HP 6.7L 8 Cylinder Engine Diesel Fuel,A/T,Black,Black,At least 1 accident or damage reported,Yes,50000.0,7,11583.875,0,1,6250.0
Mercedes-Benz,S-Class S 560 4MATIC,2019,49500,Gasoline,463.0HP 4.0L 8 Cylinder Engine Gasoline Fuel,A/T,Black,Beige,None reported,Yes,55900.0,7,6187.5,1,0,6987.5
Porsche,911 Carrera,2020,16741,Gasoline,379.0HP 3.0L Flat 6 Cylinder Engine Gasoline Fuel,A/T,Green,Black,None reported,Yes,112500.0,6,2391.5714285714284,1,0,16071.42857142857
Ford,Mustang GT,2011,133504,Gasoline,412.0HP 5.0L 8 Cylinder Engine Gasoline Fuel,6-Speed M/T,Black,Black,None reported,Yes,23500.0,15,8344.0,0,0,1468.75
Cadillac,CTS 2.0L Turbo Luxury,2019,20296,Gasoline,2.0L I4 16V GDI DOHC Turbo,8-Speed Automatic,Red Obsession,Very Light Cashmere,None reported,Unknown,30599.0,7,2537.0,0,0,3824.875
Volkswagen,Jetta 1.4T R-Line,2019,55234,Gasoline,1.4L I4 16V GDI DOHC Turbo,8-Speed Automatic,Platinum Gray Metallic,Black / Gray,None reported,Unknown,19290.0,7,6904.25,0,0,2411.25
Jeep,Wrangler X,2005,162482,Gasoline,190.0HP 4.0L Straight 6 Cylinder Engine Gasoline Fuel,6-Speed M/T,Orange,Gray,None reported,Yes,11000.0,21,7385.545454545455,0,0,500.0
Lincoln,LS V8,2002,42000,Gasoline,252.0HP 3.9L 8 Cylinder Engine Gasoline Fuel,A/T,Silver,Black,At least 1 accident or damage reported,Yes,11000.0,24,1680.0,0,1,440.0
Ford,F-150 Lightning LARIAT,2022,470,Gasoline,563.0HP Electric Motor Electric Fuel System,1-Speed A/T,White,Gray,None reported,Yes,71900.0,4,94.0,0,0,14380.0
Mercedes-Benz,C-Class C55 AMG Sport,2006,98300,Gasoline,362.0HP 5.4L 8 Cylinder Engine Gasoline Fuel,Transmission w/Dual Shift Mode,Black,Black,At least 1 accident or damage reported,Yes,15900.0,20,4680.952380952381,1,1,757.1428571428571
Audi,S6 4.0T Prestige,2013,53900,Gasoline,420.0HP 4.0L 8 Cylinder Engine Gasoline Fuel,7-Speed A/T,Black,Black,Unknown,Unknown,27450.0,13,3850.0,1,1,1960.7142857142858
BMW,335 i xDrive,2013,82849,Gasoline,300.0HP 3.0L Straight 6 Cylinder Engine Gasoline Fuel,8-Speed A/T,Red,Black,None reported,Yes,19999.0,13,5917.785714285715,1,0,1428.5
Porsche,911 Carrera 4S Cabriolet,2009,25500,Gasoline,385.0HP 3.8L Flat 6 Cylinder Engine Gasoline Fuel,6-Speed M/T,Black,Black,None reported,Yes,79995.0,17,1416.6666666666667,1,0,4444.166666666667
Kia,Forte LXS,2020,53452,Gasoline,147.0HP 2.0L 4 Cylinder Engine Gasoline Fuel,A/T,Silver,Black,At least 1 accident or damage reported,Yes,16995.0,6,7636.0,0,1,2427.8571428571427
Chevrolet,Corvette Base,2004,40011,Gasoline,350.0HP 5.7L 8 Cylinder Engine Gasoline Fuel,4-Speed A/T,Red,Black,None reported,Yes,23500.0,22,1739.608695652174,0,0,1021.7391304347826
Hyundai,Santa Fe Sport 2.0L Turbo,2018,45800,Gasoline,240.0HP 2.0L 4 Cylinder Engine Gasoline Fuel,A/T,Silver,Black,At least 1 accident or damage reported,Yes,20900.0,8,5088.888888888889,0,1,2322.222222222222
RAM,1500 Laramie,2022,15741,Gasoline,5.7L V8 16V MPFI OHV,8-Speed Automatic,Flame Red Clearcoat,Black,None reported,Unknown,45999.0,4,3148.2,0,0,9199.8
Kia,Sorento SX Prestige,2023,11100,Gasoline,281.0HP 2.5L 4 Cylinder Engine Gasoline Fuel,Transmission w/Dual Shift Mode,White,Black,None reported,Yes,40200.0,3,2775.0,0,0,10050.0
Ford,F-250 XL,2020,36000,E85 Flex Fuel,385.0HP 6.2L 8 Cylinder Engine Flex Fuel Capability,A/T,White,Gray,None reported,Yes,44000.0,6,5142.857142857143,0,0,6285.714285714285
BMW,X5 xDrive35i,2013,69750,Gasoline,300.0HP 3.0L Straight 6 Cylinder Engine Gasoline Fuel,8-Speed A/T,White,Brown,At least 1 accident or damage reported,Yes,15999.0,13,4982.142857142857,1,1,1142.7857142857142
Mercedes-Benz,C-Class C 300 4MATIC,2021,19162,Gasoline,255.0HP 2.0L 4 Cylinder Engine Gasoline Fuel,Transmission w/Dual Shift Mode,Black,Black,None reported,Yes,38500.0,5,3193.6666666666665,1,0,6416.666666666667
Audi,Q5 S line Premium Plus,2023,6046,Hybrid,2.0 Liter TFSI,Automatic,Daytona Gray,Black,None reported,Unknown,51598.0,3,1511.5,1,0,12899.5
Ford,Explorer XLT,2020,17000,Gasoline,300.0HP 2.3L 4 Cylinder Engine Gasoline Fuel,10-Speed A/T,Blue,Black,At least 1 accident or damage reported,Yes,21000.0,6,2428.5714285714284,0,1,3000.0
Audi,A6 55 Premium,2019,10832,Hybrid,335.0HP 3.0L V6 Cylinder Engine Gasoline/Mild Electric Hybrid,7-Speed A/T,Black,Black,None reported,Yes,42500.0,7,1354.0,1,0,5312.5
Toyota,Matrix XR,2004,173452,Gasoline,130.0HP 1.8L 4 Cylinder Engine Gasoline Fuel,4-Speed A/T,Silver,Black,At least 1 accident or damage reported,Yes,4000.0,22,7541.391304347826,0,1,173.91304347826087
Kia,Optima SX Turbo,2017,103338,Gasoline,2.0L I4 16V GDI DOHC Turbo,6-Speed Automatic,Remington Red Metallic,Black,At least 1 accident or damage reported,Unknown,17238.0,9,10333.8,0,1,1723.8
Ford,F-150 Lariat,2022,28000,Gasoline,400.0HP 3.5L V6 Cylinder Engine Gasoline Fuel,A/T,Black,Black,None reported,Yes,53500.0,4,5600.0,0,0,10700.0
Audi,Q8 3.0T Premium,2019,51984,Hybrid,335.0HP 3.0L V6 Cylinder Engine Gasoline/Mild Electric Hybrid,8-Speed A/T,White,–,None reported,Yes,44870.0,7,6498.0,1,0,5608.75
Chevrolet,Corvette Stingray w/2LT,2020,8974,Gasoline,490.0HP 6.2L 8 Cylinder Engine Gasoline Fuel,A/T,Orange,Black,At least 1 accident or damage reported,Yes,79900.0,6,1282.0,0,1,11414.285714285714
Scion,tC Anniversary Edition,2014,99999,Gasoline,179.0HP 2.5L 4 Cylinder Engine Gasoline Fuel,6-Speed M/T,White,Black,None reported,Yes,10998.0,12,7692.2307692307695,0,0,846.0
Mercedes-Benz,C-Class C 300,2017,59400,Gasoline,241.0HP 2.0L 4 Cylinder Engine Gasoline Fuel,7-Speed A/T,Black,Black,At least 1 accident or damage reported,Yes,21000.0,9,5940.0,1,1,2100.0
Nissan,Murano SV,2020,47147,Gasoline,3.5L V6 24V MPFI DOHC,Automatic CVT,Brilliant Silver Metallic,Graphite,None reported,Yes,23625.0,6,6735.285714285715,0,0,3375.0
Ford,Mustang GT,2018,53782,Gasoline,460.0HP 5.0L 8 Cylinder Engine Gasoline Fuel,6-Speed M/T,Black,Black,At least 1 accident or damage reported,Yes,29950.0,8,5975.777777777777,0,1,3327.777777777778
Ford,Taurus SHO,2011,160000,Gasoline,365.0HP 3.5L V6 Cylinder Engine Gasoline Fuel,A/T,Black,Black,None reported,Yes,4700.0,15,10000.0,0,0,293.75
Chevrolet,Tahoe LTZ,2015,500,Gasoline,355.0HP 5.3L 8 Cylinder Engine Gasoline Fuel,6-Speed A/T,White,Black,At least 1 accident or damage reported,Yes,37000.0,11,41.666666666666664,0,1,3083.3333333333335
Ford,Escape SEL,2020,42000,Gasoline,181.0HP 1.5L 3 Cylinder Engine Gasoline Fuel,A/T,White,Beige,Unknown,Unknown,19000.0,6,6000.0,0,1,2714.285714285714
Dodge,Grand Caravan SE,2018,64000,E85 Flex Fuel,283.0HP 3.6L V6 Cylinder Engine Flex Fuel Capability,A/T,White,Gray,None reported,Yes,35000.0,8,7111.111111111111,0,0,3888.8888888888887
Hyundai,Elantra HEV Limited,2021,28600,Hybrid,139.0HP 1.6L 4 Cylinder Engine Gas/Electric Hybrid,A/T,Gray,Black,None reported,Yes,23999.0,5,4766.666666666667,0,0,3999.8333333333335
GMC,Canyon Denali,2019,26339,Gasoline,308.0HP 3.6L V6 Cylinder Engine Gasoline Fuel,8-Speed A/T,Red,Black,At least 1 accident or damage reported,Yes,36750.0,7,3292.375,0,1,4593.75
Alfa,Romeo Giulia Quadrifoglio,2018,28644,Gasoline,505.0HP 2.9L V6 Cylinder Engine Gasoline Fuel,8-Speed A/T,Black,Black,Unknown,Unknown,41500.0,8,3182.6666666666665,0,1,4611.111111111111
Subaru,Impreza WRX,2008,148740,Gasoline,224.0HP 2.5L 4 Cylinder Engine Gasoline Fuel,5-Speed M/T,Black,Black,At least 1 accident or damage reported,Yes,14500.0,18,7828.421052631579,0,1,763.1578947368421
GMC,Sierra 2500 Denali,2021,16919,Diesel,445.0HP 6.6L 8 Cylinder Engine Diesel Fuel,10-Speed A/T,Black,Black,At least 1 accident or damage reported,Yes,73000.0,5,2819.8333333333335,0,1,12166.666666666666
Chevrolet,Tahoe LS,2005,170000,Gasoline,285.0HP 4.8L 8 Cylinder Engine Gasoline Fuel,4-Speed A/T,Silver,Gray,At least 1 accident or damage reported,Yes,9000.0,21,7727.272727272727,0,1,409.09090909090907
Mercedes-Benz,SL-Class SL 550,2013,130000,Gasoline,429.0HP 4.6L 8 Cylinder Engine Gasoline Fuel,A/T,Gray,Beige,At least 1 accident or damage reported,Yes,26900.0,13,9285.714285714286,1,1,1921.4285714285713
Ford,Escape PHEV SE,2022,1889,Plug-In Hybrid,221.0HP 2.5L 4 Cylinder Engine Plug-In Electric/Gas,CVT Transmission,White,Gray,None reported,Yes,32850.0,4,377.8,0,0,6570.0
Dodge,Charger GT,2018,62197,Gasoline,3.6L V6 24V MPFI DOHC,8-Speed Automatic,White Knuckle Clearcoat,Black,None reported,Yes,26691.0,8,6910.777777777777,0,0,2965.6666666666665
Ford,F-150 XLT,2016,71000,E85 Flex Fuel,385.0HP 5.0L 8 Cylinder Engine Flex Fuel Capability,A/T,Black,–,At least 1 accident or damage reported,Yes,24350.0,10,6454.545454545455,0,1,2213.6363636363635
Lexus,NX 200t Base,2016,83400,Gasoline,235.0HP 2.0L 4 Cylinder Engine Gasoline Fuel,A/T,Blue,Brown,At least 1 accident or damage reported,Yes,22495.0,10,7581.818181818182,1,1,2045.0
Cadillac,XT5 Base,2019,74414,Gasoline,310.0HP 3.6L V6 Cylinder Engine Gasoline Fuel,8-Speed A/T,Black,Beige,None reported,Yes,26000.0,7,9301.75,0,0,3250.0
Ford,Mustang Shelby GT500,2010,29816,Gasoline,540.0HP 5.4L 8 Cylinder Engine Gasoline Fuel,6-Speed M/T,Black,Black,None reported,Yes,38000.0,16,1753.8823529411766,0,0,2235.294117647059
Ford,F-250 Lariat,2015,68749,Diesel,440.0HP 6.7L 8 Cylinder Engine Diesel Fuel,Transmission w/Dual Shift Mode,Gray,Black,None reported,Yes,45000.0,11,5729.083333333333,0,0,3750.0
BMW,325 i,2005,190395,Gasoline,184.0HP 2.5L Straight 6 Cylinder Engine Gasoline Fuel,A/T,Black,Brown,None reported,Yes,5000.0,21,8654.318181818182,1,0,227.27272727272728
Lamborghini,Huracan LP610-4,2015,34152,Gasoline,602.0HP 5.2L 10 Cylinder Engine Gasoline Fuel,7-Speed A/T,Blue,Red,None reported,Yes,185500.0,11,2846.0,0,0,15458.333333333334
Toyota,Camry XLE,2007,98528,Gasoline,158.0HP 2.4L 4 Cylinder Engine Gasoline Fuel,5-Speed A/T,White,Gray,At least 1 accident or damage reported,Yes,7450.0,19,4926.4,0,1,372.5
BMW,335 i,2011,91500,Gasoline,300.0HP 3.0L Straight 6 Cylinder Engine Gasoline Fuel,6-Speed A/T,Blue,Beige,At least 1 accident or damage reported,Yes,13599.0,15,5718.75,1,1,849.9375
Chevrolet,Camaro 1SS,2017,50850,Gasoline,455.0HP 6.2L 8 Cylinder Engine Gasoline Fuel,6-Speed M/T,Blue,Black,None reported,Yes,37000.0,9,5085.0,0,0,3700.0
Mazda,MX-5 Miata Base,1999,130000,Gasoline,140.0HP 1.8L 4 Cylinder Engine Gasoline Fuel,A/T,Green,Beige,At least 1 accident or damage reported,Yes,9000.0,27,4642.857142857143,0,1,321.42857142857144
Toyota,Tundra SR5 Double Cab,2005,199400,Gasoline,282.0HP 4.7L 8 Cylinder Engine Gasoline Fuel,A/T,Gray,Gray,At least 1 accident or damage reported,Yes,8500.0,21,9063.636363636364,0,1,386.3636363636364
RAM,2500 Powerwagon,2013,84220,Gasoline,383.0HP 5.7L 8 Cylinder Engine Gasoline Fuel,6-Speed A/T,White,Gray,At least 1 accident or damage reported,Yes,26500.0,13,6015.714285714285,0,1,1892.857142857143
Mercedes-Benz,S-Class S 550 4MATIC,2016,67280,Gasoline,449.0HP 4.7L 8 Cylinder Engine Gasoline Fuel,7-Speed A/T,White,Black,None reported,Yes,41999.0,10,6116.363636363636,1,0,3818.090909090909
Volkswagen,Passat 2.0T R-Line,2021,16538,Gasoline,2.0 Liter TSI,Automatic,Reflex Silver,Titan Black,None reported,Unknown,25998.0,5,2756.3333333333335,0,0,4333.0
Toyota,Tundra Platinum,2018,66000,Gasoline,381.0HP 5.7L 8 Cylinder Engine Gasoline Fuel,6-Speed A/T,Gray,Black,None reported,Yes,51000.0,8,7333.333333333333,0,0,5666.666666666667
Cadillac,Escalade Luxury,2018,53450,Gasoline,420.0HP 6.2L 8 Cylinder Engine Gasoline Fuel,10-Speed A/T,White,Beige,None reported,Yes,49999.0,8,5938.888888888889,0,0,5555.444444444444
Volkswagen,Golf Alltrack TSI SE,2018,63277,Gasoline,170.0HP 1.8L 4 Cylinder Engine Gasoline Fuel,6-Speed A/T,White,Black,None reported,Yes,20900.0,8,7030.777777777777,0,0,2322.222222222222
Nissan,Altima 2.5 S,2020,30900,Gasoline,182.0HP 2.5L 4 Cylinder Engine Gasoline Fuel,A/T,Silver,Gray,None reported,Yes,21000.0,6,4414.285714285715,0,0,3000.0
Mercedes-Benz,GLA 250 Base 4MATIC,2019,60854,Gasoline,2.0 Liter Turbo,Automatic,White,Black,None reported,Unknown,25498.0,7,7606.75,1,0,3187.25
Ford,F-150 Platinum,2015,85000,Gasoline,365.0HP 3.5L V6 Cylinder Engine Gasoline Fuel,6-Speed A/T,White,Black,None reported,Yes,31000.0,11,7083.333333333333,0,0,2583.3333333333335
Toyota,RAV4 SE,2016,108130,Gasoline,176.0HP 2.5L 4 Cylinder Engine Gasoline Fuel,Transmission w/Dual Shift Mode,Gray,Orange,None reported,Yes,18500.0,10,9830.0,0,0,1681.8181818181818
Toyota,4Runner TRD Sport,2023,11400,Gasoline,270.0HP 4.0L V6 Cylinder Engine Gasoline Fuel,A/T,Green,Black,None reported,Yes,46000.0,3,2850.0,0,0,11500.0
Mercedes-Benz,GL-Class GL 450 4MATIC,2013,63300,Gasoline,362.0HP 4.6L 8 Cylinder Engine Gasoline Fuel,7-Speed A/T,Black,Black,None reported,Yes,22800.0,13,4521.428571428572,1,0,1628.5714285714287
Tesla,Model Y Performance,2020,27500,Gasoline,455.0HP Electric Motor Electric Fuel System,A/T,Gray,White,None reported,Yes,44000.0,6,3928.5714285714284,1,0,6285.714285714285
BMW,X5 xDrive 35i Sport Activity,2012,122600,Gasoline,300.0HP 3.0L Straight 6 Cylinder Engine Gasoline Fuel,8-Speed A/T,Black,Black,At least 1 accident or damage reported,Yes,12900.0,14,8173.333333333333,1,1,860.0
Dodge,Charger Base,2006,145565,Gasoline,250.0HP 3.5L V6 Cylinder Engine Gasoline Fuel,A/T,Blue,Gray,At least 1 accident or damage reported,Yes,4500.0,20,6931.666666666667,0,1,214.28571428571428
Ford,Transit-250 Base,2016,66500,Gasoline,310.0HP 3.5L V6 Cylinder Engine Gasoline Fuel,6-Speed A/T,White,Gray,None reported,Yes,27000.0,10,6045.454545454545,0,0,2454.5454545454545
BMW,330 i xDrive,2017,75000,Gasoline,248.0HP 2.0L 4 Cylinder Engine Gasoline Fuel,A/T,Blue,Black,None reported,Yes,20000.0,9,7500.0,1,0,2000.0
Mazda,CX-5 Grand Touring,2021,24781,Gasoline,2.5L I4 16V GDI DOHC,6-Speed Automatic,Machine Gray Metallic,Black,Unknown,Unknown,28991.0,5,4130.166666666667,0,1,4831.833333333333
BMW,X5 M Base,2013,67000,Gasoline,555.0HP 4.4L 8 Cylinder Engine Gasoline Fuel,A/T,Silver,Black,At least 1 accident or damage reported,Yes,24500.0,13,4785.714285714285,1,1,1750.0
Audi,Q5 2.0T Premium Plus,2019,24500,Gasoline,248.0HP 2.0L 4 Cylinder Engine Gasoline Fuel,A/T,Black,–,None reported,Yes,31000.0,7,3062.5,1,0,3875.0
Audi,S5 3.0T Prestige,2013,37500,Gasoline,333.0HP 3.0L V6 Cylinder Engine Gasoline Fuel,7-Speed A/T,Black,Black,None reported,Yes,26000.0,13,2678.5714285714284,1,0,1857.142857142857
Nissan,GT-R Premium,2013,101000,Gasoline,545.0HP 3.8L V6 Cylinder Engine Gasoline Fuel,Transmission w/Dual Shift Mode,White,Black,None reported,Yes,59000.0,13,7214.285714285715,0,0,4214.285714285715
Tesla,Model 3 Long Range,2020,25000,Gasoline,425.0HP Electric Motor Electric Fuel System,1-Speed A/T,Blue,Black,None reported,Yes,49995.0,6,3571.4285714285716,1,0,7142.142857142857
Toyota,Camry Solara SLE V6,2000,245000,Gasoline,200.0HP 3.0L V6 Cylinder Engine Gasoline Fuel,A/T,Black,Beige,At least 1 accident or damage reported,Yes,2500.0,26,9074.074074074075,0,1,92.5925925925926
Tesla,Model Y Long Range,2021,49252,Gasoline,Electric,1-Speed Automatic,Deep Blue Metallic,Black,None reported,Unknown,37999.0,5,8208.666666666666,1,0,6333.166666666667
Buick,Cascada Base,2016,103814,Gasoline,200.0HP 1.6L 4 Cylinder Engine Gasoline Fuel,6-Speed A/T,White,Black,At least 1 accident or damage reported,Yes,14995.0,10,9437.636363636364,0,1,1363.1818181818182
Toyota,4Runner Venture,2021,27000,Gasoline,270.0HP 4.0L V6 Cylinder Engine Gasoline Fuel,A/T,White,Black,None reported,Yes,48500.0,5,4500.0,0,0,8083.333333333333
BMW,530 i xDrive,2021,60942,Gasoline,2.0L I4 16V GDI DOHC Turbo,8-Speed Automatic,Glacier Silver Metallic,Black,None reported,Yes,32085.0,5,10157.0,1,0,5347.5
BMW,535 i xDrive,2011,100780,Gasoline,300.0HP 3.0L Straight 6 Cylinder Engine Gasoline Fuel,8-Speed A/T,Gray,Black,At least 1 accident or damage reported,Yes,12000.0,15,6298.75,1,1,750.0
Tesla,Model S 100D,2018,65000,Gasoline,518.0HP Electric Motor Electric Fuel System,A/T,Blue,Black,None reported,Yes,41000.0,8,7222.222222222223,1,0,4555.555555555556
Lexus,GX 460 Base,2012,167000,Gasoline,301.0HP 4.6L 8 Cylinder Engine Gasoline Fuel,A/T,Black,Beige,At least 1 accident or damage reported,Yes,19470.0,14,11133.333333333334,1,1,1298.0
Chevrolet,Trailblazer SS,2008,161000,Gasoline,390.0HP 6.0L 8 Cylinder Engine Gasoline Fuel,4-Speed A/T,Red,Black,At least 1 accident or damage reported,Yes,17000.0,18,8473.684210526315,0,1,894.7368421052631
Subaru,Impreza WRX,2005,90200,Gasoline,227.0HP 2.0L 4 Cylinder Engine Gasoline Fuel,5-Speed M/T,Blue,Black,None reported,Yes,12499.0,21,4100.0,0,0,568.1363636363636
Volkswagen,Passat 2.5 SE,2012,159870,Gasoline,170.0HP 2.5L 5 Cylinder Engine Gasoline Fuel,A/T,White,Beige,At least 1 accident or damage reported,Yes,9750.0,14,10658.0,0,1,650.0
Porsche,911 Carrera Cabriolet,1996,38000,–,–,Transmission w/Dual Shift Mode,Blue,Gray,Unknown,Unknown,75000.0,30,1225.8064516129032,1,1,2419.3548387096776
Audi,Q5 40 Premium,2022,14550,Hybrid,201.0HP 2.0L 4 Cylinder Engine Gasoline/Mild Electric Hybrid,7-Speed A/T,Silver,Brown,None reported,Yes,41500.0,4,2910.0,1,0,8300.0
INFINITI,Q60 3.0t Red Sport 400,2018,38000,Gasoline,400.0HP 3.0L V6 Cylinder Engine Gasoline Fuel,A/T,Red,White,None reported,Yes,32000.0,8,4222.222222222223,0,0,3555.5555555555557
Chevrolet,Camaro Z28,2002,35515,Gasoline,310.0HP 5.7L 8 Cylinder Engine Gasoline Fuel,M/T,Silver,Black,At least 1 accident or damage reported,Yes,21000.0,24,1420.6,0,1,840.0
Mazda,Protege DX,1993,94200,–,–,A/T,Gray,–,At least 1 accident or damage reported,Yes,2500.0,33,2770.5882352941176,0,1,73.52941176470588
Mercedes-Benz,SL-Class SL550 Roadster,2008,33300,Gasoline,382.0HP 5.5L 8 Cylinder Engine Gasoline Fuel,7-Speed A/T,White,Beige,None reported,Yes,34500.0,18,1752.6315789473683,1,0,1815.7894736842106
Mercedes-Benz,C-Class C 300 4MATIC,2016,90189,Gasoline,241.0HP 2.0L 4 Cylinder Engine Gasoline Fuel,A/T,White,–,At least 1 accident or damage reported,Yes,17995.0,10,8199.0,1,1,1635.909090909091
Land,Rover Range Rover Autobiography,2023,1148,Gasoline,4.4L V8 32V GDI DOHC Twin Turbo,Automatic,Carpathian Grey,Ebony,None reported,Unknown,193063.0,3,287.0,1,0,48265.75
Mercedes-Benz,SLK-Class SLK320,2001,59500,Gasoline,215.0HP 3.2L V6 Cylinder Engine Gasoline Fuel,6-Speed M/T,Blue,Beige,None reported,Yes,6500.0,25,2288.4615384615386,1,0,250.0
Ford,Transit-350 XL,2017,134000,Gasoline,310.0HP 3.5L V6 Cylinder Engine Gasoline Fuel,A/T,Silver,Gray,None reported,Yes,26500.0,9,13400.0,0,0,2650.0
Buick,Enclave Premium,2014,86281,Gasoline,288.0HP 3.6L V6 Cylinder Engine Gasoline Fuel,6-Speed A/T,Black,Black,None reported,Yes,18900.0,12,6637.0,0,0,1453.8461538461538
Porsche,Cayenne AWD,2020,34580,Gasoline,335.0HP 3.0L V6 Cylinder Engine Gasoline Fuel,A/T,Black,Red,None reported,Yes,56000.0,6,4940.0,1,0,8000.0
Hyundai,Santa Fe SE,2007,145000,Gasoline,242.0HP 3.3L V6 Cylinder Engine Gasoline Fuel,A/T,Blue,Gray,At least 1 accident or damage reported,Yes,4200.0,19,7250.0,0,1,210.0
Mazda,Mazda6 Signature,2021,11737,Gasoline,2.5L I4 16V GDI DOHC Turbo,6-Speed Automatic,Soul Red Crystal Metallic,Deep Chestnut,None reported,Yes,33687.0,5,1956.1666666666667,0,0,5614.5
Tesla,Model X Performance,2020,25535,Gasoline,778.0HP Electric Motor Electric Fuel System,A/T,White,Beige,None reported,Yes,68969.0,6,3647.8571428571427,1,0,9852.714285714286
Jeep,Wrangler Unlimited Sport,2016,67499,Gasoline,285.0HP 3.6L V6 Cylinder Engine Gasoline Fuel,6-Speed M/T,Beige,Black,None reported,Yes,27500.0,10,6136.272727272727,0,0,2500.0
Toyota,4Runner Sport,2004,220450,Gasoline,245.0HP 4.0L V6 Cylinder Engine Gasoline Fuel,A/T,Gray,Gray,None reported,Yes,8550.0,22,9584.782608695652,0,0,371.7391304347826
Chevrolet,Silverado 1500 2LT,2018,20200,Gasoline,355.0HP 5.3L 8 Cylinder Engine Gasoline Fuel,6-Speed A/T,Silver,Gray,At least 1 accident or damage reported,Yes,42950.0,8,2244.4444444444443,0,1,4772.222222222223
Jaguar,XK8 Base,2000,40000,Gasoline,290.0HP 4.0L 8 Cylinder Engine Gasoline Fuel,5-Speed A/T,Blue,Beige,None reported,Yes,15400.0,26,1481.4814814814815,1,0,570.3703703703703
Mercedes-Benz,GLA-Class GLA 45 AMG,2015,80300,Gasoline,355.0HP 2.0L 4 Cylinder Engine Gasoline Fuel,7-Speed A/T,Black,Black,At least 1 accident or damage reported,Yes,22000.0,11,6691.666666666667,1,1,1833.3333333333333
BMW,330 i xDrive,2017,63150,Gasoline,248.0HP 2.0L 4 Cylinder Engine Gasoline Fuel,A/T,White,Beige,None reported,Yes,21500.0,9,6315.0,1,0,2150.0
Volkswagen,Atlas 3.6L SE w/Technology,2018,48210,Gasoline,276.0HP 3.6L V6 Cylinder Engine Gasoline Fuel,Transmission w/Dual Shift Mode,Silver,Black,None reported,Yes,24999.0,8,5356.666666666667,0,0,2777.6666666666665
Nissan,Juke SL,2012,115359,Gasoline,188.0HP 1.6L 4 Cylinder Engine Gasoline Fuel,A/T,Black,Black,None reported,Yes,9950.0,14,7690.6,0,0,663.3333333333334
Subaru,Impreza 2.0i Premium,2018,90601,Gasoline,152.0HP 2.0L 4 Cylinder Engine Gasoline Fuel,CVT Transmission,White,Beige,None reported,Yes,26000.0,8,10066.777777777777,0,0,2888.8888888888887
BMW,M5 Base,2000,132200,Gasoline,400.0HP 5.0L 8 Cylinder Engine Gasoline Fuel,6-Speed M/T,Blue,Black,None reported,Yes,26900.0,26,4896.2962962962965,1,0,996.2962962962963
Mercedes-Benz,Sprinter 2500 Standard Roof,2023,4000,Diesel,211.0HP 2.0L 4 Cylinder Engine Diesel Fuel,9-Speed A/T,White,Black,None reported,Yes,65000.0,3,1000.0,1,0,16250.0
Volkswagen,Beetle 2.0T Final Edition SE,2019,32000,Gasoline,174.0HP 2.0L 4 Cylinder Engine Gasoline Fuel,Transmission w/Dual Shift Mode,Gray,Black,None reported,Yes,32750.0,7,4000.0,0,0,4093.75
MINI,Countryman Cooper S ALL4,2016,95070,Gasoline,181.0HP 1.6L 4 Cylinder Engine Gasoline Fuel,6-Speed A/T,Blue,Black,None reported,Yes,12750.0,10,8642.727272727272,0,0,1159.090909090909
Nissan,Rogue SL,2017,148000,Gasoline,170.0HP 2.5L 4 Cylinder Engine Gasoline Fuel,A/T,White,–,None reported,Yes,13000.0,9,14800.0,0,0,1300.0
Lexus,CT 200h Premium,2014,125519,Hybrid,134.0HP 1.8L 4 Cylinder Engine Gas/Electric Hybrid,CVT Transmission,Black,Black,At least 1 accident or damage reported,Yes,16000.0,12,9655.307692307691,1,1,1230.7692307692307
INFINITI,G37 x,2013,90000,Gasoline,328.0HP 3.7L V6 Cylinder Engine Gasoline Fuel,Transmission w/Dual Shift Mode,Silver,Black,None reported,Yes,14500.0,13,6428.571428571428,0,0,1035.7142857142858
Audi,A6 2.0T Sport,2018,49650,Gasoline,252.0HP 2.0L 4 Cylinder Engine Gasoline Fuel,A/T,Black,Black,At least 1 accident or damage reported,Yes,23750.0,8,5516.666666666667,1,1,2638.8888888888887
Nissan,Altima 2.5 S,2015,149800,Gasoline,182.0HP 2.5L 4 Cylinder Engine Gasoline Fuel,A/T,Black,Black,At least 1 accident or damage reported,Yes,11600.0,11,12483.333333333334,0,1,966.6666666666666
Chevrolet,Blazer 1LT,2019,37161,Gasoline,2.5L I4 16V GDI DOHC,9-Speed Automatic,Nightfall Gray Metallic,Jet Black,None reported,Yes,26990.0,7,4645.125,0,0,3373.75
Dodge,Ram 3500 Quad Cab DRW,2000,188000,–,–,A/T,Silver,Gray,At least 1 accident or damage reported,Yes,10000.0,26,6962.962962962963,0,1,370.3703703703704
Ford,Transit Connect XLT,2016,111700,E85 Flex Fuel,169.0HP 2.5L 4 Cylinder Engine Flex Fuel Capability,A/T,White,Beige,None reported,Yes,15500.0,10,10154.545454545454,0,0,1409.090909090909
Mercedes-Benz,S-Class S 550 4MATIC,2016,72784,Gasoline,449.0HP 4.7L 8 Cylinder Engine Gasoline Fuel,7-Speed A/T,Blue,White,None reported,Yes,34900.0,10,6616.727272727273,1,0,3172.7272727272725
Cadillac,Escalade Base,2007,150000,Gasoline,403.0HP 6.2L 8 Cylinder Engine Gasoline Fuel,A/T,White,Beige,None reported,Yes,9999.0,19,7500.0,0,0,499.95
Ford,Transit Connect XLT,2012,140450,Gasoline,136.0HP 2.0L 4 Cylinder Engine Gasoline Fuel,4-Speed A/T,Red,Gray,At least 1 accident or damage reported,Yes,8500.0,14,9363.333333333334,0,1,566.6666666666666
Lexus,IS 250 Base,2010,132700,Gasoline,204.0HP 2.5L V6 Cylinder Engine Gasoline Fuel,A/T,Black,Black,At least 1 accident or damage reported,Yes,10700.0,16,7805.882352941177,1,1,629.4117647058823
Dodge,Durango GT,2020,49000,Gasoline,295.0HP 3.6L V6 Cylinder Engine Gasoline Fuel,A/T,White,Black,None reported,Yes,40000.0,6,7000.0,0,0,5714.285714285715
Chevrolet,Corvette Stingray w/2LT,2023,2058,Gasoline,490.0HP 6.2L 8 Cylinder Engine Gasoline Fuel,A/T,Gray,Black,None reported,Yes,101999.0,3,514.5,0,0,25499.75
Jeep,Wrangler Unlimited Sahara,2019,23442,Gasoline,285.0HP 3.6L V6 Cylinder Engine Gasoline Fuel,A/T,White,Beige,None reported,Yes,44500.0,7,2930.25,0,0,5562.5
Tesla,Model 3 Long Range,2021,23749,Gasoline,Electric,1-Speed Automatic,White,Black,None reported,Unknown,35999.0,5,3958.1666666666665,1,0,5999.833333333333
Toyota,4Runner TRD Pro,2021,35048,Gasoline,4.0L V6 24V MPFI DOHC,5-Speed Automatic,Lunar Rock,Black / Graphite,None reported,Unknown,52590.0,5,5841.333333333333,0,0,8765.0
INFINITI,QX60 Base,2016,91239,Gasoline,265.0HP 3.5L V6 Cylinder Engine Gasoline Fuel,A/T,Gray,Black,None reported,Yes,17500.0,10,8294.454545454546,0,0,1590.909090909091
Porsche,911 Carrera,2022,2950,Gasoline,379.0HP 3.0L Flat 6 Cylinder Engine Gasoline Fuel,8-Speed A/T,Green,Black,None reported,Yes,131000.0,4,590.0,1,0,26200.0
Ford,F-150 XL,2019,59678,Gasoline,2.7L V6 24V PDI DOHC Twin Turbo,Automatic,Gray,Black,None reported,Yes,33700.0,7,7459.75,0,0,4212.5
BMW,M240 i xDrive,2022,2010,Gasoline,382.0HP 3.0L Straight 6 Cylinder Engine Gasoline Fuel,A/T,Purple,Black,None reported,Yes,55000.0,4,402.0,1,0,11000.0
Toyota,Prius Two,2014,80354,Hybrid,134.0HP 1.8L 4 Cylinder Engine Gas/Electric Hybrid,A/T,Red,Gray,At least 1 accident or damage reported,Yes,13310.0,12,6181.076923076923,0,1,1023.8461538461538
Ford,Expedition Max XLT,2018,105674,Gasoline,375.0HP 3.5L V6 Cylinder Engine Gasoline Fuel,10-Speed A/T,White,Beige,None reported,Yes,34995.0,8,11741.555555555555,0,0,3888.3333333333335
Toyota,Tundra Grade,2013,92700,Gasoline,310.0HP 4.6L 8 Cylinder Engine Gasoline Fuel,6-Speed A/T,Gray,Gray,At least 1 accident or damage reported,Yes,20800.0,13,6621.428571428572,0,1,1485.7142857142858
Ford,Edge Titanium,2016,101387,Gasoline,245.0HP 2.0L 4 Cylinder Engine Gasoline Fuel,6-Speed A/T,Black,Beige,At least 1 accident or damage reported,Yes,16000.0,10,9217.0,0,1,1454.5454545454545
Buick,Envision Essence,2021,36544,Gasoline,2.0L I4 16V GDI DOHC Turbo,9-Speed Automatic,Dark Moon Blue Metallic,Ebony,None reported,Yes,33290.0,5,6090.666666666667,0,0,5548.333333333333
Audi,Q7 55 Prestige,2019,41000,Gasoline,329.0HP 3.0L V6 Cylinder Engine Gasoline Fuel,A/T,White,Beige,None reported,Yes,39900.0,7,5125.0,1,0,4987.5
Chrysler,Town & Country Touring-L,2013,115872,E85 Flex Fuel,283.0HP 3.6L V6 Cylinder Engine Flex Fuel Capability,A/T,Black,Black,None reported,Yes,9500.0,13,8276.57142857143,0,0,678.5714285714286
Chevrolet,Cruze LS,2011,135603,Gasoline,136.0HP 1.8L 4 Cylinder Engine Gasoline Fuel,A/T,Silver,Black,None reported,Yes,7000.0,15,8475.1875,0,0,437.5
Ford,F-150 Lariat,2020,26540,Gasoline,375.0HP 3.5L V6 Cylinder Engine Gasoline Fuel,A/T,White,Black,None reported,Yes,46995.0,6,3791.4285714285716,0,0,6713.571428571428
Jaguar,XF Premium,2011,35134,Gasoline,385.0HP 5.0L 8 Cylinder Engine Gasoline Fuel,A/T,Gray,Gray,At least 1 accident or damage reported,Yes,12400.0,15,2195.875,1,1,775.0
Jeep,Wrangler Unlimited Rubicon,2020,49990,Gasoline,270.0HP 2.0L 4 Cylinder Engine Gasoline Fuel,8-Speed A/T,Black,Black,None reported,Yes,53000.0,6,7141.428571428572,0,0,7571.428571428572
Ford,F-250 Lariat,2011,153818,Diesel,400.0HP 6.7L 8 Cylinder Engine Diesel Fuel,6-Speed A/T,Gray,Gray,At least 1 accident or damage reported,Yes,29800.0,15,9613.625,0,1,1862.5
Jaguar,F-PACE 35t Premium,2017,58060,Gasoline,340.0HP 3.0L V6 Cylinder Engine Gasoline Fuel,8-Speed A/T,Blue,Beige,At least 1 accident or damage reported,Yes,26000.0,9,5806.0,1,1,2600.0
Porsche,911 Carrera S,2015,36000,Gasoline,400.0HP 3.8L Flat 6 Cylinder Engine Gasoline Fuel,7-Speed A/T,Black,Black,None reported,Yes,84999.0,11,3000.0,1,0,7083.25
Ford,Bronco Badlands Advanced,2022,17000,Gasoline,315.0HP 2.7L V6 Cylinder Engine Gasoline Fuel,10-Speed A/T,White,Black,None reported,Yes,69999.0,4,3400.0,0,0,13999.8
Suzuki,SX4 Base,2013,99982,Gasoline,150.0HP 2.0L 4 Cylinder Engine Gasoline Fuel,M/T,Orange,Gray,At least 1 accident or damage reported,Yes,6900.0,13,7141.571428571428,0,1,492.85714285714283
Ford,EcoSport SES,2019,106000,Gasoline,166.0HP 2.0L 4 Cylinder Engine Gasoline Fuel,A/T,Silver,Black,At least 1 accident or damage reported,Yes,12000.0,7,13250.0,0,1,1500.0
Toyota,Land Cruiser Base,1994,178416,–,–,A/T,Green,Beige,None reported,Yes,9000.0,32,5406.545454545455,0,0,272.72727272727275
Honda,Civic EX,2014,82500,Gasoline,143.0HP 1.8L 4 Cylinder Engine Gasoline Fuel,CVT Transmission,Silver,Gray,None reported,Yes,15000.0,12,6346.153846153846,0,0,1153.8461538461538
Mercedes-Benz,Sprinter 2500 Standard Roof,2018,41500,Diesel,188.0HP 3.0L V6 Cylinder Engine Diesel Fuel,A/T,Gray,Black,None reported,Yes,61000.0,8,4611.111111111111,1,0,6777.777777777777
BMW,X3 xDrive28i,2015,92984,Gasoline,240.0HP 2.0L 4 Cylinder Engine Gasoline Fuel,Transmission w/Dual Shift Mode,White,Beige,At least 1 accident or damage reported,Yes,17000.0,11,7748.666666666667,1,1,1416.6666666666667
Nissan,Murano SL,2007,120000,Gasoline,240.0HP 3.5L V6 Cylinder Engine Gasoline Fuel,A/T,Silver,Black,None reported,Yes,6750.0,19,6000.0,0,0,337.5
Chevrolet,Corvette Stingray,2015,25548,Gasoline,455.0HP 6.2L 8 Cylinder Engine Gasoline Fuel,8-Speed A/T,Gray,Gray,None reported,Yes,49000.0,11,2129.0,0,0,4083.3333333333335
Ford,F-150 Lariat,2018,65441,Gasoline,325.0HP 2.7L V6 Cylinder Engine Gasoline Fuel,A/T,Gray,Black,None reported,Yes,38000.0,8,7271.222222222223,0,0,4222.222222222223
Porsche,Cayenne Turbo,2020,39611,Gasoline,4.0L V8 32V GDI DOHC Twin Turbo,8-Speed Automatic,Quartzite Grey Metallic,Black,None reported,Unknown,89900.0,6,5658.714285714285,1,0,12842.857142857143
Toyota,Sequoia SR5,2010,154860,Gasoline,310.0HP 4.6L 8 Cylinder Engine Gasoline Fuel,6-Speed A/T,Silver,Gray,None reported,Yes,17900.0,16,9109.411764705883,0,0,1052.9411764705883
Porsche,911 Carrera S,2021,7008,Gasoline,443.0HP 3.0L Flat 6 Cylinder Engine Gasoline Fuel,8-Speed A/T,Gray,Black,Unknown,Unknown,151900.0,5,1168.0,1,1,25316.666666666668
BMW,M8 Gran Coupe Competition,2022,21057,Gasoline,617.0HP 4.4L 8 Cylinder Engine Gasoline Fuel,Transmission w/Dual Shift Mode,Gray,Black,None reported,Yes,99800.0,4,4211.4,1,0,19960.0
Lexus,CT 200h Base,2016,39750,Hybrid,134.0HP 1.8L 4 Cylinder Engine Gas/Electric Hybrid,A/T,Black,Black,None reported,Yes,21995.0,10,3613.6363636363635,1,0,1999.5454545454545
Aston,Martin DB7 Vantage Volante,2003,14900,Gasoline,420.0HP 5.9L 12 Cylinder Engine Gasoline Fuel,6-Speed M/T,White,Beige,Unknown,Unknown,32850.0,23,620.8333333333334,0,1,1368.75
Chevrolet,Impala 2LZ,2018,71312,Gasoline,305.0HP 3.6L V6 Cylinder Engine Gasoline Fuel,6-Speed A/T,Black,Black,None reported,Yes,17899.0,8,7923.555555555556,0,0,1988.7777777777778
Porsche,911 Carrera,2015,43500,Gasoline,350.0HP 3.4L Flat 6 Cylinder Engine Gasoline Fuel,7-Speed A/T,Black,Black,None reported,Yes,66500.0,11,3625.0,1,0,5541.666666666667
BMW,X6 xDrive40i,2020,34000,Gasoline,335.0HP 3.0L Straight 6 Cylinder Engine Gasoline Fuel,8-Speed A/T,White,Brown,None reported,Yes,59335.0,6,4857.142857142857,1,0,8476.42857142857
Subaru,Ascent Touring 7-Passenger,2021,32250,Gasoline,260.0HP 2.4L 4 Cylinder Engine Gasoline Fuel,A/T,Black,Black,At least 1 accident or damage reported,Yes,36000.0,5,5375.0,0,1,6000.0
Volkswagen,Routan SE,2011,194000,Gasoline,283.0HP 3.6L V6 Cylinder Engine Gasoline Fuel,Transmission w/Dual Shift Mode,Black,Gray,At least 1 accident or damage reported,Yes,3500.0,15,12125.0,0,1,218.75
Mercedes-Benz,AMG GLS 63 4MATIC,2023,2000,Hybrid,603.0HP 4.0L 8 Cylinder Engine Gasoline/Mild Electric Hybrid,9-Speed A/T,Gray,Beige,None reported,Yes,175000.0,3,500.0,1,0,43750.0
Mercedes-Benz,E-Class E 300 4MATIC,2018,53705,Gasoline,241.0HP 2.0L 4 Cylinder Engine Gasoline Fuel,A/T,Black,Black,At least 1 accident or damage reported,Yes,25900.0,8,5967.222222222223,1,1,2877.777777777778
Bentley,Continental GT Speed,2023,714,Gasoline,6.0L W12 48V PDI DOHC Twin Turbo,8-Speed Automatic with Auto-Shift,C / C,Hotspur,None reported,Yes,349950.0,3,178.5,0,0,87487.5
Audi,S4 3.0T Premium Plus,2022,10900,Gasoline,349.0HP 3.0L V6 Cylinder Engine Gasoline Fuel,Transmission w/Dual Shift Mode,Black,Black,None reported,Yes,53900.0,4,2180.0,1,0,10780.0
Porsche,Taycan,2022,2116,Gasoline,Electric,Automatic,Black,Black,None reported,Unknown,90998.0,4,423.2,1,0,18199.6
Ford,F-150 Raptor,2020,33000,Gasoline,450.0HP 3.5L V6 Cylinder Engine Gasoline Fuel,A/T,Blue,Black,None reported,Yes,62999.0,6,4714.285714285715,0,0,8999.857142857143
BMW,X3 xDrive30i,2020,43000,Gasoline,248.0HP 2.0L 4 Cylinder Engine Gasoline Fuel,A/T,Gray,Brown,At least 1 accident or damage reported,Yes,40000.0,6,6142.857142857143,1,1,5714.285714285715
